user_id,total_amount,total_real_amount,total_gift_amount,recharge_count,avg_amount,is_first_order,is_big_recharge,register_time,account_type,register_source,register_area,active_cnt,active_type_1_cnt,active_type_2_cnt,active_type_3_cnt,active_type_4_cnt,active_type_5_cnt,active_type_1_amount,active_type_2_amount,active_type_3_amount,active_type_4_amount,active_type_5_amount,active_amount
10010,97,97.97,0.97,1,97.0,1,0,2025-11-19 03:58:36,2,1,China/Zhejiang-Wenzhou,4.0,0.0,0.0,1.0,0.0,3.0,0.0,0.0,736.0,0.0,773.0,1509.0
10068,242,244.42000000000002,2.42,2,121.0,1,0,2025-10-06 05:31:54,4,3,China/Shanghai-Shanghai,3.0,1.0,1.0,1.0,0.0,0.0,269.0,258.0,140.0,0.0,0.0,667.0
10098,260,262.6,2.6,1,260.0,0,0,2025-11-23 16:17:13,1,2,China/Jiangsu-Suzhou,4.0,0.0,2.0,2.0,0.0,0.0,0.0,462.0,1194.0,0.0,0.0,1656.0
10193,354,357.54,3.54,1,354.0,1,0,2025-10-27 12:12:27,3,1,China/Sichuan-Chengdu,3.0,1.0,1.0,1.0,0.0,0.0,103.0,93.0,421.0,0.0,0.0,617.0
10309,221,223.21,2.21,1,221.0,1,0,2025-11-23 06:30:50,2,1,China/Guangdong-Shenzhen,0.0,0.0,0.0,0.0,0.0,0.0,0.0,0.0,0.0,0.0,0.0,0.0
10419,249,251.49,2.49,1,249.0,0,0,2025-12-03 00:44:14,3,1,China/Beijing-Beijing,0.0,0.0,0.0,0.0,0.0,0.0,0.0,0.0,0.0,0.0,0.0,0.0
10494,518,523.18,5.18,2,259.0,1,0,2025-12-21 21:51:43,1,3,China/Guangdong-Shenzhen,3.0,0.0,1.0,1.0,0.0,1.0,0.0,208.0,459.0,0.0,68.0,735.0
10679,117,118.17,1.17,1,117.0,1,0,2025-11-22 21:09:39,2,1,China/Zhejiang-Wenzhou,4.0,0.0,1.0,1.0,1.0,1.0,0.0,137.0,483.0,179.0,17.0,816.0
11046,749,756.49,7.49,3,249.66666666666666,1,0,2025-12-09 12:55:22,3,1,China/Sichuan-Chengdu,0.0,0.0,0.0,0.0,0.0,0.0,0.0,0.0,0.0,0.0,0.0,0.0
11229,92,92.92,0.92,1,92.0,1,0,2025-11-06 03:02:08,2,1,China/Beijing-Beijing,2.0,0.0,0.0,0.0,0.0,2.0,0.0,0.0,0.0,0.0,395.0,395.0
11345,218,220.18,2.18,1,218.0,1,0,2025-12-09 14:14:16,2,1,China/Jiangsu-Suzhou,5.0,2.0,1.0,2.0,0.0,0.0,341.0,255.0,841.0,0.0,0.0,1437.0
11366,718,725.1800000000001,7.18,2,359.0,1,0,2025-10-22 15:15:08,3,1,China/Beijing-Beijing,0.0,0.0,0.0,0.0,0.0,0.0,0.0,0.0,0.0,0.0,0.0,0.0
11436,170468,172172.68,1704.68,13,13112.923076923076,0,1,2025-11-07 09:34:29,2,3,China/Shanghai-Shanghai,8.0,0.0,1.0,5.0,1.0,1.0,0.0,268.0,2497.0,57.0,254.0,3076.0
11549,1009,1019.09,10.09,3,336.3333333333333,1,0,2025-10-15 01:53:24,2,1,China/Sichuan-Chengdu,4.0,0.0,1.0,1.0,1.0,1.0,0.0,279.0,242.0,19.0,193.0,733.0
11646,1515,1530.1499999999999,15.149999999999999,2,757.5,0,0,2025-10-15 01:11:48,2,1,China/Beijing-Beijing,0.0,0.0,0.0,0.0,0.0,0.0,0.0,0.0,0.0,0.0,0.0,0.0
11663,252,254.52,2.52,1,252.0,1,0,2025-12-06 20:38:00,2,1,China/Sichuan-Chengdu,3.0,1.0,2.0,0.0,0.0,0.0,68.0,189.0,0.0,0.0,0.0,257.0
11713,305,308.05,3.05,1,305.0,1,0,2025-11-28 05:31:28,2,1,China/Beijing-Beijing,1.0,0.0,0.0,1.0,0.0,0.0,0.0,0.0,279.0,0.0,0.0,279.0
11723,252,254.51999999999998,2.52,2,126.0,1,0,2025-11-13 09:40:45,2,3,China/Guangdong-Shenzhen,0.0,0.0,0.0,0.0,0.0,0.0,0.0,0.0,0.0,0.0,0.0,0.0
11818,376,379.76,3.7600000000000002,2,188.0,1,0,2025-12-15 05:16:42,2,1,China/Zhejiang-Wenzhou,0.0,0.0,0.0,0.0,0.0,0.0,0.0,0.0,0.0,0.0,0.0,0.0
12113,269,271.69,2.69,1,269.0,1,0,2025-11-22 08:16:22,2,1,China/Jiangsu-Suzhou,1.0,0.0,0.0,0.0,0.0,1.0,0.0,0.0,0.0,0.0,259.0,259.0
12171,153,154.53,1.53,1,153.0,1,0,2025-11-15 08:17:15,4,1,China/Jiangsu-Suzhou,3.0,2.0,1.0,0.0,0.0,0.0,430.0,28.0,0.0,0.0,0.0,458.0
12273,128,129.28,1.28,1,128.0,1,0,2025-10-29 00:28:05,2,1,China/Shanghai-Shanghai,4.0,0.0,1.0,2.0,0.0,1.0,0.0,58.0,1594.0,0.0,135.0,1787.0
12291,938,947.38,9.38,1,938.0,0,0,2025-11-16 15:19:20,1,1,China/Beijing-Beijing,0.0,0.0,0.0,0.0,0.0,0.0,0.0,0.0,0.0,0.0,0.0,0.0
12396,614,620.14,6.140000000000001,2,307.0,0,0,2025-12-11 05:55:06,2,1,China/Zhejiang-Wenzhou,4.0,0.0,2.0,0.0,2.0,0.0,0.0,166.0,0.0,358.0,0.0,524.0
12445,67243,67915.43000000001,672.43,6,11207.166666666666,1,1,2025-11-08 16:58:00,2,3,China/Jiangsu-Suzhou,0.0,0.0,0.0,0.0,0.0,0.0,0.0,0.0,0.0,0.0,0.0,0.0
12489,682,688.82,6.82,2,341.0,1,0,2025-11-01 20:15:10,2,1,China/Shanghai-Shanghai,1.0,0.0,0.0,0.0,0.0,1.0,0.0,0.0,0.0,0.0,287.0,287.0
12582,404,408.04,4.04,1,404.0,1,0,2025-11-13 18:20:30,2,1,China/Jiangsu-Suzhou,2.0,1.0,1.0,0.0,0.0,0.0,299.0,64.0,0.0,0.0,0.0,363.0
12587,375,378.75,3.75,1,375.0,1,0,2025-11-22 18:50:49,2,1,China/Sichuan-Chengdu,5.0,1.0,0.0,2.0,1.0,1.0,119.0,0.0,1681.0,15.0,70.0,1885.0
12734,519,524.19,5.19,1,519.0,0,0,2025-11-29 10:07:07,2,1,China/Zhejiang-Wenzhou,6.0,2.0,4.0,0.0,0.0,0.0,484.0,930.0,0.0,0.0,0.0,1414.0
12801,273,275.73,2.73,1,273.0,0,0,2025-11-12 04:24:16,2,1,China/Shanghai-Shanghai,3.0,0.0,1.0,0.0,0.0,2.0,0.0,62.0,0.0,0.0,348.0,410.0
12861,757,764.5699999999999,7.569999999999999,2,378.5,1,0,2025-10-27 05:41:26,2,1,China/Guangdong-Shenzhen,0.0,0.0,0.0,0.0,0.0,0.0,0.0,0.0,0.0,0.0,0.0,0.0
12885,533,538.33,5.33,1,533.0,1,0,2025-11-30 06:21:04,1,1,China/Guangdong-Shenzhen,3.0,0.0,0.0,2.0,1.0,0.0,0.0,0.0,1746.0,130.0,0.0,1876.0
13140,287,289.87,2.87,1,287.0,1,0,2025-11-06 01:29:57,4,1,China/Shanghai-Shanghai,2.0,1.0,0.0,0.0,1.0,0.0,93.0,0.0,0.0,176.0,0.0,269.0
13262,191880,193798.8,1918.8000000000002,11,17443.636363636364,1,1,2025-11-07 01:40:35,2,3,China/Shanghai-Shanghai,13.0,4.0,2.0,7.0,0.0,0.0,415.0,296.0,3215.0,0.0,0.0,3926.0
13310,257,259.57,2.57,1,257.0,0,0,2025-10-22 02:51:29,2,4,China/Jiangsu-Suzhou,3.0,1.0,2.0,0.0,0.0,0.0,66.0,150.0,0.0,0.0,0.0,216.0
13334,372,375.72,3.72,1,372.0,1,0,2025-11-13 14:59:22,2,1,China/Beijing-Beijing,0.0,0.0,0.0,0.0,0.0,0.0,0.0,0.0,0.0,0.0,0.0,0.0
13565,222,224.22,2.22,1,222.0,1,0,2025-10-17 00:33:14,2,1,China/Beijing-Beijing,2.0,0.0,0.0,1.0,1.0,0.0,0.0,0.0,173.0,254.0,0.0,427.0
13657,108379,109462.79,1083.79,9,12042.111111111111,0,1,2025-11-09 01:42:06,2,3,China/Shanghai-Shanghai,0.0,0.0,0.0,0.0,0.0,0.0,0.0,0.0,0.0,0.0,0.0,0.0
13879,254,256.54,2.54,1,254.0,1,0,2025-10-19 07:11:36,2,1,China/Sichuan-Chengdu,0.0,0.0,0.0,0.0,0.0,0.0,0.0,0.0,0.0,0.0,0.0,0.0
13880,290,292.9,2.9,1,290.0,1,0,2025-12-09 20:37:35,2,1,China/Zhejiang-Wenzhou,3.0,1.0,0.0,2.0,0.0,0.0,153.0,0.0,208.0,0.0,0.0,361.0
13948,281,283.81,2.81,1,281.0,1,0,2025-11-10 09:41:12,2,1,China/Beijing-Beijing,2.0,0.0,1.0,1.0,0.0,0.0,0.0,285.0,864.0,0.0,0.0,1149.0
14057,286,288.86,2.86,1,286.0,1,0,2025-11-07 00:37:42,2,1,China/Jiangsu-Suzhou,1.0,0.0,0.0,0.0,0.0,1.0,0.0,0.0,0.0,0.0,241.0,241.0
14158,175,176.75,1.75,1,175.0,1,0,2025-11-04 12:19:31,2,1,China/Shanghai-Shanghai,5.0,1.0,2.0,0.0,1.0,1.0,39.0,399.0,0.0,223.0,116.0,777.0
14167,354808,358356.08,3548.08,17,20871.058823529413,1,1,2025-11-06 22:03:36,2,1,China/Shanghai-Shanghai,16.0,3.0,1.0,11.0,0.0,1.0,397.0,190.0,6906.0,0.0,11.0,7504.0
14262,282,284.82,2.82,1,282.0,1,0,2025-11-30 07:00:56,2,1,China/Shanghai-Shanghai,0.0,0.0,0.0,0.0,0.0,0.0,0.0,0.0,0.0,0.0,0.0,0.0
14464,671,677.71,6.71,3,223.66666666666666,0,0,2025-10-10 16:18:14,2,1,China/Sichuan-Chengdu,0.0,0.0,0.0,0.0,0.0,0.0,0.0,0.0,0.0,0.0,0.0,0.0
14616,117177,118348.77,1171.77,9,13019.666666666666,1,1,2025-11-06 03:36:16,2,3,China/Shanghai-Shanghai,0.0,0.0,0.0,0.0,0.0,0.0,0.0,0.0,0.0,0.0,0.0,0.0
14675,219364,221557.64,2193.64,14,15668.857142857143,1,1,2025-11-11 22:48:24,2,3,China/Guangdong-Shenzhen,16.0,1.0,2.0,12.0,1.0,0.0,232.0,567.0,9011.0,103.0,0.0,9913.0
14677,2324,2347.24,23.24,4,581.0,1,0,2025-10-20 11:55:38,2,1,China/Shanghai-Shanghai,3.0,1.0,2.0,0.0,0.0,0.0,185.0,226.0,0.0,0.0,0.0,411.0
14714,1179,1190.79,11.79,3,393.0,1,0,2025-11-09 06:48:06,2,1,China/Sichuan-Chengdu,0.0,0.0,0.0,0.0,0.0,0.0,0.0,0.0,0.0,0.0,0.0,0.0
14742,253,255.53,2.53,1,253.0,1,0,2025-12-04 18:54:04,1,4,China/Guangdong-Shenzhen,1.0,1.0,0.0,0.0,0.0,0.0,13.0,0.0,0.0,0.0,0.0,13.0
14910,84,84.84,0.84,1,84.0,1,0,2025-11-17 12:27:44,4,1,China/Sichuan-Chengdu,6.0,1.0,1.0,2.0,1.0,1.0,267.0,61.0,760.0,104.0,84.0,1276.0
14987,255,257.55,2.55,1,255.0,1,0,2025-11-24 16:28:46,2,1,China/Beijing-Beijing,6.0,0.0,0.0,5.0,1.0,0.0,0.0,0.0,1648.0,266.0,0.0,1914.0
15047,65,65.65,0.65,1,65.0,0,0,2025-11-12 09:28:55,2,1,China/Guangdong-Shenzhen,2.0,0.0,0.0,1.0,0.0,1.0,0.0,0.0,36.0,0.0,55.0,91.0
15175,274,276.74,2.74,1,274.0,1,0,2025-11-04 09:26:14,2,1,China/Zhejiang-Wenzhou,2.0,0.0,2.0,0.0,0.0,0.0,0.0,335.0,0.0,0.0,0.0,335.0
15284,291543,294458.43,2915.4300000000003,16,18221.4375,1,1,2025-11-06 05:22:03,2,3,China/Shanghai-Shanghai,0.0,0.0,0.0,0.0,0.0,0.0,0.0,0.0,0.0,0.0,0.0,0.0
15393,360,363.6,3.6,1,360.0,1,0,2025-10-04 19:21:23,2,1,China/Sichuan-Chengdu,3.0,0.0,2.0,0.0,1.0,0.0,0.0,172.0,0.0,38.0,0.0,210.0
15399,334,337.34,3.34,1,334.0,1,0,2025-11-23 09:37:21,1,1,China/Jiangsu-Suzhou,4.0,2.0,0.0,0.0,0.0,2.0,371.0,0.0,0.0,0.0,342.0,713.0
15660,172,173.72,1.72,1,172.0,0,0,2025-10-22 04:55:52,2,1,China/Zhejiang-Wenzhou,2.0,0.0,1.0,0.0,1.0,0.0,0.0,40.0,0.0,235.0,0.0,275.0
15675,245,247.45,2.45,1,245.0,1,0,2025-11-21 01:58:25,2,1,China/Beijing-Beijing,4.0,1.0,1.0,1.0,1.0,0.0,132.0,25.0,22.0,70.0,0.0,249.0
15819,289,291.89,2.89,1,289.0,1,0,2025-11-08 07:23:59,2,1,China/Guangdong-Shenzhen,6.0,3.0,2.0,0.0,0.0,1.0,655.0,431.0,0.0,0.0,264.0,1350.0
15936,118686,119872.85999999999,1186.86,12,9890.5,1,1,2025-11-15 13:30:13,2,3,China/Shanghai-Shanghai,15.0,2.0,2.0,8.0,2.0,1.0,195.0,134.0,5813.0,272.0,297.0,6711.0
16143,206778,208845.78000000003,2067.78,16,12923.625,1,1,2025-11-07 01:42:22,2,3,China/Shanghai-Shanghai,11.0,2.0,3.0,6.0,0.0,0.0,297.0,626.0,3197.0,0.0,0.0,4120.0
16305,163653,165289.53,1636.53,12,13637.75,1,1,2025-11-07 22:45:30,2,3,China/Shanghai-Shanghai,10.0,1.0,1.0,6.0,0.0,2.0,143.0,131.0,3075.0,0.0,434.0,3783.0
16482,142,143.42,1.42,1,142.0,1,0,2025-10-21 21:49:17,2,1,China/Guangdong-Shenzhen,5.0,2.0,1.0,1.0,1.0,0.0,458.0,42.0,378.0,239.0,0.0,1117.0
16650,217,219.17,2.17,1,217.0,1,0,2025-12-03 07:32:03,2,1,China/Sichuan-Chengdu,4.0,1.0,1.0,0.0,2.0,0.0,281.0,270.0,0.0,283.0,0.0,834.0
16741,654,660.54,6.54,2,327.0,1,0,2025-11-07 05:54:12,2,1,China/Beijing-Beijing,5.0,1.0,1.0,1.0,1.0,1.0,225.0,239.0,897.0,150.0,146.0,1657.0
16823,517,522.17,5.17,1,517.0,0,0,2025-10-02 21:13:01,2,1,China/Jiangsu-Suzhou,5.0,2.0,1.0,0.0,2.0,0.0,77.0,141.0,0.0,250.0,0.0,468.0
16983,1690,1706.9,16.9,3,563.3333333333334,1,0,2025-10-21 11:01:49,3,2,China/Zhejiang-Wenzhou,4.0,0.0,0.0,0.0,1.0,3.0,0.0,0.0,0.0,59.0,280.0,339.0
17066,1231,1243.31,12.309999999999999,2,615.5,1,0,2025-10-24 06:55:56,2,1,China/Zhejiang-Wenzhou,2.0,1.0,1.0,0.0,0.0,0.0,202.0,96.0,0.0,0.0,0.0,298.0
17093,274,276.74,2.74,1,274.0,1,0,2025-11-29 12:58:12,2,1,China/Sichuan-Chengdu,2.0,1.0,1.0,0.0,0.0,0.0,105.0,242.0,0.0,0.0,0.0,347.0
17095,214952,217101.52,2149.52,9,23883.555555555555,1,1,2025-11-07 13:25:48,2,3,China/Shanghai-Shanghai,16.0,3.0,0.0,9.0,1.0,3.0,527.0,0.0,5688.0,232.0,404.0,6851.0
17112,203,205.03,2.03,1,203.0,1,0,2025-11-04 00:16:16,1,1,China/Sichuan-Chengdu,5.0,1.0,2.0,0.0,1.0,1.0,53.0,446.0,0.0,145.0,126.0,770.0
17144,817,825.1700000000001,8.17,2,408.5,1,0,2025-11-29 21:59:24,2,1,China/Zhejiang-Wenzhou,0.0,0.0,0.0,0.0,0.0,0.0,0.0,0.0,0.0,0.0,0.0,0.0
17337,863,871.63,8.629999999999999,3,287.6666666666667,1,0,2025-11-30 09:06:22,2,2,China/Zhejiang-Wenzhou,2.0,0.0,1.0,0.0,0.0,1.0,0.0,159.0,0.0,0.0,245.0,404.0
17414,471,475.71000000000004,4.71,2,235.5,1,0,2025-11-29 19:46:54,2,1,China/Shanghai-Shanghai,4.0,1.0,0.0,0.0,1.0,2.0,49.0,0.0,0.0,34.0,308.0,391.0
17522,87,87.87,0.87,1,87.0,0,0,2025-10-30 20:10:06,2,3,China/Beijing-Beijing,1.0,1.0,0.0,0.0,0.0,0.0,176.0,0.0,0.0,0.0,0.0,176.0
17658,548,553.48,5.48,1,548.0,1,0,2025-10-20 20:19:38,2,1,China/Guangdong-Shenzhen,1.0,0.0,1.0,0.0,0.0,0.0,0.0,34.0,0.0,0.0,0.0,34.0
17660,165,166.65,1.65,1,165.0,1,0,2025-11-24 17:24:32,4,1,China/Guangdong-Shenzhen,1.0,0.0,1.0,0.0,0.0,0.0,0.0,54.0,0.0,0.0,0.0,54.0
17819,418,422.17999999999995,4.18,2,209.0,1,0,2025-10-12 12:46:56,2,1,China/Zhejiang-Wenzhou,2.0,0.0,1.0,0.0,0.0,1.0,0.0,112.0,0.0,0.0,89.0,201.0
17850,195447,197401.47,1954.4699999999998,15,13029.8,1,1,2025-11-12 01:39:17,4,3,China/Shanghai-Shanghai,13.0,1.0,2.0,7.0,0.0,3.0,235.0,470.0,4523.0,0.0,277.0,5505.0
17853,346,349.46,3.46,1,346.0,1,0,2025-12-02 14:33:51,2,1,China/Sichuan-Chengdu,0.0,0.0,0.0,0.0,0.0,0.0,0.0,0.0,0.0,0.0,0.0,0.0
18111,295,297.95,2.95,1,295.0,1,0,2025-12-14 09:11:26,2,1,China/Jiangsu-Suzhou,1.0,0.0,0.0,0.0,1.0,0.0,0.0,0.0,0.0,14.0,0.0,14.0
18241,708,715.08,7.08,3,236.0,1,0,2025-12-11 17:11:59,4,1,China/Zhejiang-Wenzhou,5.0,1.0,3.0,0.0,1.0,0.0,213.0,290.0,0.0,279.0,0.0,782.0
18404,220,222.2,2.2,1,220.0,1,0,2025-11-15 01:31:33,2,1,China/Sichuan-Chengdu,4.0,0.0,0.0,4.0,0.0,0.0,0.0,0.0,1696.0,0.0,0.0,1696.0
18465,396,399.96,3.96,1,396.0,1,0,2025-10-01 06:08:37,2,1,China/Shanghai-Shanghai,0.0,0.0,0.0,0.0,0.0,0.0,0.0,0.0,0.0,0.0,0.0,0.0
18480,620,626.2,6.2,1,620.0,1,0,2025-10-27 08:43:07,2,2,China/Sichuan-Chengdu,4.0,2.0,1.0,0.0,0.0,1.0,215.0,35.0,0.0,0.0,106.0,356.0
18585,260806,263414.06,2608.06,9,28978.444444444445,1,1,2025-11-09 04:41:53,2,3,China/Guangdong-Shenzhen,16.0,1.0,0.0,13.0,1.0,1.0,48.0,0.0,8160.0,15.0,173.0,8396.0
18722,210,212.1,2.1,1,210.0,1,0,2025-11-07 14:05:03,2,2,China/Sichuan-Chengdu,4.0,1.0,2.0,0.0,1.0,0.0,228.0,308.0,0.0,250.0,0.0,786.0
18758,244,246.44,2.44,1,244.0,1,0,2025-11-13 16:11:55,2,1,China/Beijing-Beijing,2.0,0.0,0.0,1.0,0.0,1.0,0.0,0.0,424.0,0.0,63.0,487.0
18795,97944,98923.44,979.4399999999999,14,6996.0,1,1,2025-11-12 20:50:37,1,3,China/Shanghai-Shanghai,0.0,0.0,0.0,0.0,0.0,0.0,0.0,0.0,0.0,0.0,0.0,0.0
18810,125,126.25,1.25,1,125.0,1,0,2025-12-07 10:13:16,2,1,China/Sichuan-Chengdu,1.0,1.0,0.0,0.0,0.0,0.0,194.0,0.0,0.0,0.0,0.0,194.0
18831,156,157.56,1.56,1,156.0,1,0,2025-12-06 11:10:39,2,2,China/Beijing-Beijing,3.0,1.0,1.0,0.0,1.0,0.0,273.0,257.0,0.0,79.0,0.0,609.0
19017,1073,1083.73,10.73,2,536.5,1,0,2025-10-14 08:21:29,2,1,China/Sichuan-Chengdu,5.0,1.0,0.0,0.0,1.0,3.0,29.0,0.0,0.0,50.0,583.0,662.0
19164,325,328.25,3.25,1,325.0,1,0,2025-12-02 23:01:57,2,1,China/Shanghai-Shanghai,2.0,0.0,1.0,0.0,1.0,0.0,0.0,147.0,0.0,191.0,0.0,338.0
19431,196990,198959.9,1969.8999999999999,16,12311.875,1,1,2025-11-07 18:00:19,2,3,China/Shanghai-Shanghai,13.0,0.0,0.0,12.0,1.0,0.0,0.0,0.0,7588.0,212.0,0.0,7800.0
19754,395,398.95,3.95,1,395.0,1,0,2025-10-16 02:54:36,2,1,China/Guangdong-Shenzhen,2.0,0.0,0.0,1.0,0.0,1.0,0.0,0.0,630.0,0.0,244.0,874.0
19762,971,980.71,9.71,4,242.75,1,0,2025-11-30 09:03:49,2,1,China/Beijing-Beijing,3.0,0.0,1.0,0.0,2.0,0.0,0.0,174.0,0.0,314.0,0.0,488.0
19949,72108,72829.08,721.08,13,5546.7692307692305,1,1,2025-11-09 11:33:59,2,3,China/Shanghai-Shanghai,14.0,2.0,1.0,11.0,0.0,0.0,134.0,144.0,6500.0,0.0,0.0,6778.0
19999,903,912.03,9.03,2,451.5,1,0,2025-11-19 23:22:23,1,1,China/Shanghai-Shanghai,0.0,0.0,0.0,0.0,0.0,0.0,0.0,0.0,0.0,0.0,0.0,0.0
20224,152,153.52,1.52,1,152.0,1,0,2025-12-21 19:36:11,2,2,China/Sichuan-Chengdu,2.0,0.0,0.0,0.0,2.0,0.0,0.0,0.0,0.0,575.0,0.0,575.0
20283,853,861.53,8.53,2,426.5,1,0,2025-10-02 02:24:10,2,1,China/Zhejiang-Wenzhou,6.0,2.0,3.0,0.0,0.0,1.0,353.0,567.0,0.0,0.0,229.0,1149.0
20477,496,500.96,4.96,1,496.0,1,0,2025-10-23 01:04:49,2,1,China/Sichuan-Chengdu,1.0,0.0,0.0,1.0,0.0,0.0,0.0,0.0,225.0,0.0,0.0,225.0
20548,209,211.09,2.09,2,104.5,0,0,2025-12-14 09:20:09,2,1,China/Jiangsu-Suzhou,0.0,0.0,0.0,0.0,0.0,0.0,0.0,0.0,0.0,0.0,0.0,0.0
20747,486,490.86,4.86,1,486.0,1,0,2025-10-20 22:44:48,2,1,China/Shanghai-Shanghai,7.0,4.0,0.0,0.0,2.0,1.0,598.0,0.0,0.0,444.0,66.0,1108.0
20833,1443,1457.4299999999998,14.43,3,481.0,0,0,2025-11-09 20:20:31,2,1,China/Guangdong-Shenzhen,0.0,0.0,0.0,0.0,0.0,0.0,0.0,0.0,0.0,0.0,0.0,0.0
20840,359,362.59000000000003,3.59,2,179.5,1,0,2025-11-09 21:47:23,2,1,China/Sichuan-Chengdu,3.0,0.0,2.0,0.0,1.0,0.0,0.0,201.0,0.0,142.0,0.0,343.0
20844,303,306.03,3.03,1,303.0,1,0,2025-10-21 19:20:52,2,1,China/Guangdong-Shenzhen,0.0,0.0,0.0,0.0,0.0,0.0,0.0,0.0,0.0,0.0,0.0,0.0
20984,125,126.25,1.25,1,125.0,1,0,2025-11-02 20:07:24,2,3,China/Guangdong-Shenzhen,2.0,0.0,0.0,1.0,1.0,0.0,0.0,0.0,89.0,251.0,0.0,340.0
21162,355,358.55,3.55,2,177.5,1,0,2025-12-05 16:12:25,2,1,China/Guangdong-Shenzhen,1.0,0.0,0.0,0.0,1.0,0.0,0.0,0.0,0.0,144.0,0.0,144.0
21163,888,896.88,8.88,3,296.0,1,0,2025-11-12 12:08:34,3,2,China/Zhejiang-Wenzhou,0.0,0.0,0.0,0.0,0.0,0.0,0.0,0.0,0.0,0.0,0.0,0.0
21259,781,788.81,7.81,2,390.5,0,0,2025-11-11 04:41:27,4,2,China/Sichuan-Chengdu,3.0,0.0,1.0,0.0,1.0,1.0,0.0,59.0,0.0,221.0,300.0,580.0
21389,534,539.34,5.34,1,534.0,1,0,2025-11-15 10:02:46,3,1,China/Jiangsu-Suzhou,5.0,0.0,2.0,0.0,3.0,0.0,0.0,516.0,0.0,328.0,0.0,844.0
21391,225,227.25,2.25,2,112.5,1,0,2025-10-19 11:48:36,2,1,China/Beijing-Beijing,3.0,1.0,0.0,1.0,1.0,0.0,242.0,0.0,676.0,56.0,0.0,974.0
21731,234786,237133.86,2347.86,12,19565.5,0,1,2025-11-10 23:13:15,2,3,China/Shanghai-Shanghai,16.0,1.0,1.0,11.0,1.0,2.0,265.0,107.0,5754.0,17.0,281.0,6424.0
22135,114825,115973.24999999999,1148.25,10,11482.5,0,1,2025-11-11 04:50:12,2,3,China/Beijing-Beijing,9.0,0.0,3.0,4.0,1.0,1.0,0.0,607.0,2086.0,30.0,156.0,2879.0
22190,256,258.56,2.56,1,256.0,1,0,2025-12-08 23:19:29,2,1,China/Guangdong-Shenzhen,3.0,1.0,0.0,0.0,0.0,2.0,48.0,0.0,0.0,0.0,338.0,386.0
22227,251358,253871.58000000002,2513.58,14,17954.14285714286,0,1,2025-11-08 14:19:01,2,3,China/Shanghai-Shanghai,17.0,0.0,3.0,12.0,0.0,2.0,0.0,506.0,8949.0,0.0,373.0,9828.0
22294,165,166.65,1.65,1,165.0,1,0,2025-11-04 20:04:53,2,1,China/Shanghai-Shanghai,5.0,2.0,0.0,2.0,1.0,0.0,343.0,0.0,1227.0,14.0,0.0,1584.0
22329,404,408.04,4.04,1,404.0,1,0,2025-10-23 08:02:03,2,1,China/Jiangsu-Suzhou,5.0,1.0,0.0,3.0,0.0,1.0,198.0,0.0,688.0,0.0,144.0,1030.0
22339,1073,1083.73,10.73,3,357.6666666666667,1,0,2025-10-31 07:30:56,1,1,China/Shanghai-Shanghai,2.0,1.0,0.0,0.0,0.0,1.0,258.0,0.0,0.0,0.0,71.0,329.0
22647,170,171.7,1.7,1,170.0,1,0,2025-11-02 15:53:52,2,1,China/Shanghai-Shanghai,5.0,2.0,1.0,1.0,1.0,0.0,261.0,104.0,219.0,73.0,0.0,657.0
23025,85952,86811.52,859.52,9,9550.222222222223,1,1,2025-11-07 16:45:07,2,3,China/Shanghai-Shanghai,0.0,0.0,0.0,0.0,0.0,0.0,0.0,0.0,0.0,0.0,0.0,0.0
23195,254,256.54,2.54,1,254.0,1,0,2025-10-02 14:37:55,2,1,China/Guangdong-Shenzhen,2.0,0.0,1.0,0.0,0.0,1.0,0.0,275.0,0.0,0.0,98.0,373.0
23357,250605,253111.05000000002,2506.05,17,14741.470588235294,1,1,2025-11-13 13:57:51,2,2,China/Shanghai-Shanghai,16.0,1.0,4.0,10.0,0.0,1.0,20.0,581.0,6405.0,0.0,265.0,7271.0
23499,259820,262418.2,2598.2000000000003,17,15283.529411764706,0,1,2025-11-09 18:24:16,2,3,China/Shanghai-Shanghai,19.0,0.0,3.0,14.0,1.0,1.0,0.0,595.0,9779.0,273.0,194.0,10841.0
23531,129250,130542.5,1292.5,6,21541.666666666668,1,1,2025-11-06 18:52:07,2,3,China/Shanghai-Shanghai,0.0,0.0,0.0,0.0,0.0,0.0,0.0,0.0,0.0,0.0,0.0,0.0
23638,543,548.43,5.43,1,543.0,1,0,2025-11-16 10:15:49,2,1,China/Beijing-Beijing,4.0,2.0,2.0,0.0,0.0,0.0,242.0,399.0,0.0,0.0,0.0,641.0
23789,785,792.85,7.85,1,785.0,1,0,2025-10-13 05:31:13,2,1,China/Shanghai-Shanghai,4.0,3.0,0.0,0.0,1.0,0.0,257.0,0.0,0.0,148.0,0.0,405.0
23956,137728,139105.28,1377.28,10,13772.8,1,1,2025-11-06 21:04:08,3,1,China/Shanghai-Shanghai,13.0,0.0,1.0,9.0,0.0,3.0,0.0,52.0,5813.0,0.0,506.0,6371.0
23985,96396,97359.96,963.96,12,8033.0,0,1,2025-11-10 06:14:14,2,4,China/Shanghai-Shanghai,14.0,2.0,2.0,9.0,1.0,0.0,373.0,540.0,6391.0,262.0,0.0,7566.0
24176,305,308.05,3.05,1,305.0,1,0,2025-11-25 02:31:46,2,1,China/Shanghai-Shanghai,3.0,0.0,1.0,0.0,1.0,1.0,0.0,168.0,0.0,103.0,169.0,440.0
24196,204427,206471.27000000002,2044.27,9,22714.11111111111,1,1,2025-11-08 11:35:02,2,3,China/Shanghai-Shanghai,13.0,0.0,2.0,9.0,0.0,2.0,0.0,253.0,4547.0,0.0,360.0,5160.0
24352,647,653.47,6.47,1,647.0,1,0,2025-10-11 23:02:52,2,1,China/Zhejiang-Wenzhou,4.0,2.0,0.0,0.0,1.0,1.0,312.0,0.0,0.0,72.0,54.0,438.0
24354,283,285.83,2.83,1,283.0,1,0,2025-11-08 00:00:00,2,1,China/Guangdong-Shenzhen,2.0,0.0,0.0,0.0,0.0,2.0,0.0,0.0,0.0,0.0,54.0,54.0
24402,196,197.96,1.96,1,196.0,1,0,2025-11-29 00:24:52,2,1,China/Sichuan-Chengdu,2.0,0.0,2.0,0.0,0.0,0.0,0.0,510.0,0.0,0.0,0.0,510.0
24445,1072,1082.72,10.719999999999999,2,536.0,1,0,2025-10-29 23:00:34,2,4,China/Sichuan-Chengdu,0.0,0.0,0.0,0.0,0.0,0.0,0.0,0.0,0.0,0.0,0.0,0.0
24578,271,273.71,2.71,2,135.5,1,0,2025-10-17 04:48:40,4,1,China/Sichuan-Chengdu,4.0,2.0,0.0,1.0,0.0,1.0,256.0,0.0,103.0,0.0,265.0,624.0
24582,668,674.68,6.68,1,668.0,1,0,2025-11-06 17:23:41,2,2,China/Sichuan-Chengdu,0.0,0.0,0.0,0.0,0.0,0.0,0.0,0.0,0.0,0.0,0.0,0.0
24725,888,896.88,8.88,3,296.0,1,0,2025-10-21 16:31:22,2,2,China/Zhejiang-Wenzhou,0.0,0.0,0.0,0.0,0.0,0.0,0.0,0.0,0.0,0.0,0.0,0.0
24759,558,563.58,5.58,1,558.0,1,0,2025-10-08 01:59:48,2,1,China/Beijing-Beijing,5.0,1.0,2.0,1.0,1.0,0.0,227.0,504.0,806.0,293.0,0.0,1830.0
24905,334,337.34,3.34,1,334.0,1,0,2025-10-21 10:54:37,2,1,China/Shanghai-Shanghai,7.0,2.0,1.0,1.0,2.0,1.0,208.0,230.0,361.0,450.0,44.0,1293.0
25135,217955,220134.55000000002,2179.55,12,18162.916666666668,1,1,2025-11-09 14:45:29,2,3,China/Shanghai-Shanghai,0.0,0.0,0.0,0.0,0.0,0.0,0.0,0.0,0.0,0.0,0.0,0.0
25336,244,246.44,2.44,1,244.0,1,0,2025-11-01 06:00:53,3,1,China/Shanghai-Shanghai,6.0,2.0,1.0,0.0,1.0,2.0,307.0,205.0,0.0,191.0,353.0,1056.0
25339,228244,230526.44,2282.44,16,14265.25,1,1,2025-11-07 08:10:10,2,3,China/Shanghai-Shanghai,10.0,0.0,1.0,9.0,0.0,0.0,0.0,142.0,5149.0,0.0,0.0,5291.0
25405,259,261.59,2.59,1,259.0,0,0,2025-11-30 17:02:18,2,1,China/Beijing-Beijing,9.0,2.0,1.0,2.0,1.0,3.0,308.0,15.0,1336.0,189.0,665.0,2513.0
25525,444,448.44,4.44,2,222.0,1,0,2025-10-13 22:22:27,2,2,China/Sichuan-Chengdu,0.0,0.0,0.0,0.0,0.0,0.0,0.0,0.0,0.0,0.0,0.0,0.0
25536,940,949.4,9.4,2,470.0,1,0,2025-12-05 21:12:39,2,2,China/Zhejiang-Wenzhou,0.0,0.0,0.0,0.0,0.0,0.0,0.0,0.0,0.0,0.0,0.0,0.0
25747,117,118.17,1.17,1,117.0,1,0,2025-10-15 12:32:14,4,3,China/Beijing-Beijing,3.0,0.0,1.0,1.0,0.0,1.0,0.0,76.0,78.0,0.0,214.0,368.0
25783,533,538.33,5.33,1,533.0,1,0,2025-10-20 05:54:53,2,1,China/Jiangsu-Suzhou,5.0,2.0,1.0,2.0,0.0,0.0,528.0,76.0,304.0,0.0,0.0,908.0
25854,378,381.78000000000003,3.7800000000000002,2,189.0,1,0,2025-10-17 13:13:05,2,1,China/Shanghai-Shanghai,2.0,1.0,0.0,1.0,0.0,0.0,267.0,0.0,131.0,0.0,0.0,398.0
25878,240436,242840.36,2404.36,16,15027.25,1,1,2025-11-13 20:39:41,2,3,China/Shanghai-Shanghai,14.0,1.0,0.0,10.0,1.0,2.0,225.0,0.0,6279.0,85.0,255.0,6844.0
25882,608,614.0799999999999,6.08,2,304.0,1,0,2025-10-15 05:15:12,2,1,China/Jiangsu-Suzhou,2.0,1.0,0.0,0.0,1.0,0.0,122.0,0.0,0.0,114.0,0.0,236.0
25885,311,314.11,3.11,1,311.0,1,0,2025-11-13 04:42:34,1,3,China/Zhejiang-Wenzhou,0.0,0.0,0.0,0.0,0.0,0.0,0.0,0.0,0.0,0.0,0.0,0.0
26032,516,521.16,5.16,2,258.0,1,0,2025-12-05 01:29:43,2,2,China/Beijing-Beijing,0.0,0.0,0.0,0.0,0.0,0.0,0.0,0.0,0.0,0.0,0.0,0.0
26075,108,109.08,1.08,1,108.0,0,0,2025-12-02 06:59:20,2,1,China/Zhejiang-Wenzhou,1.0,0.0,0.0,0.0,0.0,1.0,0.0,0.0,0.0,0.0,179.0,179.0
26101,443,447.42999999999995,4.43,2,221.5,0,0,2025-10-07 09:46:56,2,1,China/Zhejiang-Wenzhou,2.0,0.0,1.0,0.0,0.0,1.0,0.0,281.0,0.0,0.0,113.0,394.0
26160,222162,224383.62,2221.62,21,10579.142857142857,1,1,2025-11-11 05:35:23,2,3,China/Shanghai-Shanghai,17.0,0.0,3.0,13.0,1.0,0.0,0.0,559.0,8843.0,163.0,0.0,9565.0
26173,404,408.04,4.04,2,202.0,1,0,2025-11-29 01:35:07,2,1,China/Shanghai-Shanghai,5.0,1.0,1.0,2.0,1.0,0.0,41.0,45.0,872.0,49.0,0.0,1007.0
26508,204871,206919.71,2048.71,11,18624.636363636364,0,1,2025-11-05 02:27:17,2,3,China/Shanghai-Shanghai,13.0,3.0,1.0,9.0,0.0,0.0,416.0,39.0,5044.0,0.0,0.0,5499.0
26775,74,74.74,0.74,1,74.0,0,0,2025-12-09 19:48:48,2,1,China/Jiangsu-Suzhou,4.0,3.0,1.0,0.0,0.0,0.0,257.0,149.0,0.0,0.0,0.0,406.0
27097,201,203.01,2.01,1,201.0,0,0,2025-11-23 07:00:27,1,2,China/Zhejiang-Wenzhou,5.0,1.0,1.0,1.0,0.0,2.0,130.0,259.0,285.0,0.0,242.0,916.0
27742,213895,216033.95,2138.95,12,17824.583333333332,0,1,2025-11-04 18:44:14,2,3,China/Shanghai-Shanghai,13.0,0.0,2.0,8.0,0.0,3.0,0.0,421.0,5218.0,0.0,567.0,6206.0
27765,413,417.13,4.13,2,206.5,1,0,2025-10-02 06:16:21,2,1,China/Shanghai-Shanghai,3.0,1.0,0.0,1.0,0.0,1.0,144.0,0.0,90.0,0.0,213.0,447.0
27795,364,367.64,3.64,1,364.0,1,0,2025-10-31 13:27:53,2,1,China/Guangdong-Shenzhen,4.0,0.0,1.0,1.0,1.0,1.0,0.0,208.0,108.0,37.0,154.0,507.0
27865,162623,164249.23,1626.23,13,12509.461538461539,1,1,2025-11-15 15:16:35,2,3,China/Shanghai-Shanghai,13.0,2.0,0.0,9.0,2.0,0.0,364.0,0.0,5663.0,459.0,0.0,6486.0
28222,637,643.37,6.369999999999999,2,318.5,1,0,2025-10-31 04:19:03,2,1,China/Sichuan-Chengdu,4.0,0.0,1.0,1.0,0.0,2.0,0.0,139.0,438.0,0.0,465.0,1042.0
28340,242,244.42,2.42,1,242.0,1,0,2025-10-18 19:55:51,2,1,China/Jiangsu-Suzhou,3.0,0.0,1.0,1.0,0.0,1.0,0.0,90.0,363.0,0.0,72.0,525.0
28405,922,931.22,9.219999999999999,2,461.0,1,0,2025-10-11 23:17:05,2,4,China/Beijing-Beijing,0.0,0.0,0.0,0.0,0.0,0.0,0.0,0.0,0.0,0.0,0.0,0.0
28505,81729,82546.29,817.29,9,9081.0,1,1,2025-11-08 15:02:51,2,3,China/Shanghai-Shanghai,0.0,0.0,0.0,0.0,0.0,0.0,0.0,0.0,0.0,0.0,0.0,0.0
28564,303,306.03,3.03,1,303.0,1,0,2025-11-10 08:38:36,2,1,China/Beijing-Beijing,4.0,1.0,0.0,0.0,3.0,0.0,235.0,0.0,0.0,774.0,0.0,1009.0
28864,771,778.71,7.71,2,385.5,1,0,2025-10-15 17:42:30,2,1,China/Beijing-Beijing,0.0,0.0,0.0,0.0,0.0,0.0,0.0,0.0,0.0,0.0,0.0,0.0
28876,695,701.95,6.95,2,347.5,0,0,2025-12-15 04:54:07,2,1,China/Shanghai-Shanghai,3.0,0.0,0.0,1.0,1.0,1.0,0.0,0.0,205.0,106.0,26.0,337.0
29191,367,370.67,3.67,1,367.0,1,0,2025-10-09 23:41:21,3,2,China/Zhejiang-Wenzhou,3.0,0.0,0.0,1.0,2.0,0.0,0.0,0.0,70.0,260.0,0.0,330.0
29240,247,249.47,2.47,1,247.0,1,0,2025-11-26 02:25:54,2,1,China/Sichuan-Chengdu,0.0,0.0,0.0,0.0,0.0,0.0,0.0,0.0,0.0,0.0,0.0,0.0
29282,133,134.33,1.33,1,133.0,1,0,2025-11-10 03:56:25,4,2,China/Jiangsu-Suzhou,0.0,0.0,0.0,0.0,0.0,0.0,0.0,0.0,0.0,0.0,0.0,0.0
29387,190351,192254.51,1903.51,14,13596.5,1,1,2025-11-14 05:20:47,2,3,China/Shanghai-Shanghai,13.0,2.0,2.0,6.0,0.0,3.0,216.0,71.0,3583.0,0.0,455.0,4325.0
29565,735,742.35,7.35,2,367.5,1,0,2025-11-13 18:03:01,2,1,China/Beijing-Beijing,3.0,0.0,1.0,0.0,1.0,1.0,0.0,49.0,0.0,250.0,27.0,326.0
29574,268,270.68,2.68,1,268.0,1,0,2025-11-30 20:55:06,2,1,China/Sichuan-Chengdu,1.0,0.0,0.0,1.0,0.0,0.0,0.0,0.0,142.0,0.0,0.0,142.0
29700,585,590.85,5.85,2,292.5,1,0,2025-11-28 05:41:43,2,1,China/Jiangsu-Suzhou,5.0,0.0,1.0,1.0,2.0,1.0,0.0,100.0,456.0,235.0,157.0,948.0
29808,264,266.64,2.64,1,264.0,1,0,2025-11-11 10:09:39,4,1,China/Guangdong-Shenzhen,4.0,0.0,0.0,0.0,1.0,3.0,0.0,0.0,0.0,234.0,222.0,456.0
29849,441171,445582.71,4411.71,20,22058.55,1,1,2025-11-12 09:59:22,1,4,China/Shanghai-Shanghai,13.0,0.0,1.0,12.0,0.0,0.0,0.0,296.0,6309.0,0.0,0.0,6605.0
29859,439,443.39,4.39,1,439.0,1,0,2025-11-20 20:44:07,2,1,China/Sichuan-Chengdu,2.0,1.0,1.0,0.0,0.0,0.0,37.0,114.0,0.0,0.0,0.0,151.0
29992,299,301.99,2.99,2,149.5,1,0,2025-10-12 05:09:32,2,1,China/Shanghai-Shanghai,2.0,0.0,0.0,1.0,0.0,1.0,0.0,0.0,214.0,0.0,14.0,228.0
29995,221155,223366.55,2211.55,18,12286.388888888889,0,1,2025-11-06 12:25:53,2,4,China/Sichuan-Chengdu,0.0,0.0,0.0,0.0,0.0,0.0,0.0,0.0,0.0,0.0,0.0,0.0
30093,206615,208681.15000000002,2066.15,12,17217.916666666668,1,1,2025-11-12 05:33:34,2,3,China/Zhejiang-Wenzhou,12.0,1.0,4.0,6.0,1.0,0.0,149.0,475.0,3606.0,78.0,0.0,4308.0
30132,221,223.21,2.21,1,221.0,1,0,2025-10-29 10:17:42,2,1,China/Shanghai-Shanghai,4.0,0.0,0.0,3.0,1.0,0.0,0.0,0.0,763.0,244.0,0.0,1007.0
30165,364,367.64,3.64,1,364.0,1,0,2025-11-27 16:56:25,2,4,China/Shanghai-Shanghai,0.0,0.0,0.0,0.0,0.0,0.0,0.0,0.0,0.0,0.0,0.0,0.0
30166,415,419.15,4.15,1,415.0,1,0,2025-10-09 20:42:41,1,1,China/Shanghai-Shanghai,2.0,0.0,0.0,1.0,1.0,0.0,0.0,0.0,457.0,270.0,0.0,727.0
30273,132,133.32,1.32,1,132.0,1,0,2025-10-02 10:26:50,2,1,China/Sichuan-Chengdu,0.0,0.0,0.0,0.0,0.0,0.0,0.0,0.0,0.0,0.0,0.0,0.0
30465,337,340.37,3.37,1,337.0,0,0,2025-10-14 06:35:51,2,1,China/Jiangsu-Suzhou,0.0,0.0,0.0,0.0,0.0,0.0,0.0,0.0,0.0,0.0,0.0,0.0
30527,295,297.95,2.95,1,295.0,1,0,2025-10-30 07:16:54,2,1,China/Zhejiang-Wenzhou,2.0,0.0,1.0,0.0,0.0,1.0,0.0,64.0,0.0,0.0,243.0,307.0
30542,341,344.41,3.41,1,341.0,1,0,2025-11-15 05:15:55,2,1,China/Zhejiang-Wenzhou,6.0,1.0,1.0,1.0,0.0,3.0,300.0,245.0,387.0,0.0,690.0,1622.0
30543,477,481.77,4.77,1,477.0,1,0,2025-10-09 19:32:04,3,1,China/Beijing-Beijing,0.0,0.0,0.0,0.0,0.0,0.0,0.0,0.0,0.0,0.0,0.0,0.0
30601,1105,1116.05,11.05,3,368.3333333333333,1,0,2025-11-18 23:01:39,2,3,China/Sichuan-Chengdu,4.0,2.0,2.0,0.0,0.0,0.0,164.0,255.0,0.0,0.0,0.0,419.0
30871,547,552.47,5.47,1,547.0,1,0,2025-11-07 04:08:03,2,3,China/Zhejiang-Wenzhou,0.0,0.0,0.0,0.0,0.0,0.0,0.0,0.0,0.0,0.0,0.0,0.0
31002,155,156.55,1.55,1,155.0,1,0,2025-12-02 12:45:01,2,1,China/Guangdong-Shenzhen,6.0,3.0,1.0,1.0,0.0,1.0,602.0,159.0,621.0,0.0,278.0,1660.0
31039,430,434.3,4.3,1,430.0,1,0,2025-10-12 19:05:05,2,2,China/Zhejiang-Wenzhou,3.0,0.0,2.0,0.0,1.0,0.0,0.0,278.0,0.0,187.0,0.0,465.0
31343,318,321.18,3.18,1,318.0,1,0,2025-11-05 07:32:01,2,1,China/Shanghai-Shanghai,5.0,2.0,1.0,1.0,0.0,1.0,376.0,116.0,927.0,0.0,41.0,1460.0
31403,479,483.78999999999996,4.79,2,239.5,1,0,2025-11-05 23:12:13,2,4,China/Jiangsu-Suzhou,1.0,0.0,1.0,0.0,0.0,0.0,0.0,151.0,0.0,0.0,0.0,151.0
31431,1421,1435.21,14.21,2,710.5,1,0,2025-11-28 07:08:24,2,1,China/Jiangsu-Suzhou,0.0,0.0,0.0,0.0,0.0,0.0,0.0,0.0,0.0,0.0,0.0,0.0
31558,756,763.5600000000001,7.5600000000000005,2,378.0,1,0,2025-11-14 01:57:33,2,1,China/Sichuan-Chengdu,3.0,1.0,1.0,1.0,0.0,0.0,77.0,120.0,30.0,0.0,0.0,227.0
31646,1632,1648.3200000000002,16.32,3,544.0,1,0,2025-10-04 05:01:16,2,1,China/Jiangsu-Suzhou,2.0,1.0,0.0,0.0,1.0,0.0,120.0,0.0,0.0,197.0,0.0,317.0
31689,1101,1112.01,11.01,3,367.0,1,0,2025-11-26 14:21:21,2,1,China/Jiangsu-Suzhou,0.0,0.0,0.0,0.0,0.0,0.0,0.0,0.0,0.0,0.0,0.0,0.0
31731,117,118.17,1.17,1,117.0,0,0,2025-11-19 15:13:41,2,1,China/Shanghai-Shanghai,5.0,2.0,1.0,1.0,1.0,0.0,402.0,144.0,250.0,209.0,0.0,1005.0
31920,307,310.07,3.07,1,307.0,0,0,2025-11-02 01:43:20,2,4,China/Guangdong-Shenzhen,4.0,1.0,1.0,1.0,0.0,1.0,206.0,57.0,74.0,0.0,85.0,422.0
31958,200,202.0,2.0,1,200.0,1,0,2025-11-11 00:55:24,2,1,China/Sichuan-Chengdu,5.0,1.0,1.0,0.0,1.0,2.0,158.0,243.0,0.0,195.0,145.0,741.0
31974,382,385.82,3.82,1,382.0,1,0,2025-12-05 07:08:05,3,1,China/Sichuan-Chengdu,2.0,2.0,0.0,0.0,0.0,0.0,178.0,0.0,0.0,0.0,0.0,178.0
32046,533,538.3299999999999,5.33,3,177.66666666666666,1,0,2025-11-09 10:49:53,2,1,China/Sichuan-Chengdu,1.0,0.0,0.0,0.0,0.0,1.0,0.0,0.0,0.0,0.0,128.0,128.0
32271,576,581.76,5.76,1,576.0,1,0,2025-12-02 04:04:57,3,1,China/Beijing-Beijing,2.0,0.0,1.0,1.0,0.0,0.0,0.0,255.0,257.0,0.0,0.0,512.0
32375,128,129.28,1.28,1,128.0,0,0,2025-12-04 07:44:43,2,1,China/Shanghai-Shanghai,3.0,3.0,0.0,0.0,0.0,0.0,394.0,0.0,0.0,0.0,0.0,394.0
32387,387,390.87,3.87,2,193.5,1,0,2025-11-16 18:13:43,2,1,China/Beijing-Beijing,5.0,2.0,1.0,0.0,1.0,1.0,198.0,140.0,0.0,211.0,103.0,652.0
32462,244949,247398.49,2449.49,10,24494.9,1,1,2025-11-04 17:10:04,2,3,China/Shanghai-Shanghai,13.0,1.0,1.0,8.0,1.0,2.0,105.0,50.0,4721.0,67.0,427.0,5370.0
32467,36600,36966.0,366.0,8,4575.0,0,1,2025-11-13 12:30:15,2,3,China/Shanghai-Shanghai,0.0,0.0,0.0,0.0,0.0,0.0,0.0,0.0,0.0,0.0,0.0,0.0
32660,201,203.01,2.01,1,201.0,1,0,2025-12-13 11:52:33,2,3,China/Guangdong-Shenzhen,0.0,0.0,0.0,0.0,0.0,0.0,0.0,0.0,0.0,0.0,0.0,0.0
32772,274452,277196.52,2744.52,17,16144.235294117647,1,1,2025-11-14 00:35:47,2,4,China/Shanghai-Shanghai,12.0,2.0,5.0,4.0,1.0,0.0,519.0,1102.0,2294.0,234.0,0.0,4149.0
32874,134,135.34,1.34,1,134.0,1,0,2025-10-29 22:53:35,2,1,China/Shanghai-Shanghai,6.0,0.0,0.0,1.0,3.0,2.0,0.0,0.0,744.0,503.0,139.0,1386.0
32913,367,370.67,3.67,1,367.0,1,0,2025-10-03 03:13:41,2,1,China/Beijing-Beijing,4.0,1.0,0.0,1.0,2.0,0.0,242.0,0.0,698.0,499.0,0.0,1439.0
33107,293,295.93,2.93,2,146.5,1,0,2025-11-17 01:08:37,2,1,China/Beijing-Beijing,3.0,0.0,3.0,0.0,0.0,0.0,0.0,388.0,0.0,0.0,0.0,388.0
33352,92554,93479.54000000001,925.54,11,8414.0,0,1,2025-11-12 21:04:49,2,3,China/Shanghai-Shanghai,15.0,1.0,1.0,11.0,1.0,1.0,285.0,81.0,6765.0,74.0,77.0,7282.0
33388,805,813.05,8.05,1,805.0,1,0,2025-12-03 20:32:35,2,1,China/Guangdong-Shenzhen,7.0,0.0,1.0,2.0,1.0,3.0,0.0,270.0,1442.0,179.0,375.0,2266.0
33456,152,153.52,1.52,1,152.0,1,0,2025-10-25 08:39:39,2,1,China/Zhejiang-Wenzhou,2.0,1.0,1.0,0.0,0.0,0.0,238.0,163.0,0.0,0.0,0.0,401.0
33468,149419,150913.19,1494.19,12,12451.583333333334,1,1,2025-11-08 21:37:15,2,3,China/Shanghai-Shanghai,14.0,2.0,1.0,10.0,0.0,1.0,284.0,51.0,6489.0,0.0,103.0,6927.0
33548,224,226.24,2.24,1,224.0,1,0,2025-10-21 20:47:56,2,2,China/Guangdong-Shenzhen,0.0,0.0,0.0,0.0,0.0,0.0,0.0,0.0,0.0,0.0,0.0,0.0
33607,664,670.64,6.640000000000001,2,332.0,1,0,2025-11-19 18:27:05,2,1,China/Beijing-Beijing,2.0,1.0,0.0,0.0,1.0,0.0,183.0,0.0,0.0,145.0,0.0,328.0
33742,759,766.59,7.59,1,759.0,1,0,2025-11-08 09:26:58,2,2,China/Beijing-Beijing,0.0,0.0,0.0,0.0,0.0,0.0,0.0,0.0,0.0,0.0,0.0,0.0
33784,167428,169102.28,1674.2800000000002,12,13952.333333333334,1,1,2025-11-12 04:08:44,2,3,China/Shanghai-Shanghai,11.0,1.0,0.0,8.0,1.0,1.0,87.0,0.0,4688.0,21.0,129.0,4925.0
33817,860,868.6,8.6,1,860.0,1,0,2025-12-10 22:52:03,3,1,China/Guangdong-Shenzhen,4.0,1.0,1.0,1.0,1.0,0.0,272.0,229.0,874.0,166.0,0.0,1541.0
33840,795,802.95,7.95,3,265.0,1,0,2025-10-14 11:45:39,2,1,China/Jiangsu-Suzhou,1.0,0.0,1.0,0.0,0.0,0.0,0.0,222.0,0.0,0.0,0.0,222.0
33903,217509,219684.09,2175.09,12,18125.75,1,1,2025-11-07 06:56:39,2,3,China/Shanghai-Shanghai,7.0,1.0,3.0,3.0,0.0,0.0,263.0,732.0,1607.0,0.0,0.0,2602.0
34001,59180,59771.8,591.8,7,8454.285714285714,0,1,2025-11-06 21:58:43,2,3,China/Shanghai-Shanghai,14.0,1.0,0.0,11.0,0.0,2.0,28.0,0.0,7191.0,0.0,351.0,7570.0
34232,827,835.27,8.27,1,827.0,1,0,2025-10-20 07:28:26,2,2,China/Guangdong-Shenzhen,1.0,0.0,0.0,0.0,1.0,0.0,0.0,0.0,0.0,207.0,0.0,207.0
34554,416,420.16,4.16,1,416.0,0,0,2025-10-23 21:37:56,2,1,China/Zhejiang-Wenzhou,1.0,0.0,0.0,1.0,0.0,0.0,0.0,0.0,749.0,0.0,0.0,749.0
34579,184737,186584.37,1847.3700000000001,6,30789.5,1,1,2025-11-05 06:55:01,2,3,China/Shanghai-Shanghai,21.0,1.0,2.0,13.0,0.0,5.0,143.0,295.0,8389.0,0.0,555.0,9382.0
34856,912,921.12,9.120000000000001,2,456.0,1,0,2025-10-08 21:13:43,2,1,China/Zhejiang-Wenzhou,3.0,2.0,0.0,0.0,0.0,1.0,313.0,0.0,0.0,0.0,296.0,609.0
34948,349,352.49,3.49,1,349.0,1,0,2025-10-08 02:16:03,2,1,China/Beijing-Beijing,2.0,1.0,0.0,1.0,0.0,0.0,259.0,0.0,834.0,0.0,0.0,1093.0
35081,2084,2104.84,20.84,3,694.6666666666666,1,0,2025-10-04 00:14:02,2,1,China/Guangdong-Shenzhen,0.0,0.0,0.0,0.0,0.0,0.0,0.0,0.0,0.0,0.0,0.0,0.0
35340,377,380.77,3.77,1,377.0,1,0,2025-10-24 10:20:20,2,2,China/Sichuan-Chengdu,6.0,2.0,2.0,0.0,1.0,1.0,371.0,222.0,0.0,159.0,62.0,814.0
35446,205,207.05,2.05,1,205.0,0,0,2025-10-22 05:46:08,2,1,China/Guangdong-Shenzhen,3.0,1.0,2.0,0.0,0.0,0.0,56.0,432.0,0.0,0.0,0.0,488.0
35463,490,494.9,4.8999999999999995,2,245.0,1,0,2025-11-24 09:02:08,2,4,China/Guangdong-Shenzhen,3.0,0.0,0.0,0.0,3.0,0.0,0.0,0.0,0.0,540.0,0.0,540.0
35627,109953,111052.53,1099.53,12,9162.75,0,1,2025-11-06 01:28:39,2,1,China/Shanghai-Shanghai,19.0,1.0,1.0,16.0,1.0,0.0,42.0,113.0,10536.0,141.0,0.0,10832.0
35694,339,342.39,3.39,1,339.0,1,0,2025-10-03 18:21:18,2,1,China/Beijing-Beijing,0.0,0.0,0.0,0.0,0.0,0.0,0.0,0.0,0.0,0.0,0.0,0.0
35750,95681,96637.81,956.8100000000001,9,10631.222222222223,1,1,2025-11-09 21:56:00,2,3,China/Shanghai-Shanghai,17.0,0.0,2.0,13.0,1.0,1.0,0.0,196.0,8320.0,163.0,218.0,8897.0
35930,984,993.84,9.84,2,492.0,1,0,2025-11-20 10:03:58,4,3,China/Shanghai-Shanghai,2.0,1.0,1.0,0.0,0.0,0.0,72.0,106.0,0.0,0.0,0.0,178.0
36088,640,646.4,6.4,1,640.0,1,0,2025-10-29 00:46:04,2,1,China/Shanghai-Shanghai,5.0,1.0,3.0,0.0,0.0,1.0,148.0,386.0,0.0,0.0,289.0,823.0
36647,816,824.1599999999999,8.16,3,272.0,1,0,2025-10-17 17:55:36,2,1,China/Jiangsu-Suzhou,5.0,3.0,1.0,0.0,0.0,1.0,323.0,289.0,0.0,0.0,200.0,812.0
36662,352,355.52,3.52,1,352.0,0,0,2025-11-25 00:26:56,2,2,China/Zhejiang-Wenzhou,3.0,0.0,0.0,1.0,0.0,2.0,0.0,0.0,888.0,0.0,425.0,1313.0
36755,231,233.31,2.31,1,231.0,1,0,2025-10-08 08:47:42,2,1,China/Sichuan-Chengdu,0.0,0.0,0.0,0.0,0.0,0.0,0.0,0.0,0.0,0.0,0.0,0.0
36977,504,509.04,5.04,1,504.0,1,0,2025-11-19 21:06:40,4,4,China/Zhejiang-Wenzhou,1.0,0.0,0.0,0.0,1.0,0.0,0.0,0.0,0.0,195.0,0.0,195.0
37000,254,256.54,2.54,1,254.0,1,0,2025-10-19 01:15:13,1,1,China/Shanghai-Shanghai,3.0,1.0,1.0,1.0,0.0,0.0,186.0,236.0,289.0,0.0,0.0,711.0
37023,229,231.29,2.29,1,229.0,1,0,2025-11-03 03:01:19,2,1,China/Guangdong-Shenzhen,1.0,0.0,1.0,0.0,0.0,0.0,0.0,147.0,0.0,0.0,0.0,147.0
37107,519,524.19,5.19,1,519.0,1,0,2025-11-04 14:55:41,2,1,China/Shanghai-Shanghai,0.0,0.0,0.0,0.0,0.0,0.0,0.0,0.0,0.0,0.0,0.0,0.0
37156,347,350.47,3.47,1,347.0,1,0,2025-12-13 04:48:49,2,1,China/Jiangsu-Suzhou,2.0,0.0,0.0,1.0,0.0,1.0,0.0,0.0,163.0,0.0,50.0,213.0
37167,374724,378471.24,3747.24,15,24981.6,1,1,2025-11-09 01:34:27,2,4,China/Guangdong-Shenzhen,17.0,2.0,1.0,12.0,0.0,2.0,505.0,76.0,5782.0,0.0,280.0,6643.0
37220,214,216.14,2.14,1,214.0,1,0,2025-11-17 00:33:31,2,1,China/Jiangsu-Suzhou,1.0,0.0,1.0,0.0,0.0,0.0,0.0,283.0,0.0,0.0,0.0,283.0
37258,98337,99320.37,983.37,13,7564.384615384615,1,1,2025-11-10 15:15:55,2,3,China/Shanghai-Shanghai,11.0,0.0,1.0,10.0,0.0,0.0,0.0,201.0,7171.0,0.0,0.0,7372.0
37284,136,137.36,1.36,1,136.0,1,0,2025-10-26 16:56:22,1,1,China/Sichuan-Chengdu,2.0,0.0,0.0,0.0,1.0,1.0,0.0,0.0,0.0,169.0,263.0,432.0
37418,892,900.92,8.92,1,892.0,1,0,2025-11-14 14:29:42,2,1,China/Beijing-Beijing,5.0,2.0,0.0,3.0,0.0,0.0,261.0,0.0,1911.0,0.0,0.0,2172.0
37451,87,87.87,0.87,1,87.0,1,0,2025-10-03 18:18:08,2,1,China/Shanghai-Shanghai,3.0,1.0,1.0,0.0,0.0,1.0,131.0,28.0,0.0,0.0,227.0,386.0
37579,197,198.97,1.97,1,197.0,0,0,2025-12-07 07:36:05,2,1,China/Zhejiang-Wenzhou,0.0,0.0,0.0,0.0,0.0,0.0,0.0,0.0,0.0,0.0,0.0,0.0
37583,354,357.54,3.54,1,354.0,1,0,2025-10-24 17:30:27,2,1,China/Zhejiang-Wenzhou,8.0,3.0,2.0,2.0,1.0,0.0,511.0,358.0,1131.0,55.0,0.0,2055.0
37655,196420,198384.2,1964.2,15,13094.666666666666,1,1,2025-11-07 02:42:58,2,1,China/Shanghai-Shanghai,12.0,0.0,2.0,7.0,1.0,2.0,0.0,240.0,4508.0,97.0,220.0,5065.0
37884,112,113.12,1.12,1,112.0,1,0,2025-10-12 22:50:36,2,1,China/Jiangsu-Suzhou,0.0,0.0,0.0,0.0,0.0,0.0,0.0,0.0,0.0,0.0,0.0,0.0
38014,66,66.66,0.66,1,66.0,1,0,2025-11-14 05:49:05,2,1,China/Zhejiang-Wenzhou,1.0,0.0,1.0,0.0,0.0,0.0,0.0,259.0,0.0,0.0,0.0,259.0
38088,606,612.06,6.0600000000000005,2,303.0,0,0,2025-10-07 17:52:26,2,1,China/Jiangsu-Suzhou,3.0,0.0,1.0,1.0,0.0,1.0,0.0,273.0,87.0,0.0,35.0,395.0
38152,286,288.86,2.86,1,286.0,1,0,2025-10-23 13:00:48,2,1,China/Shanghai-Shanghai,0.0,0.0,0.0,0.0,0.0,0.0,0.0,0.0,0.0,0.0,0.0,0.0
38212,186,187.86,1.86,1,186.0,1,0,2025-11-10 08:20:06,2,1,China/Jiangsu-Suzhou,3.0,1.0,0.0,0.0,2.0,0.0,264.0,0.0,0.0,269.0,0.0,533.0
38278,291,293.91,2.91,1,291.0,1,0,2025-10-09 01:23:34,2,1,China/Zhejiang-Wenzhou,1.0,1.0,0.0,0.0,0.0,0.0,78.0,0.0,0.0,0.0,0.0,78.0
38297,598,603.98,5.98,2,299.0,1,0,2025-11-15 19:52:00,2,1,China/Beijing-Beijing,3.0,3.0,0.0,0.0,0.0,0.0,571.0,0.0,0.0,0.0,0.0,571.0
38400,260,262.6,2.6,1,260.0,1,0,2025-11-15 13:00:44,2,1,China/Zhejiang-Wenzhou,3.0,1.0,0.0,0.0,1.0,1.0,172.0,0.0,0.0,262.0,72.0,506.0
38411,140,141.4,1.4,1,140.0,1,0,2025-10-18 07:00:36,2,1,China/Beijing-Beijing,3.0,2.0,0.0,0.0,0.0,1.0,314.0,0.0,0.0,0.0,45.0,359.0
38457,398,401.98,3.98,2,199.0,1,0,2025-12-17 14:15:53,2,1,China/Guangdong-Shenzhen,0.0,0.0,0.0,0.0,0.0,0.0,0.0,0.0,0.0,0.0,0.0,0.0
38516,1266,1278.66,12.66,1,1266.0,1,0,2025-10-10 06:13:08,2,1,China/Jiangsu-Suzhou,1.0,0.0,0.0,0.0,1.0,0.0,0.0,0.0,0.0,48.0,0.0,48.0
38520,399,402.99,3.99,1,399.0,1,0,2025-12-02 06:51:39,2,2,China/Beijing-Beijing,1.0,0.0,0.0,0.0,0.0,1.0,0.0,0.0,0.0,0.0,272.0,272.0
38553,473,477.73,4.73,1,473.0,0,0,2025-12-09 21:02:35,2,3,China/Zhejiang-Wenzhou,5.0,2.0,1.0,2.0,0.0,0.0,314.0,257.0,456.0,0.0,0.0,1027.0
38556,65354,66007.54000000001,653.54,8,8169.25,1,1,2025-11-11 02:30:09,2,3,China/Jiangsu-Suzhou,0.0,0.0,0.0,0.0,0.0,0.0,0.0,0.0,0.0,0.0,0.0,0.0
38977,747,754.47,7.47,2,373.5,1,0,2025-10-03 02:01:23,2,1,China/Guangdong-Shenzhen,2.0,0.0,0.0,2.0,0.0,0.0,0.0,0.0,903.0,0.0,0.0,903.0
39032,365,368.65,3.65,1,365.0,1,0,2025-12-24 08:32:33,3,1,China/Shanghai-Shanghai,0.0,0.0,0.0,0.0,0.0,0.0,0.0,0.0,0.0,0.0,0.0,0.0
39158,165,166.65,1.65,1,165.0,1,0,2025-11-02 13:07:14,2,4,China/Guangdong-Shenzhen,4.0,0.0,1.0,1.0,2.0,0.0,0.0,178.0,573.0,294.0,0.0,1045.0
39213,308,311.08,3.08,1,308.0,1,0,2025-10-29 12:52:07,2,1,China/Sichuan-Chengdu,3.0,1.0,1.0,0.0,1.0,0.0,284.0,160.0,0.0,254.0,0.0,698.0
39217,568,573.68,5.68,1,568.0,1,0,2025-11-15 16:00:41,2,1,China/Guangdong-Shenzhen,1.0,1.0,0.0,0.0,0.0,0.0,290.0,0.0,0.0,0.0,0.0,290.0
39255,656,662.56,6.56,1,656.0,0,0,2025-12-19 20:41:51,2,1,China/Shanghai-Shanghai,3.0,1.0,1.0,0.0,1.0,0.0,35.0,299.0,0.0,103.0,0.0,437.0
39352,188,189.88,1.88,1,188.0,1,0,2025-10-23 20:20:00,2,2,China/Beijing-Beijing,4.0,1.0,1.0,0.0,2.0,0.0,269.0,134.0,0.0,480.0,0.0,883.0
39400,323,326.23,3.23,1,323.0,1,0,2025-10-22 10:06:44,4,1,China/Jiangsu-Suzhou,2.0,1.0,0.0,1.0,0.0,0.0,149.0,0.0,80.0,0.0,0.0,229.0
39402,90371,91274.71,903.71,7,12910.142857142857,0,1,2025-11-13 15:14:48,2,3,China/Shanghai-Shanghai,13.0,0.0,1.0,9.0,1.0,2.0,0.0,129.0,5171.0,236.0,314.0,5850.0
39611,116549,117714.49,1165.49,18,6474.944444444444,1,1,2025-11-09 22:32:21,2,3,China/Shanghai-Shanghai,17.0,2.0,2.0,11.0,1.0,1.0,434.0,278.0,7725.0,300.0,78.0,8815.0
39638,229,231.29,2.29,1,229.0,1,0,2025-12-07 11:23:03,2,1,China/Sichuan-Chengdu,3.0,1.0,0.0,0.0,1.0,1.0,109.0,0.0,0.0,277.0,43.0,429.0
39754,184811,186659.11,1848.1100000000001,14,13200.785714285714,0,1,2025-11-05 10:19:15,2,1,China/Shanghai-Shanghai,14.0,1.0,3.0,8.0,1.0,1.0,221.0,333.0,4144.0,41.0,214.0,4953.0
39802,154,155.54,1.54,1,154.0,1,0,2025-12-11 15:46:31,2,1,China/Zhejiang-Wenzhou,6.0,0.0,1.0,2.0,1.0,2.0,0.0,112.0,465.0,115.0,470.0,1162.0
39934,1113,1124.13,11.13,3,371.0,1,0,2025-11-13 10:02:17,2,4,China/Sichuan-Chengdu,4.0,0.0,2.0,2.0,0.0,0.0,0.0,317.0,152.0,0.0,0.0,469.0
40245,564,569.64,5.64,1,564.0,0,0,2025-10-13 07:17:31,2,1,China/Jiangsu-Suzhou,6.0,1.0,0.0,2.0,0.0,3.0,34.0,0.0,375.0,0.0,347.0,756.0
40284,180816,182624.16,1808.16,11,16437.81818181818,1,1,2025-11-07 13:18:19,1,3,China/Shanghai-Shanghai,12.0,0.0,0.0,9.0,1.0,2.0,0.0,0.0,4168.0,109.0,423.0,4700.0
40472,207817,209895.17,2078.17,14,14844.07142857143,0,1,2025-11-10 03:32:54,2,3,China/Shanghai-Shanghai,16.0,2.0,1.0,10.0,2.0,1.0,563.0,161.0,5509.0,503.0,45.0,6781.0
40579,406,410.05999999999995,4.06,3,135.33333333333334,1,0,2025-11-10 14:34:19,2,1,China/Guangdong-Shenzhen,2.0,1.0,1.0,0.0,0.0,0.0,192.0,133.0,0.0,0.0,0.0,325.0
40587,634,640.3399999999999,6.34,2,317.0,1,0,2025-10-14 08:06:21,2,1,China/Sichuan-Chengdu,3.0,1.0,0.0,1.0,1.0,0.0,152.0,0.0,84.0,222.0,0.0,458.0
40597,540,545.4,5.4,1,540.0,1,0,2025-11-05 08:16:43,2,1,China/Beijing-Beijing,2.0,1.0,0.0,0.0,1.0,0.0,137.0,0.0,0.0,184.0,0.0,321.0
40691,687,693.87,6.869999999999999,2,343.5,0,0,2025-11-20 22:35:17,2,1,China/Guangdong-Shenzhen,4.0,0.0,1.0,0.0,1.0,2.0,0.0,289.0,0.0,178.0,195.0,662.0
40933,277,279.77,2.77,1,277.0,1,0,2025-10-31 07:32:43,2,1,China/Zhejiang-Wenzhou,3.0,0.0,0.0,2.0,1.0,0.0,0.0,0.0,1186.0,111.0,0.0,1297.0
41067,615,621.1500000000001,6.15,2,307.5,1,0,2025-10-22 17:34:36,1,1,China/Sichuan-Chengdu,2.0,0.0,1.0,0.0,1.0,0.0,0.0,102.0,0.0,293.0,0.0,395.0
41223,65025,65675.25,650.25,11,5911.363636363636,1,1,2025-11-05 15:42:58,2,3,China/Shanghai-Shanghai,18.0,1.0,5.0,10.0,0.0,2.0,139.0,691.0,6183.0,0.0,383.0,7396.0
41247,389,392.89,3.8899999999999997,2,194.5,1,0,2025-11-04 00:23:49,2,1,China/Beijing-Beijing,0.0,0.0,0.0,0.0,0.0,0.0,0.0,0.0,0.0,0.0,0.0,0.0
41370,139,140.39,1.39,1,139.0,1,0,2025-11-28 13:04:20,2,1,China/Shanghai-Shanghai,7.0,4.0,1.0,1.0,1.0,0.0,769.0,172.0,87.0,211.0,0.0,1239.0
41570,636,642.36,6.36,1,636.0,0,0,2025-12-08 15:56:05,2,1,China/Shanghai-Shanghai,2.0,0.0,0.0,1.0,1.0,0.0,0.0,0.0,175.0,135.0,0.0,310.0
41595,241,243.41,2.41,1,241.0,1,0,2025-10-07 11:10:46,2,1,China/Zhejiang-Wenzhou,1.0,1.0,0.0,0.0,0.0,0.0,234.0,0.0,0.0,0.0,0.0,234.0
41813,412,416.12,4.12,1,412.0,1,0,2025-10-05 16:19:53,2,1,China/Jiangsu-Suzhou,0.0,0.0,0.0,0.0,0.0,0.0,0.0,0.0,0.0,0.0,0.0,0.0
41825,413,417.13,4.13,1,413.0,0,0,2025-11-26 16:36:07,2,3,China/Jiangsu-Suzhou,5.0,1.0,1.0,0.0,1.0,2.0,108.0,292.0,0.0,150.0,364.0,914.0
41948,916,925.1600000000001,9.16,2,458.0,1,0,2025-12-06 00:44:12,3,1,China/Beijing-Beijing,3.0,0.0,0.0,2.0,0.0,1.0,0.0,0.0,754.0,0.0,106.0,860.0
41984,259,261.59,2.59,1,259.0,1,0,2025-11-16 13:18:28,2,1,China/Guangdong-Shenzhen,3.0,1.0,1.0,0.0,1.0,0.0,39.0,77.0,0.0,247.0,0.0,363.0
41995,149833,151331.33000000002,1498.33,16,9364.5625,1,1,2025-11-12 04:57:34,2,1,China/Shanghai-Shanghai,11.0,2.0,1.0,5.0,1.0,2.0,358.0,260.0,2341.0,223.0,391.0,3573.0
42018,260,262.6,2.6,1,260.0,1,0,2025-11-07 11:43:26,2,1,China/Jiangsu-Suzhou,1.0,1.0,0.0,0.0,0.0,0.0,129.0,0.0,0.0,0.0,0.0,129.0
42454,550,555.5,5.5,2,275.0,1,0,2025-10-14 21:01:46,2,1,China/Shanghai-Shanghai,3.0,1.0,2.0,0.0,0.0,0.0,283.0,324.0,0.0,0.0,0.0,607.0
42463,143,144.43,1.43,1,143.0,1,0,2025-11-14 17:17:38,2,1,China/Sichuan-Chengdu,6.0,0.0,1.0,1.0,3.0,1.0,0.0,253.0,74.0,249.0,196.0,772.0
42495,536,541.36,5.36,2,268.0,1,0,2025-10-16 05:05:14,2,1,China/Sichuan-Chengdu,5.0,0.0,2.0,1.0,2.0,0.0,0.0,316.0,783.0,75.0,0.0,1174.0
42525,160,161.6,1.6,1,160.0,0,0,2025-11-05 14:47:20,1,1,China/Zhejiang-Wenzhou,0.0,0.0,0.0,0.0,0.0,0.0,0.0,0.0,0.0,0.0,0.0,0.0
42719,432,436.32,4.32,1,432.0,1,0,2025-10-09 06:52:51,2,1,China/Shanghai-Shanghai,4.0,1.0,0.0,0.0,1.0,2.0,73.0,0.0,0.0,59.0,290.0,422.0
42776,1657,1673.57,16.57,3,552.3333333333334,1,0,2025-10-25 11:31:16,2,1,China/Shanghai-Shanghai,3.0,0.0,1.0,1.0,1.0,0.0,0.0,44.0,894.0,48.0,0.0,986.0
42987,229146,231437.46,2291.46,12,19095.5,1,1,2025-11-08 15:11:07,2,3,China/Shanghai-Shanghai,13.0,1.0,2.0,7.0,1.0,2.0,210.0,182.0,3925.0,173.0,483.0,4973.0
43215,501,506.01,5.01,2,250.5,1,0,2025-10-29 11:26:15,2,1,China/Guangdong-Shenzhen,3.0,2.0,1.0,0.0,0.0,0.0,352.0,281.0,0.0,0.0,0.0,633.0
43314,182837,184665.37,1828.37,11,16621.545454545456,0,1,2025-11-13 11:02:43,2,3,China/Shanghai-Shanghai,13.0,1.0,1.0,9.0,2.0,0.0,178.0,252.0,5036.0,366.0,0.0,5832.0
43422,206,208.06,2.06,1,206.0,1,0,2025-10-17 23:48:02,2,1,China/Sichuan-Chengdu,4.0,0.0,1.0,3.0,0.0,0.0,0.0,155.0,1915.0,0.0,0.0,2070.0
43463,485,489.85,4.85,1,485.0,1,0,2025-11-29 08:15:06,2,2,China/Shanghai-Shanghai,0.0,0.0,0.0,0.0,0.0,0.0,0.0,0.0,0.0,0.0,0.0,0.0
43568,103888,104926.88,1038.88,12,8657.333333333334,1,1,2025-11-15 07:54:58,2,3,China/Shanghai-Shanghai,15.0,0.0,1.0,12.0,0.0,2.0,0.0,68.0,8742.0,0.0,82.0,8892.0
43598,293,295.93,2.93,1,293.0,1,0,2025-12-25 04:27:23,2,3,China/Shanghai-Shanghai,4.0,2.0,0.0,0.0,1.0,1.0,484.0,0.0,0.0,201.0,34.0,719.0
43785,652,658.52,6.5200000000000005,3,217.33333333333334,1,0,2025-10-28 06:24:02,2,1,China/Shanghai-Shanghai,2.0,0.0,0.0,0.0,1.0,1.0,0.0,0.0,0.0,89.0,65.0,154.0
43902,228,230.28,2.28,1,228.0,1,0,2025-11-09 16:13:03,2,1,China/Jiangsu-Suzhou,0.0,0.0,0.0,0.0,0.0,0.0,0.0,0.0,0.0,0.0,0.0,0.0
44091,103,104.03,1.03,1,103.0,1,0,2025-10-20 05:11:11,3,1,China/Jiangsu-Suzhou,3.0,2.0,0.0,0.0,1.0,0.0,359.0,0.0,0.0,212.0,0.0,571.0
44204,260,262.6,2.6,1,260.0,0,0,2025-11-30 03:11:39,2,1,China/Sichuan-Chengdu,3.0,2.0,0.0,1.0,0.0,0.0,407.0,0.0,577.0,0.0,0.0,984.0
44402,2322,2345.2200000000003,23.22,2,1161.0,1,0,2025-10-16 10:30:47,4,1,China/Guangdong-Shenzhen,3.0,1.0,1.0,0.0,0.0,1.0,185.0,92.0,0.0,0.0,10.0,287.0
45312,190,191.9,1.9,1,190.0,1,0,2025-12-01 09:57:29,2,1,China/Zhejiang-Wenzhou,0.0,0.0,0.0,0.0,0.0,0.0,0.0,0.0,0.0,0.0,0.0,0.0
45313,1920,1939.1999999999998,19.2,3,640.0,1,0,2025-10-30 15:48:33,2,2,China/Guangdong-Shenzhen,5.0,3.0,1.0,0.0,1.0,0.0,501.0,156.0,0.0,285.0,0.0,942.0
45337,589,594.89,5.89,2,294.5,1,0,2025-10-24 03:11:47,2,2,China/Guangdong-Shenzhen,0.0,0.0,0.0,0.0,0.0,0.0,0.0,0.0,0.0,0.0,0.0,0.0
45474,157009,158579.09,1570.0900000000001,9,17445.444444444445,0,1,2025-11-04 22:53:55,2,3,China/Shanghai-Shanghai,0.0,0.0,0.0,0.0,0.0,0.0,0.0,0.0,0.0,0.0,0.0,0.0
45491,107,108.07,1.07,1,107.0,1,0,2025-11-09 09:53:16,2,1,China/Zhejiang-Wenzhou,0.0,0.0,0.0,0.0,0.0,0.0,0.0,0.0,0.0,0.0,0.0,0.0
45494,441,445.41,4.41,1,441.0,1,0,2025-12-09 15:17:28,2,1,China/Shanghai-Shanghai,2.0,1.0,0.0,0.0,0.0,1.0,194.0,0.0,0.0,0.0,175.0,369.0
45715,272797,275524.97,2727.9700000000003,16,17049.8125,1,1,2025-11-12 23:52:35,2,4,China/Shanghai-Shanghai,15.0,1.0,1.0,11.0,1.0,1.0,209.0,66.0,7989.0,128.0,19.0,8411.0
45769,230,232.3,2.3,1,230.0,0,0,2025-10-05 10:35:01,2,3,China/Beijing-Beijing,2.0,1.0,0.0,1.0,0.0,0.0,87.0,0.0,54.0,0.0,0.0,141.0
45938,160,161.6,1.6,1,160.0,1,0,2025-12-02 10:33:14,2,1,China/Beijing-Beijing,7.0,1.0,2.0,1.0,2.0,1.0,48.0,433.0,953.0,266.0,61.0,1761.0
45993,100505,101510.05,1005.05,15,6700.333333333333,0,1,2025-11-12 17:30:09,2,4,China/Beijing-Beijing,15.0,1.0,1.0,10.0,2.0,1.0,272.0,190.0,6461.0,511.0,233.0,7667.0
46216,711,718.11,7.11,1,711.0,1,0,2025-12-16 21:00:20,2,1,China/Sichuan-Chengdu,0.0,0.0,0.0,0.0,0.0,0.0,0.0,0.0,0.0,0.0,0.0,0.0
46220,142,143.42,1.42,1,142.0,1,0,2025-10-20 12:43:13,2,2,China/Jiangsu-Suzhou,4.0,2.0,1.0,1.0,0.0,0.0,248.0,17.0,435.0,0.0,0.0,700.0
46323,174288,176030.88,1742.88,12,14524.0,0,1,2025-11-10 04:22:25,2,1,China/Shanghai-Shanghai,12.0,2.0,1.0,8.0,1.0,0.0,357.0,151.0,4203.0,193.0,0.0,4904.0
46425,384886,388734.86,3848.8599999999997,14,27491.85714285714,1,1,2025-11-15 06:50:20,2,3,China/Guangdong-Shenzhen,12.0,0.0,0.0,9.0,2.0,1.0,0.0,0.0,6150.0,457.0,170.0,6777.0
46766,233,235.33,2.33,1,233.0,0,0,2025-11-23 22:45:56,2,1,China/Zhejiang-Wenzhou,4.0,0.0,0.0,1.0,2.0,1.0,0.0,0.0,172.0,394.0,124.0,690.0
46817,60249,60851.490000000005,602.49,7,8607.0,1,1,2025-11-14 20:56:19,2,3,China/Shanghai-Shanghai,15.0,0.0,2.0,10.0,2.0,1.0,0.0,317.0,6916.0,418.0,70.0,7721.0
46826,332,335.32,3.32,1,332.0,1,0,2025-12-04 15:44:35,2,2,China/Beijing-Beijing,4.0,0.0,2.0,0.0,1.0,1.0,0.0,453.0,0.0,268.0,146.0,867.0
46866,77127,77898.27,771.27,9,8569.666666666666,0,1,2025-11-04 18:55:55,2,3,China/Shanghai-Shanghai,12.0,1.0,2.0,8.0,0.0,1.0,258.0,487.0,4740.0,0.0,24.0,5509.0
47053,216,218.16,2.16,2,108.0,1,0,2025-10-21 04:17:10,2,1,China/Jiangsu-Suzhou,1.0,0.0,0.0,0.0,0.0,1.0,0.0,0.0,0.0,0.0,260.0,260.0
47517,236,238.36,2.36,1,236.0,1,0,2025-11-14 21:58:52,2,1,China/Beijing-Beijing,3.0,2.0,0.0,1.0,0.0,0.0,424.0,0.0,254.0,0.0,0.0,678.0
47971,187349,189222.49,1873.49,9,20816.555555555555,0,1,2025-11-08 08:17:48,2,3,China/Shanghai-Shanghai,0.0,0.0,0.0,0.0,0.0,0.0,0.0,0.0,0.0,0.0,0.0,0.0
48081,117,118.17,1.17,1,117.0,1,0,2025-11-15 19:27:16,2,1,China/Jiangsu-Suzhou,0.0,0.0,0.0,0.0,0.0,0.0,0.0,0.0,0.0,0.0,0.0,0.0
48112,174,175.74,1.74,1,174.0,1,0,2025-10-11 05:01:32,2,1,China/Jiangsu-Suzhou,3.0,2.0,0.0,0.0,0.0,1.0,423.0,0.0,0.0,0.0,215.0,638.0
48203,153,154.53,1.53,1,153.0,1,0,2025-10-26 08:33:33,2,2,China/Jiangsu-Suzhou,4.0,0.0,0.0,0.0,3.0,1.0,0.0,0.0,0.0,589.0,256.0,845.0
48204,248156,250637.56,2481.56,10,24815.6,1,1,2025-11-14 18:59:09,2,4,China/Shanghai-Shanghai,17.0,1.0,5.0,10.0,0.0,1.0,95.0,1023.0,5827.0,0.0,253.0,7198.0
48331,348750,352237.5,3487.5,13,26826.923076923078,1,1,2025-11-08 21:06:00,2,3,China/Beijing-Beijing,16.0,0.0,2.0,12.0,2.0,0.0,0.0,280.0,7445.0,284.0,0.0,8009.0
48651,337,340.37,3.37,1,337.0,1,0,2025-10-26 17:44:12,2,1,China/Jiangsu-Suzhou,6.0,1.0,1.0,4.0,0.0,0.0,31.0,95.0,698.0,0.0,0.0,824.0
48693,160083,161683.83,1600.83,12,13340.25,0,1,2025-11-15 05:35:29,2,3,China/Shanghai-Shanghai,10.0,0.0,1.0,9.0,0.0,0.0,0.0,10.0,5800.0,0.0,0.0,5810.0
48700,342585,346010.85000000003,3425.85,16,21411.5625,1,1,2025-11-10 02:29:43,2,4,China/Shanghai-Shanghai,18.0,3.0,0.0,12.0,2.0,1.0,369.0,0.0,6679.0,460.0,236.0,7744.0
48840,753,760.53,7.53,2,376.5,1,0,2025-11-02 05:09:08,2,1,China/Beijing-Beijing,0.0,0.0,0.0,0.0,0.0,0.0,0.0,0.0,0.0,0.0,0.0,0.0
48851,684,690.84,6.84,2,342.0,1,0,2025-10-27 16:30:53,2,1,China/Zhejiang-Wenzhou,3.0,1.0,0.0,1.0,1.0,0.0,80.0,0.0,337.0,207.0,0.0,624.0
49118,126,127.26,1.26,1,126.0,1,0,2025-11-24 09:54:07,2,1,China/Sichuan-Chengdu,4.0,2.0,2.0,0.0,0.0,0.0,96.0,497.0,0.0,0.0,0.0,593.0
49139,126,127.26,1.26,1,126.0,0,0,2025-11-02 18:20:40,2,1,China/Beijing-Beijing,3.0,0.0,0.0,1.0,0.0,2.0,0.0,0.0,588.0,0.0,258.0,846.0
49173,569,574.69,5.69,1,569.0,1,0,2025-10-28 23:01:20,3,1,China/Sichuan-Chengdu,2.0,1.0,1.0,0.0,0.0,0.0,156.0,79.0,0.0,0.0,0.0,235.0
49201,914,923.14,9.14,2,457.0,1,0,2025-10-18 16:31:12,3,1,China/Sichuan-Chengdu,2.0,1.0,0.0,1.0,0.0,0.0,278.0,0.0,871.0,0.0,0.0,1149.0
49216,738,745.38,7.38,2,369.0,1,0,2025-11-18 01:10:57,2,1,China/Beijing-Beijing,3.0,0.0,0.0,0.0,0.0,3.0,0.0,0.0,0.0,0.0,538.0,538.0
49227,364,367.64,3.64,1,364.0,1,0,2025-10-14 06:58:12,2,1,China/Jiangsu-Suzhou,2.0,1.0,0.0,1.0,0.0,0.0,117.0,0.0,159.0,0.0,0.0,276.0
49355,1641,1657.41,16.41,3,547.0,1,0,2025-11-16 10:32:39,1,3,China/Guangdong-Shenzhen,2.0,0.0,1.0,0.0,1.0,0.0,0.0,87.0,0.0,124.0,0.0,211.0
49364,899,907.99,8.99,2,449.5,1,0,2025-11-26 21:51:45,2,1,China/Zhejiang-Wenzhou,0.0,0.0,0.0,0.0,0.0,0.0,0.0,0.0,0.0,0.0,0.0,0.0
49393,111,112.11,1.11,1,111.0,1,0,2025-11-23 05:33:41,2,1,China/Guangdong-Shenzhen,2.0,1.0,0.0,0.0,0.0,1.0,32.0,0.0,0.0,0.0,144.0,176.0
49506,480,484.8,4.8,1,480.0,1,0,2025-12-01 14:01:18,2,3,China/Beijing-Beijing,5.0,1.0,1.0,1.0,0.0,2.0,236.0,299.0,532.0,0.0,250.0,1317.0
49691,1038,1048.38,10.38,5,207.6,1,0,2025-10-11 07:35:42,2,1,China/Jiangsu-Suzhou,2.0,1.0,0.0,0.0,1.0,0.0,93.0,0.0,0.0,195.0,0.0,288.0
49928,262033,264653.33,2620.33,16,16377.0625,1,1,2025-11-06 17:09:14,2,3,China/Shanghai-Shanghai,21.0,2.0,3.0,14.0,2.0,0.0,523.0,529.0,8511.0,341.0,0.0,9904.0
50082,161982,163601.82,1619.8200000000002,14,11570.142857142857,1,1,2025-11-12 03:18:58,2,3,China/Shanghai-Shanghai,15.0,2.0,0.0,12.0,0.0,1.0,283.0,0.0,8863.0,0.0,149.0,9295.0
50208,834,842.34,8.34,2,417.0,1,0,2025-12-19 21:23:56,2,1,China/Shanghai-Shanghai,0.0,0.0,0.0,0.0,0.0,0.0,0.0,0.0,0.0,0.0,0.0,0.0
50226,452,456.52,4.52,1,452.0,1,0,2025-11-15 01:27:41,2,1,China/Beijing-Beijing,3.0,0.0,0.0,1.0,1.0,1.0,0.0,0.0,41.0,113.0,178.0,332.0
50286,641,647.41,6.41,1,641.0,1,0,2025-11-15 14:14:42,2,1,China/Zhejiang-Wenzhou,4.0,0.0,1.0,0.0,1.0,2.0,0.0,221.0,0.0,88.0,420.0,729.0
50302,417,421.17,4.17,2,208.5,1,0,2025-10-15 08:41:34,2,1,China/Shanghai-Shanghai,1.0,0.0,1.0,0.0,0.0,0.0,0.0,183.0,0.0,0.0,0.0,183.0
50390,300,303.0,3.0,2,150.0,1,0,2025-11-16 15:35:23,4,2,China/Shanghai-Shanghai,0.0,0.0,0.0,0.0,0.0,0.0,0.0,0.0,0.0,0.0,0.0,0.0
50444,255,257.55,2.55,1,255.0,1,0,2025-11-06 05:27:12,2,1,China/Beijing-Beijing,1.0,0.0,1.0,0.0,0.0,0.0,0.0,14.0,0.0,0.0,0.0,14.0
50587,618,624.1800000000001,6.18,2,309.0,1,0,2025-11-25 21:29:31,2,1,China/Beijing-Beijing,6.0,2.0,2.0,0.0,1.0,1.0,301.0,205.0,0.0,249.0,106.0,861.0
50726,363478,367112.78,3634.78,13,27959.846153846152,1,1,2025-11-08 02:16:59,2,2,China/Shanghai-Shanghai,21.0,1.0,3.0,14.0,2.0,1.0,217.0,353.0,9329.0,468.0,104.0,10471.0
50873,239,241.39,2.39,1,239.0,1,0,2025-11-11 14:08:36,2,1,China/Beijing-Beijing,0.0,0.0,0.0,0.0,0.0,0.0,0.0,0.0,0.0,0.0,0.0,0.0
50960,294,296.94,2.94,1,294.0,0,0,2025-10-27 08:01:55,2,1,China/Shanghai-Shanghai,1.0,0.0,0.0,1.0,0.0,0.0,0.0,0.0,197.0,0.0,0.0,197.0
50966,1013,1023.1300000000001,10.13,2,506.5,1,0,2025-12-06 23:32:20,2,1,China/Jiangsu-Suzhou,3.0,0.0,1.0,1.0,0.0,1.0,0.0,112.0,520.0,0.0,127.0,759.0
50974,309,312.09,3.09,1,309.0,0,0,2025-10-19 13:50:36,2,2,China/Sichuan-Chengdu,4.0,0.0,1.0,0.0,2.0,1.0,0.0,105.0,0.0,156.0,283.0,544.0
51059,184,185.84,1.84,1,184.0,0,0,2025-12-17 23:25:54,1,1,China/Shanghai-Shanghai,4.0,0.0,0.0,2.0,2.0,0.0,0.0,0.0,506.0,228.0,0.0,734.0
51120,965,974.65,9.65,3,321.6666666666667,1,0,2025-10-21 20:54:59,2,1,China/Jiangsu-Suzhou,0.0,0.0,0.0,0.0,0.0,0.0,0.0,0.0,0.0,0.0,0.0,0.0
51279,301267,304279.67,3012.67,15,20084.466666666667,1,1,2025-11-15 08:26:07,2,3,China/Beijing-Beijing,11.0,1.0,0.0,7.0,2.0,1.0,102.0,0.0,4604.0,136.0,156.0,4998.0
51306,326,329.26,3.26,1,326.0,1,0,2025-11-08 09:14:40,2,1,China/Zhejiang-Wenzhou,0.0,0.0,0.0,0.0,0.0,0.0,0.0,0.0,0.0,0.0,0.0,0.0
51486,166,167.66,1.66,1,166.0,1,0,2025-11-15 04:45:37,2,1,China/Guangdong-Shenzhen,5.0,1.0,1.0,1.0,1.0,1.0,156.0,132.0,880.0,208.0,211.0,1587.0
51829,115,116.15,1.15,1,115.0,1,0,2025-10-20 12:31:55,2,1,China/Zhejiang-Wenzhou,0.0,0.0,0.0,0.0,0.0,0.0,0.0,0.0,0.0,0.0,0.0,0.0
51975,391,394.91,3.91,2,195.5,1,0,2025-12-13 12:00:47,2,1,China/Sichuan-Chengdu,2.0,1.0,0.0,0.0,1.0,0.0,108.0,0.0,0.0,230.0,0.0,338.0
52018,189,190.89,1.89,1,189.0,0,0,2025-11-26 14:13:42,2,1,China/Zhejiang-Wenzhou,2.0,0.0,0.0,0.0,1.0,1.0,0.0,0.0,0.0,50.0,270.0,320.0
52281,804,812.04,8.04,3,268.0,1,0,2025-10-30 05:17:33,2,1,China/Jiangsu-Suzhou,0.0,0.0,0.0,0.0,0.0,0.0,0.0,0.0,0.0,0.0,0.0,0.0
52315,94354,95297.54,943.54,11,8577.636363636364,1,1,2025-11-10 09:25:31,2,3,China/Shanghai-Shanghai,19.0,2.0,2.0,11.0,2.0,2.0,300.0,435.0,7097.0,309.0,210.0,8351.0
52445,720,727.2,7.2,2,360.0,0,0,2025-10-31 11:31:53,2,3,China/Jiangsu-Suzhou,0.0,0.0,0.0,0.0,0.0,0.0,0.0,0.0,0.0,0.0,0.0,0.0
52494,359,362.59,3.59,1,359.0,1,0,2025-10-29 13:53:51,2,2,China/Jiangsu-Suzhou,0.0,0.0,0.0,0.0,0.0,0.0,0.0,0.0,0.0,0.0,0.0,0.0
52525,164,165.64,1.64,1,164.0,1,0,2025-12-02 14:54:22,2,2,China/Guangdong-Shenzhen,1.0,1.0,0.0,0.0,0.0,0.0,271.0,0.0,0.0,0.0,0.0,271.0
52923,187272,189144.72,1872.72,14,13376.57142857143,1,1,2025-11-14 17:31:31,1,3,China/Shanghai-Shanghai,16.0,3.0,1.0,8.0,3.0,1.0,436.0,292.0,6064.0,451.0,300.0,7543.0
52940,104,105.04,1.04,1,104.0,1,0,2025-12-15 16:31:01,2,1,China/Beijing-Beijing,6.0,1.0,2.0,1.0,1.0,1.0,25.0,123.0,710.0,23.0,79.0,960.0
53123,76,76.76,0.76,1,76.0,1,0,2025-10-03 09:03:23,2,1,China/Guangdong-Shenzhen,2.0,0.0,0.0,0.0,1.0,1.0,0.0,0.0,0.0,250.0,280.0,530.0
53155,307,310.07,3.07,1,307.0,1,0,2025-10-25 22:51:20,3,2,China/Zhejiang-Wenzhou,4.0,0.0,1.0,2.0,1.0,0.0,0.0,78.0,765.0,284.0,0.0,1127.0
53185,914,923.14,9.14,1,914.0,1,0,2025-11-03 20:17:25,2,1,China/Sichuan-Chengdu,5.0,3.0,1.0,1.0,0.0,0.0,454.0,211.0,217.0,0.0,0.0,882.0
53298,367,370.67,3.67,1,367.0,1,0,2025-10-13 20:39:15,4,1,China/Beijing-Beijing,1.0,0.0,1.0,0.0,0.0,0.0,0.0,208.0,0.0,0.0,0.0,208.0
53411,114397,115540.97,1143.97,12,9533.083333333334,1,1,2025-11-09 06:53:16,2,3,China/Shanghai-Shanghai,0.0,0.0,0.0,0.0,0.0,0.0,0.0,0.0,0.0,0.0,0.0,0.0
53477,396,399.96,3.96,1,396.0,1,0,2025-11-09 11:04:48,4,1,China/Shanghai-Shanghai,0.0,0.0,0.0,0.0,0.0,0.0,0.0,0.0,0.0,0.0,0.0,0.0
53522,190,191.9,1.9,1,190.0,1,0,2025-11-16 23:46:25,2,1,China/Shanghai-Shanghai,4.0,1.0,0.0,0.0,0.0,3.0,240.0,0.0,0.0,0.0,591.0,831.0
53525,786,793.86,7.86,2,393.0,1,0,2025-11-29 18:36:27,2,1,China/Sichuan-Chengdu,2.0,0.0,0.0,0.0,2.0,0.0,0.0,0.0,0.0,462.0,0.0,462.0
53612,913,922.13,9.13,1,913.0,1,0,2025-10-29 20:06:33,2,1,China/Jiangsu-Suzhou,7.0,1.0,2.0,1.0,1.0,2.0,43.0,192.0,438.0,146.0,320.0,1139.0
53682,557,562.5699999999999,5.57,2,278.5,1,0,2025-11-25 06:41:07,1,4,China/Sichuan-Chengdu,3.0,0.0,1.0,0.0,1.0,1.0,0.0,205.0,0.0,249.0,211.0,665.0
54028,978,987.78,9.780000000000001,2,489.0,1,0,2025-12-06 17:46:03,2,1,China/Guangdong-Shenzhen,0.0,0.0,0.0,0.0,0.0,0.0,0.0,0.0,0.0,0.0,0.0,0.0
54029,131,132.31,1.31,1,131.0,1,0,2025-10-07 07:18:17,2,1,China/Zhejiang-Wenzhou,8.0,2.0,3.0,1.0,1.0,1.0,361.0,391.0,258.0,81.0,121.0,1212.0
54147,416580,420745.8,4165.8,15,27772.0,1,1,2025-11-12 21:56:34,2,3,China/Shanghai-Shanghai,16.0,2.0,1.0,12.0,1.0,0.0,295.0,31.0,8633.0,94.0,0.0,9053.0
54433,71603,72319.03,716.03,11,6509.363636363636,0,1,2025-11-12 00:29:30,2,3,China/Beijing-Beijing,15.0,2.0,2.0,9.0,0.0,2.0,408.0,496.0,5629.0,0.0,202.0,6735.0
54546,839,847.39,8.39,1,839.0,0,0,2025-11-10 01:00:34,1,1,China/Guangdong-Shenzhen,4.0,2.0,2.0,0.0,0.0,0.0,401.0,137.0,0.0,0.0,0.0,538.0
54691,842,850.4200000000001,8.42,2,421.0,1,0,2025-11-13 19:18:41,3,1,China/Zhejiang-Wenzhou,0.0,0.0,0.0,0.0,0.0,0.0,0.0,0.0,0.0,0.0,0.0,0.0
54738,104194,105235.94,1041.94,10,10419.4,0,1,2025-11-08 15:27:49,2,2,China/Shanghai-Shanghai,20.0,1.0,2.0,16.0,1.0,0.0,79.0,454.0,11280.0,89.0,0.0,11902.0
54844,469,473.69,4.69,2,234.5,1,0,2025-10-02 08:55:12,2,1,China/Sichuan-Chengdu,3.0,1.0,0.0,1.0,1.0,0.0,180.0,0.0,157.0,137.0,0.0,474.0
54888,482,486.82,4.82,1,482.0,0,0,2025-11-13 00:21:22,2,1,China/Zhejiang-Wenzhou,4.0,1.0,2.0,0.0,1.0,0.0,125.0,483.0,0.0,77.0,0.0,685.0
54969,421,425.21,4.21,2,210.5,1,0,2025-12-01 02:13:54,2,1,China/Shanghai-Shanghai,0.0,0.0,0.0,0.0,0.0,0.0,0.0,0.0,0.0,0.0,0.0,0.0
55172,371,374.71,3.71,2,185.5,1,0,2025-12-08 18:07:12,1,1,China/Shanghai-Shanghai,4.0,0.0,1.0,1.0,1.0,1.0,0.0,73.0,125.0,130.0,111.0,439.0
55365,395,398.95,3.95,2,197.5,1,0,2025-10-26 08:41:05,2,1,China/Beijing-Beijing,0.0,0.0,0.0,0.0,0.0,0.0,0.0,0.0,0.0,0.0,0.0,0.0
55474,263,265.63,2.63,1,263.0,1,0,2025-10-29 12:45:38,2,4,China/Zhejiang-Wenzhou,1.0,0.0,0.0,1.0,0.0,0.0,0.0,0.0,152.0,0.0,0.0,152.0
55545,1019,1029.19,10.19,2,509.5,0,0,2025-11-27 01:14:31,2,1,China/Jiangsu-Suzhou,1.0,0.0,0.0,0.0,0.0,1.0,0.0,0.0,0.0,0.0,171.0,171.0
55622,36501,36866.01,365.01,10,3650.1,1,1,2025-11-07 19:42:56,2,3,China/Shanghai-Shanghai,18.0,2.0,0.0,14.0,0.0,2.0,364.0,0.0,9752.0,0.0,286.0,10402.0
55822,234,236.34,2.34,1,234.0,1,0,2025-11-26 03:47:36,2,1,China/Guangdong-Shenzhen,1.0,0.0,0.0,1.0,0.0,0.0,0.0,0.0,875.0,0.0,0.0,875.0
55869,329,332.29,3.29,1,329.0,1,0,2025-11-01 22:47:43,2,1,China/Guangdong-Shenzhen,7.0,3.0,1.0,2.0,1.0,0.0,584.0,159.0,1058.0,24.0,0.0,1825.0
55912,371,374.71,3.71,1,371.0,1,0,2025-11-11 08:32:49,2,2,China/Guangdong-Shenzhen,4.0,1.0,1.0,1.0,0.0,1.0,246.0,64.0,471.0,0.0,268.0,1049.0
56045,1278,1290.78,12.78,2,639.0,1,0,2025-10-01 05:01:25,2,1,China/Beijing-Beijing,5.0,0.0,1.0,0.0,3.0,1.0,0.0,240.0,0.0,525.0,77.0,842.0
56086,480,484.8,4.8,3,160.0,1,0,2025-11-28 04:51:10,2,3,China/Shanghai-Shanghai,4.0,1.0,1.0,0.0,1.0,1.0,175.0,245.0,0.0,132.0,232.0,784.0
56177,84,84.84,0.84,1,84.0,1,0,2025-11-23 23:58:52,2,1,China/Shanghai-Shanghai,4.0,2.0,0.0,1.0,0.0,1.0,336.0,0.0,663.0,0.0,204.0,1203.0
56257,252,254.52,2.52,1,252.0,1,0,2025-10-15 08:47:18,2,1,China/Sichuan-Chengdu,3.0,2.0,1.0,0.0,0.0,0.0,254.0,132.0,0.0,0.0,0.0,386.0
56296,444,448.44,4.44,1,444.0,1,0,2025-10-25 18:49:21,2,1,China/Shanghai-Shanghai,0.0,0.0,0.0,0.0,0.0,0.0,0.0,0.0,0.0,0.0,0.0,0.0
56384,168,169.68,1.68,1,168.0,1,0,2025-12-13 12:31:34,3,1,China/Jiangsu-Suzhou,0.0,0.0,0.0,0.0,0.0,0.0,0.0,0.0,0.0,0.0,0.0,0.0
56496,341,344.41,3.41,1,341.0,1,0,2025-11-19 04:24:54,2,1,China/Beijing-Beijing,4.0,2.0,1.0,0.0,0.0,1.0,96.0,17.0,0.0,0.0,221.0,334.0
56671,325,328.25,3.25,1,325.0,1,0,2025-11-07 16:36:24,2,1,China/Beijing-Beijing,4.0,1.0,1.0,2.0,0.0,0.0,231.0,62.0,667.0,0.0,0.0,960.0
56688,216,218.16,2.16,1,216.0,1,0,2025-11-11 09:23:31,3,1,China/Zhejiang-Wenzhou,2.0,1.0,0.0,1.0,0.0,0.0,124.0,0.0,252.0,0.0,0.0,376.0
56832,764,771.6400000000001,7.64,2,382.0,1,0,2025-10-20 10:30:38,2,1,China/Shanghai-Shanghai,2.0,0.0,1.0,0.0,1.0,0.0,0.0,144.0,0.0,296.0,0.0,440.0
57130,84322,85165.22,843.22,9,9369.111111111111,1,1,2025-11-14 18:17:48,2,3,China/Shanghai-Shanghai,15.0,1.0,5.0,9.0,0.0,0.0,156.0,986.0,3871.0,0.0,0.0,5013.0
57238,122,123.22,1.22,1,122.0,1,0,2025-12-14 07:19:09,2,3,China/Beijing-Beijing,0.0,0.0,0.0,0.0,0.0,0.0,0.0,0.0,0.0,0.0,0.0,0.0
57258,131,132.31,1.31,1,131.0,0,0,2025-11-30 05:12:24,2,1,China/Jiangsu-Suzhou,0.0,0.0,0.0,0.0,0.0,0.0,0.0,0.0,0.0,0.0,0.0,0.0
57302,168951,170640.51,1689.51,9,18772.333333333332,1,1,2025-11-06 03:13:34,2,3,China/Guangdong-Shenzhen,18.0,3.0,1.0,13.0,1.0,0.0,170.0,170.0,8811.0,64.0,0.0,9215.0
57491,514,519.14,5.14,1,514.0,1,0,2025-12-01 15:15:12,2,1,China/Jiangsu-Suzhou,0.0,0.0,0.0,0.0,0.0,0.0,0.0,0.0,0.0,0.0,0.0,0.0
57499,480,484.79999999999995,4.8,2,240.0,1,0,2025-10-04 23:35:03,2,1,China/Jiangsu-Suzhou,2.0,1.0,0.0,1.0,0.0,0.0,180.0,0.0,816.0,0.0,0.0,996.0
57728,225484,227738.84,2254.84,18,12526.888888888889,1,1,2025-11-10 05:59:37,2,1,China/Shanghai-Shanghai,13.0,2.0,1.0,7.0,0.0,3.0,421.0,152.0,3769.0,0.0,488.0,4830.0
57801,625,631.25,6.25,2,312.5,1,0,2025-11-04 20:53:42,2,1,China/Sichuan-Chengdu,1.0,0.0,1.0,0.0,0.0,0.0,0.0,136.0,0.0,0.0,0.0,136.0
57850,668,674.68,6.68,1,668.0,1,0,2025-11-14 00:22:14,2,2,China/Sichuan-Chengdu,5.0,2.0,1.0,1.0,1.0,0.0,174.0,270.0,141.0,51.0,0.0,636.0
57911,262,264.62,2.62,1,262.0,0,0,2025-10-20 20:28:46,2,1,China/Zhejiang-Wenzhou,3.0,0.0,1.0,0.0,1.0,1.0,0.0,248.0,0.0,279.0,244.0,771.0
58125,138,139.38,1.38,1,138.0,0,0,2025-10-08 09:20:12,2,1,China/Guangdong-Shenzhen,6.0,2.0,3.0,0.0,1.0,0.0,299.0,205.0,0.0,263.0,0.0,767.0
58176,532,537.3199999999999,5.32,2,266.0,0,0,2025-10-09 04:01:06,2,1,China/Zhejiang-Wenzhou,1.0,0.0,0.0,0.0,1.0,0.0,0.0,0.0,0.0,295.0,0.0,295.0
58312,418,422.18,4.18,1,418.0,1,0,2025-10-31 05:55:36,4,2,China/Zhejiang-Wenzhou,7.0,0.0,2.0,1.0,2.0,2.0,0.0,525.0,460.0,495.0,169.0,1649.0
58348,870,878.7,8.7,3,290.0,1,0,2025-11-27 15:22:06,2,4,China/Zhejiang-Wenzhou,4.0,2.0,1.0,0.0,0.0,1.0,368.0,282.0,0.0,0.0,287.0,937.0
58392,443,447.43,4.43,1,443.0,1,0,2025-10-23 01:27:58,2,2,China/Guangdong-Shenzhen,0.0,0.0,0.0,0.0,0.0,0.0,0.0,0.0,0.0,0.0,0.0,0.0
58595,261,263.61,2.61,1,261.0,1,0,2025-10-01 06:46:16,4,3,China/Jiangsu-Suzhou,2.0,0.0,1.0,0.0,1.0,0.0,0.0,289.0,0.0,16.0,0.0,305.0
58623,573,578.73,5.73,2,286.5,1,0,2025-11-13 08:17:16,2,1,China/Sichuan-Chengdu,6.0,0.0,2.0,0.0,3.0,1.0,0.0,371.0,0.0,358.0,179.0,908.0
58656,346,349.46,3.46,1,346.0,1,0,2025-12-12 12:44:45,2,1,China/Zhejiang-Wenzhou,4.0,1.0,2.0,1.0,0.0,0.0,276.0,404.0,803.0,0.0,0.0,1483.0
58660,172,173.72,1.72,1,172.0,1,0,2025-11-09 13:09:27,2,1,China/Sichuan-Chengdu,0.0,0.0,0.0,0.0,0.0,0.0,0.0,0.0,0.0,0.0,0.0,0.0
58679,296,298.96000000000004,2.96,2,148.0,1,0,2025-11-06 00:50:25,2,1,China/Jiangsu-Suzhou,4.0,1.0,2.0,0.0,0.0,1.0,36.0,374.0,0.0,0.0,289.0,699.0
58700,443,447.43,4.43,1,443.0,1,0,2025-12-06 05:18:38,2,2,China/Shanghai-Shanghai,5.0,2.0,0.0,0.0,1.0,2.0,475.0,0.0,0.0,207.0,304.0,986.0
58733,814,822.1400000000001,8.14,3,271.3333333333333,1,0,2025-10-26 09:03:31,2,1,China/Sichuan-Chengdu,3.0,1.0,0.0,1.0,0.0,1.0,237.0,0.0,562.0,0.0,195.0,994.0
58999,203,205.03,2.03,1,203.0,1,0,2025-10-01 04:26:22,2,1,China/Zhejiang-Wenzhou,2.0,1.0,0.0,0.0,0.0,1.0,260.0,0.0,0.0,0.0,262.0,522.0
59163,289,291.89,2.89,1,289.0,1,0,2025-10-18 14:30:15,2,1,China/Zhejiang-Wenzhou,0.0,0.0,0.0,0.0,0.0,0.0,0.0,0.0,0.0,0.0,0.0,0.0
59215,265471,268125.71,2654.71,14,18962.214285714286,1,1,2025-11-07 06:13:42,2,3,China/Shanghai-Shanghai,20.0,1.0,3.0,13.0,3.0,0.0,279.0,278.0,8310.0,470.0,0.0,9337.0
59460,515,520.15,5.15,2,257.5,1,0,2025-10-12 23:00:24,2,1,China/Shanghai-Shanghai,0.0,0.0,0.0,0.0,0.0,0.0,0.0,0.0,0.0,0.0,0.0,0.0
59605,68846,69534.45999999999,688.46,8,8605.75,0,1,2025-11-09 07:08:37,2,3,China/Shanghai-Shanghai,13.0,1.0,0.0,12.0,0.0,0.0,265.0,0.0,6370.0,0.0,0.0,6635.0
59614,945,954.45,9.45,2,472.5,0,0,2025-11-01 18:03:59,2,2,China/Shanghai-Shanghai,0.0,0.0,0.0,0.0,0.0,0.0,0.0,0.0,0.0,0.0,0.0,0.0
59669,256719,259286.18999999997,2567.19,15,17114.6,0,1,2025-11-06 10:25:25,2,3,China/Jiangsu-Suzhou,14.0,0.0,0.0,12.0,2.0,0.0,0.0,0.0,7709.0,266.0,0.0,7975.0
59679,217,219.17,2.17,1,217.0,1,0,2025-10-25 21:25:08,2,1,China/Jiangsu-Suzhou,3.0,1.0,2.0,0.0,0.0,0.0,238.0,437.0,0.0,0.0,0.0,675.0
59699,410,414.1,4.1,1,410.0,1,0,2025-11-23 23:08:00,2,1,China/Sichuan-Chengdu,2.0,1.0,0.0,1.0,0.0,0.0,178.0,0.0,939.0,0.0,0.0,1117.0
59866,349,352.49,3.49,1,349.0,1,0,2025-11-11 23:28:12,2,1,China/Zhejiang-Wenzhou,0.0,0.0,0.0,0.0,0.0,0.0,0.0,0.0,0.0,0.0,0.0,0.0
59911,858,866.58,8.58,3,286.0,1,0,2025-10-02 23:16:29,2,1,China/Beijing-Beijing,1.0,0.0,1.0,0.0,0.0,0.0,0.0,46.0,0.0,0.0,0.0,46.0
59997,904,913.04,9.04,3,301.3333333333333,1,0,2025-11-17 06:28:34,2,3,China/Guangdong-Shenzhen,2.0,0.0,0.0,0.0,1.0,1.0,0.0,0.0,0.0,134.0,272.0,406.0
60014,621,627.21,6.21,3,207.0,1,0,2025-10-24 04:00:14,1,1,China/Beijing-Beijing,1.0,0.0,0.0,1.0,0.0,0.0,0.0,0.0,135.0,0.0,0.0,135.0
60043,163934,165573.34,1639.34,12,13661.166666666666,1,1,2025-11-11 20:38:45,2,3,China/Shanghai-Shanghai,12.0,2.0,2.0,5.0,2.0,1.0,284.0,521.0,2763.0,394.0,128.0,4090.0
60108,973,982.73,9.73,2,486.5,1,0,2025-10-12 00:18:15,2,2,China/Jiangsu-Suzhou,1.0,0.0,0.0,0.0,1.0,0.0,0.0,0.0,0.0,182.0,0.0,182.0
60206,580,585.8,5.8,1,580.0,1,0,2025-11-16 19:44:05,1,1,China/Jiangsu-Suzhou,7.0,1.0,2.0,2.0,1.0,1.0,22.0,316.0,484.0,129.0,139.0,1090.0
60484,833,841.3299999999999,8.33,2,416.5,1,0,2025-11-23 12:31:13,2,3,China/Jiangsu-Suzhou,3.0,0.0,1.0,1.0,0.0,1.0,0.0,237.0,368.0,0.0,48.0,653.0
60700,738,745.38,7.38,1,738.0,1,0,2025-11-28 08:35:46,2,1,China/Zhejiang-Wenzhou,0.0,0.0,0.0,0.0,0.0,0.0,0.0,0.0,0.0,0.0,0.0,0.0
60712,195,196.95,1.95,1,195.0,1,0,2025-11-08 22:07:29,2,1,China/Sichuan-Chengdu,5.0,2.0,1.0,1.0,1.0,0.0,338.0,10.0,769.0,138.0,0.0,1255.0
60724,211,213.11,2.11,1,211.0,1,0,2025-11-12 18:03:36,2,1,China/Guangdong-Shenzhen,6.0,1.0,1.0,3.0,1.0,0.0,189.0,64.0,897.0,129.0,0.0,1279.0
60792,165,166.65,1.65,1,165.0,1,0,2025-10-12 18:28:03,2,1,China/Guangdong-Shenzhen,2.0,1.0,0.0,1.0,0.0,0.0,241.0,0.0,890.0,0.0,0.0,1131.0
60864,380,383.8,3.8,1,380.0,1,0,2025-10-10 04:19:56,2,1,China/Zhejiang-Wenzhou,2.0,0.0,2.0,0.0,0.0,0.0,0.0,181.0,0.0,0.0,0.0,181.0
60892,351,354.51,3.5100000000000002,2,175.5,1,0,2025-11-10 19:44:36,4,1,China/Zhejiang-Wenzhou,2.0,0.0,0.0,1.0,1.0,0.0,0.0,0.0,385.0,213.0,0.0,598.0
60984,802,810.02,8.02,2,401.0,1,0,2025-10-29 10:46:41,2,4,China/Shanghai-Shanghai,2.0,1.0,0.0,0.0,1.0,0.0,16.0,0.0,0.0,75.0,0.0,91.0
61046,338,341.38,3.38,1,338.0,0,0,2025-11-22 17:23:31,1,1,China/Sichuan-Chengdu,0.0,0.0,0.0,0.0,0.0,0.0,0.0,0.0,0.0,0.0,0.0,0.0
61053,85381,86234.81,853.81,12,7115.083333333333,0,1,2025-11-11 20:10:31,2,3,China/Shanghai-Shanghai,20.0,2.0,0.0,15.0,2.0,1.0,357.0,0.0,9152.0,425.0,158.0,10092.0
61192,319383,322576.83,3193.83,14,22813.071428571428,1,1,2025-11-08 17:51:50,2,1,China/Shanghai-Shanghai,16.0,4.0,2.0,9.0,0.0,1.0,522.0,282.0,5524.0,0.0,14.0,6342.0
61280,713,720.13,7.13,1,713.0,1,0,2025-11-05 07:43:17,2,1,China/Sichuan-Chengdu,0.0,0.0,0.0,0.0,0.0,0.0,0.0,0.0,0.0,0.0,0.0,0.0
61326,123,124.23,1.23,1,123.0,0,0,2025-11-17 21:51:06,2,1,China/Sichuan-Chengdu,4.0,2.0,1.0,0.0,1.0,0.0,429.0,59.0,0.0,214.0,0.0,702.0
61429,946,955.4599999999999,9.46,3,315.3333333333333,1,0,2025-11-25 10:05:32,1,1,China/Sichuan-Chengdu,0.0,0.0,0.0,0.0,0.0,0.0,0.0,0.0,0.0,0.0,0.0,0.0
61693,293,295.93,2.9299999999999997,2,146.5,1,0,2025-12-03 17:37:18,4,1,China/Jiangsu-Suzhou,0.0,0.0,0.0,0.0,0.0,0.0,0.0,0.0,0.0,0.0,0.0,0.0
61703,390,393.9,3.9,1,390.0,1,0,2025-12-04 11:33:33,2,1,China/Guangdong-Shenzhen,7.0,0.0,3.0,1.0,3.0,0.0,0.0,382.0,213.0,363.0,0.0,958.0
61913,793,800.9300000000001,7.93,2,396.5,0,0,2025-11-28 20:34:44,2,1,China/Shanghai-Shanghai,2.0,0.0,0.0,0.0,2.0,0.0,0.0,0.0,0.0,269.0,0.0,269.0
62405,453,457.53,4.53,1,453.0,1,0,2025-11-19 02:41:08,2,2,China/Guangdong-Shenzhen,1.0,0.0,1.0,0.0,0.0,0.0,0.0,69.0,0.0,0.0,0.0,69.0
62486,294,296.94,2.94,1,294.0,1,0,2025-11-13 16:59:26,2,1,China/Jiangsu-Suzhou,0.0,0.0,0.0,0.0,0.0,0.0,0.0,0.0,0.0,0.0,0.0,0.0
62493,1887,1905.87,18.87,4,471.75,1,0,2025-11-05 01:13:00,2,2,China/Beijing-Beijing,1.0,0.0,1.0,0.0,0.0,0.0,0.0,114.0,0.0,0.0,0.0,114.0
62682,250,252.5,2.5,1,250.0,1,0,2025-10-21 18:25:48,2,1,China/Beijing-Beijing,2.0,0.0,0.0,0.0,1.0,1.0,0.0,0.0,0.0,208.0,260.0,468.0
62691,316,319.16,3.16,1,316.0,1,0,2025-11-08 19:22:38,2,1,China/Sichuan-Chengdu,4.0,2.0,0.0,1.0,1.0,0.0,271.0,0.0,109.0,267.0,0.0,647.0
62937,510,515.1,5.1,2,255.0,1,0,2025-10-15 15:35:38,2,2,China/Jiangsu-Suzhou,1.0,0.0,0.0,1.0,0.0,0.0,0.0,0.0,754.0,0.0,0.0,754.0
62986,1199,1210.99,11.99,1,1199.0,1,0,2025-10-24 16:49:22,2,2,China/Guangdong-Shenzhen,0.0,0.0,0.0,0.0,0.0,0.0,0.0,0.0,0.0,0.0,0.0,0.0
63012,213506,215641.06,2135.06,18,11861.444444444445,1,1,2025-11-13 08:30:22,2,3,China/Shanghai-Shanghai,19.0,2.0,1.0,13.0,1.0,2.0,247.0,45.0,8049.0,197.0,355.0,8893.0
63034,323,326.23,3.23,1,323.0,1,0,2025-10-18 05:17:05,2,1,China/Shanghai-Shanghai,5.0,1.0,1.0,3.0,0.0,0.0,103.0,264.0,1227.0,0.0,0.0,1594.0
63265,573,578.73,5.73,2,286.5,1,0,2025-10-11 11:27:47,3,1,China/Sichuan-Chengdu,5.0,2.0,1.0,0.0,1.0,1.0,225.0,296.0,0.0,228.0,26.0,775.0
63286,157,158.57,1.57,1,157.0,1,0,2025-10-03 10:40:29,1,1,China/Shanghai-Shanghai,6.0,1.0,1.0,1.0,1.0,2.0,44.0,104.0,21.0,35.0,322.0,526.0
63325,259,261.59,2.59,1,259.0,0,0,2025-10-26 18:26:05,2,3,China/Shanghai-Shanghai,8.0,2.0,2.0,2.0,1.0,1.0,429.0,382.0,251.0,139.0,10.0,1211.0
63802,1123,1134.23,11.23,3,374.3333333333333,1,0,2025-10-02 10:34:34,2,4,China/Zhejiang-Wenzhou,0.0,0.0,0.0,0.0,0.0,0.0,0.0,0.0,0.0,0.0,0.0,0.0
63886,269,271.69,2.69,1,269.0,1,0,2025-11-20 08:39:08,2,1,China/Sichuan-Chengdu,5.0,0.0,1.0,2.0,0.0,2.0,0.0,283.0,177.0,0.0,214.0,674.0
63898,815,823.1499999999999,8.149999999999999,2,407.5,1,0,2025-11-21 06:01:16,4,1,China/Beijing-Beijing,0.0,0.0,0.0,0.0,0.0,0.0,0.0,0.0,0.0,0.0,0.0,0.0
64066,212,214.12,2.12,1,212.0,1,0,2025-10-30 15:03:30,2,1,China/Guangdong-Shenzhen,1.0,0.0,0.0,1.0,0.0,0.0,0.0,0.0,219.0,0.0,0.0,219.0
64121,577920,583699.2,5779.2,24,24080.0,1,1,2025-11-13 20:24:01,2,4,China/Shanghai-Shanghai,19.0,3.0,2.0,13.0,0.0,1.0,512.0,208.0,7187.0,0.0,259.0,8166.0
64246,106,107.06,1.06,1,106.0,0,0,2025-10-27 15:03:59,2,1,China/Beijing-Beijing,3.0,2.0,0.0,0.0,1.0,0.0,169.0,0.0,0.0,196.0,0.0,365.0
64421,845,853.45,8.45,1,845.0,0,0,2025-11-15 08:42:39,2,1,China/Jiangsu-Suzhou,2.0,0.0,0.0,0.0,1.0,1.0,0.0,0.0,0.0,105.0,120.0,225.0
64591,153,154.53,1.53,1,153.0,1,0,2025-11-16 00:16:43,2,1,China/Beijing-Beijing,0.0,0.0,0.0,0.0,0.0,0.0,0.0,0.0,0.0,0.0,0.0,0.0
64616,162842,164470.42,1628.42,16,10177.625,1,1,2025-11-12 00:21:40,2,3,China/Shanghai-Shanghai,0.0,0.0,0.0,0.0,0.0,0.0,0.0,0.0,0.0,0.0,0.0,0.0
64733,221,223.21,2.21,1,221.0,1,0,2025-10-14 20:42:11,2,4,China/Shanghai-Shanghai,2.0,0.0,1.0,0.0,1.0,0.0,0.0,105.0,0.0,137.0,0.0,242.0
64805,708,715.08,7.08,1,708.0,1,0,2025-10-27 06:34:40,2,3,China/Zhejiang-Wenzhou,2.0,0.0,1.0,0.0,1.0,0.0,0.0,141.0,0.0,288.0,0.0,429.0
64879,525,530.25,5.25,1,525.0,1,0,2025-10-15 09:33:22,2,1,China/Shanghai-Shanghai,3.0,1.0,1.0,1.0,0.0,0.0,226.0,161.0,832.0,0.0,0.0,1219.0
64893,184342,186185.41999999998,1843.4199999999998,13,14180.153846153846,1,1,2025-11-14 02:11:02,2,3,China/Shanghai-Shanghai,18.0,3.0,2.0,11.0,0.0,2.0,663.0,551.0,6668.0,0.0,365.0,8247.0
65021,720,727.2,7.2,5,144.0,1,0,2025-11-30 23:16:13,3,1,China/Sichuan-Chengdu,0.0,0.0,0.0,0.0,0.0,0.0,0.0,0.0,0.0,0.0,0.0,0.0
65030,319,322.19,3.19,1,319.0,1,0,2025-10-19 19:44:05,2,2,China/Shanghai-Shanghai,4.0,1.0,2.0,1.0,0.0,0.0,270.0,291.0,594.0,0.0,0.0,1155.0
65050,123549,124784.48999999999,1235.49,12,10295.75,1,1,2025-11-11 15:47:32,2,4,China/Shanghai-Shanghai,0.0,0.0,0.0,0.0,0.0,0.0,0.0,0.0,0.0,0.0,0.0,0.0
65225,65482,66136.81999999999,654.8199999999999,6,10913.666666666666,0,1,2025-11-07 03:54:22,2,3,China/Shanghai-Shanghai,11.0,1.0,1.0,9.0,0.0,0.0,117.0,43.0,5243.0,0.0,0.0,5403.0
65272,617,623.1700000000001,6.17,3,205.66666666666666,1,0,2025-10-07 00:58:56,2,1,China/Shanghai-Shanghai,4.0,2.0,1.0,1.0,0.0,0.0,237.0,146.0,259.0,0.0,0.0,642.0
65414,184,185.84,1.84,1,184.0,1,0,2025-11-20 11:30:19,2,1,China/Sichuan-Chengdu,4.0,2.0,0.0,0.0,1.0,1.0,421.0,0.0,0.0,168.0,168.0,757.0
65742,587,592.87,5.87,2,293.5,1,0,2025-11-15 19:48:37,2,2,China/Shanghai-Shanghai,4.0,1.0,1.0,2.0,0.0,0.0,39.0,175.0,240.0,0.0,0.0,454.0
66019,146,147.46,1.46,1,146.0,1,0,2025-10-07 12:29:06,2,1,China/Shanghai-Shanghai,1.0,0.0,1.0,0.0,0.0,0.0,0.0,230.0,0.0,0.0,0.0,230.0
66235,100793,101800.93000000001,1007.93,11,9163.0,1,1,2025-11-15 06:14:49,2,2,China/Shanghai-Shanghai,26.0,3.0,5.0,15.0,2.0,1.0,564.0,624.0,8289.0,153.0,194.0,9824.0
66319,219,221.19,2.19,1,219.0,1,0,2025-10-03 18:02:04,2,3,China/Zhejiang-Wenzhou,8.0,1.0,2.0,0.0,3.0,2.0,238.0,240.0,0.0,725.0,399.0,1602.0
66356,1446,1460.46,14.46,3,482.0,1,0,2025-11-21 11:17:03,3,1,China/Shanghai-Shanghai,2.0,1.0,0.0,1.0,0.0,0.0,231.0,0.0,908.0,0.0,0.0,1139.0
66580,327,330.27,3.27,2,163.5,1,0,2025-11-11 20:25:33,2,1,China/Jiangsu-Suzhou,4.0,0.0,2.0,0.0,1.0,1.0,0.0,219.0,0.0,110.0,105.0,434.0
66699,1279,1291.79,12.79,1,1279.0,0,0,2025-10-04 03:47:20,4,1,China/Guangdong-Shenzhen,0.0,0.0,0.0,0.0,0.0,0.0,0.0,0.0,0.0,0.0,0.0,0.0
66813,517,522.1700000000001,5.17,2,258.5,1,0,2025-11-11 21:27:34,2,1,China/Shanghai-Shanghai,0.0,0.0,0.0,0.0,0.0,0.0,0.0,0.0,0.0,0.0,0.0,0.0
66935,68014,68694.14,680.14,13,5231.846153846154,1,1,2025-11-14 20:20:27,2,3,China/Jiangsu-Suzhou,12.0,2.0,0.0,8.0,2.0,0.0,183.0,0.0,4784.0,491.0,0.0,5458.0
67020,171166,172877.66,1711.6599999999999,9,19018.444444444445,1,1,2025-11-05 19:29:40,2,3,China/Shanghai-Shanghai,14.0,3.0,1.0,8.0,0.0,2.0,542.0,255.0,5747.0,0.0,164.0,6708.0
67195,150,151.5,1.5,1,150.0,0,0,2025-12-07 12:09:48,2,1,China/Beijing-Beijing,3.0,1.0,1.0,0.0,1.0,0.0,159.0,61.0,0.0,89.0,0.0,309.0
67215,534,539.34,5.34,1,534.0,1,0,2025-10-21 12:33:29,2,1,China/Sichuan-Chengdu,1.0,0.0,0.0,0.0,0.0,1.0,0.0,0.0,0.0,0.0,136.0,136.0
67232,328,331.28,3.28,1,328.0,1,0,2025-11-01 15:02:41,2,1,China/Beijing-Beijing,6.0,2.0,1.0,0.0,3.0,0.0,395.0,50.0,0.0,436.0,0.0,881.0
67306,157,158.57,1.57,1,157.0,1,0,2025-12-04 11:33:09,2,1,China/Sichuan-Chengdu,1.0,0.0,0.0,1.0,0.0,0.0,0.0,0.0,361.0,0.0,0.0,361.0
67443,285,287.85,2.85,1,285.0,0,0,2025-11-06 12:41:25,4,1,China/Sichuan-Chengdu,6.0,1.0,1.0,2.0,1.0,1.0,187.0,210.0,244.0,261.0,86.0,988.0
67654,230941,233250.41,2309.41,13,17764.69230769231,1,1,2025-11-11 20:58:49,2,3,China/Shanghai-Shanghai,11.0,2.0,1.0,7.0,1.0,0.0,407.0,146.0,4091.0,244.0,0.0,4888.0
68099,366,369.66,3.66,1,366.0,0,0,2025-10-07 00:16:51,2,1,China/Guangdong-Shenzhen,2.0,0.0,0.0,0.0,2.0,0.0,0.0,0.0,0.0,325.0,0.0,325.0
68165,411,415.11,4.11,1,411.0,1,0,2025-11-26 02:08:41,1,3,China/Guangdong-Shenzhen,0.0,0.0,0.0,0.0,0.0,0.0,0.0,0.0,0.0,0.0,0.0,0.0
68392,647,653.47,6.47,2,323.5,1,0,2025-11-10 00:08:27,2,4,China/Beijing-Beijing,2.0,1.0,0.0,0.0,1.0,0.0,237.0,0.0,0.0,83.0,0.0,320.0
68481,1095,1105.95,10.95,3,365.0,1,0,2025-10-13 01:02:50,2,3,China/Jiangsu-Suzhou,0.0,0.0,0.0,0.0,0.0,0.0,0.0,0.0,0.0,0.0,0.0,0.0
68517,954,963.54,9.54,2,477.0,1,0,2025-10-26 21:33:15,2,4,China/Shanghai-Shanghai,1.0,0.0,0.0,0.0,1.0,0.0,0.0,0.0,0.0,121.0,0.0,121.0
68575,612,618.12,6.12,1,612.0,1,0,2025-12-06 06:09:56,2,4,China/Beijing-Beijing,4.0,0.0,1.0,1.0,2.0,0.0,0.0,184.0,716.0,408.0,0.0,1308.0
68591,252,254.52,2.52,1,252.0,1,0,2025-10-28 23:05:28,2,1,China/Sichuan-Chengdu,2.0,1.0,0.0,0.0,0.0,1.0,16.0,0.0,0.0,0.0,72.0,88.0
68832,85453,86307.53,854.53,10,8545.3,1,1,2025-11-08 00:40:54,2,3,China/Guangdong-Shenzhen,17.0,5.0,2.0,9.0,0.0,1.0,1060.0,462.0,5928.0,0.0,47.0,7497.0
69082,266,268.66,2.66,1,266.0,0,0,2025-10-30 09:10:46,2,1,China/Jiangsu-Suzhou,0.0,0.0,0.0,0.0,0.0,0.0,0.0,0.0,0.0,0.0,0.0,0.0
69192,147904,149383.04,1479.04,11,13445.818181818182,1,1,2025-11-11 11:11:03,2,1,China/Shanghai-Shanghai,0.0,0.0,0.0,0.0,0.0,0.0,0.0,0.0,0.0,0.0,0.0,0.0
69234,122,123.22,1.22,1,122.0,0,0,2025-10-25 16:18:09,2,1,China/Guangdong-Shenzhen,3.0,2.0,0.0,0.0,0.0,1.0,314.0,0.0,0.0,0.0,105.0,419.0
69309,365,368.65,3.65,1,365.0,0,0,2025-10-02 13:02:01,4,1,China/Sichuan-Chengdu,3.0,1.0,1.0,0.0,0.0,1.0,153.0,196.0,0.0,0.0,72.0,421.0
69321,776,783.76,7.76,2,388.0,0,0,2025-11-26 05:28:35,2,1,China/Shanghai-Shanghai,0.0,0.0,0.0,0.0,0.0,0.0,0.0,0.0,0.0,0.0,0.0,0.0
69669,135896,137254.96,1358.96,12,11324.666666666666,1,1,2025-11-05 14:02:59,2,3,China/Zhejiang-Wenzhou,21.0,5.0,3.0,11.0,2.0,0.0,783.0,559.0,7775.0,187.0,0.0,9304.0
69676,86714,87581.14,867.14,9,9634.888888888889,0,1,2025-11-10 11:29:12,2,3,China/Shanghai-Shanghai,13.0,1.0,0.0,10.0,2.0,0.0,254.0,0.0,5981.0,287.0,0.0,6522.0
69683,410,414.09999999999997,4.1,2,205.0,1,0,2025-10-08 05:39:34,2,2,China/Jiangsu-Suzhou,0.0,0.0,0.0,0.0,0.0,0.0,0.0,0.0,0.0,0.0,0.0,0.0
69700,183,184.83,1.83,1,183.0,1,0,2025-10-17 21:38:49,2,1,China/Shanghai-Shanghai,0.0,0.0,0.0,0.0,0.0,0.0,0.0,0.0,0.0,0.0,0.0,0.0
69791,368692,372378.92,3686.92,19,19404.842105263157,0,1,2025-11-11 00:43:09,2,1,China/Shanghai-Shanghai,12.0,1.0,0.0,11.0,0.0,0.0,106.0,0.0,5769.0,0.0,0.0,5875.0
69792,687,693.87,6.87,2,343.5,1,0,2025-11-18 02:22:48,2,2,China/Beijing-Beijing,3.0,1.0,0.0,1.0,0.0,1.0,23.0,0.0,678.0,0.0,131.0,832.0
69830,99,99.99,0.99,1,99.0,1,0,2025-10-19 12:25:49,3,2,China/Beijing-Beijing,3.0,2.0,0.0,0.0,1.0,0.0,330.0,0.0,0.0,266.0,0.0,596.0
70042,464,468.64,4.640000000000001,2,232.0,1,0,2025-11-23 00:55:34,2,1,China/Zhejiang-Wenzhou,3.0,0.0,1.0,0.0,1.0,1.0,0.0,201.0,0.0,252.0,83.0,536.0
70143,512,517.12,5.12,2,256.0,1,0,2025-11-21 16:15:05,2,1,China/Zhejiang-Wenzhou,0.0,0.0,0.0,0.0,0.0,0.0,0.0,0.0,0.0,0.0,0.0,0.0
70173,372,375.72,3.7199999999999998,2,186.0,1,0,2025-12-09 21:42:24,2,1,China/Beijing-Beijing,2.0,0.0,0.0,2.0,0.0,0.0,0.0,0.0,316.0,0.0,0.0,316.0
70341,720,727.1999999999999,7.199999999999999,3,240.0,1,0,2025-12-15 16:58:47,2,1,China/Jiangsu-Suzhou,3.0,2.0,1.0,0.0,0.0,0.0,486.0,56.0,0.0,0.0,0.0,542.0
70343,729,736.29,7.289999999999999,2,364.5,1,0,2025-10-01 09:14:46,2,1,China/Jiangsu-Suzhou,6.0,0.0,3.0,2.0,1.0,0.0,0.0,510.0,249.0,188.0,0.0,947.0
70383,95795,96752.95,957.9499999999999,8,11974.375,1,1,2025-11-10 20:27:17,2,3,China/Shanghai-Shanghai,0.0,0.0,0.0,0.0,0.0,0.0,0.0,0.0,0.0,0.0,0.0,0.0
70671,256,258.56,2.56,1,256.0,1,0,2025-10-05 07:32:22,2,1,China/Zhejiang-Wenzhou,2.0,0.0,0.0,0.0,1.0,1.0,0.0,0.0,0.0,103.0,122.0,225.0
70792,1184,1195.84,11.84,4,296.0,1,0,2025-11-14 22:08:12,2,1,China/Sichuan-Chengdu,6.0,3.0,0.0,1.0,2.0,0.0,400.0,0.0,225.0,67.0,0.0,692.0
71379,213,215.13,2.13,1,213.0,1,0,2025-12-01 13:42:18,2,1,China/Shanghai-Shanghai,1.0,1.0,0.0,0.0,0.0,0.0,60.0,0.0,0.0,0.0,0.0,60.0
71662,922,931.22,9.22,1,922.0,1,0,2025-11-09 16:28:04,2,1,China/Zhejiang-Wenzhou,0.0,0.0,0.0,0.0,0.0,0.0,0.0,0.0,0.0,0.0,0.0,0.0
71868,119222,120414.22,1192.22,11,10838.363636363636,1,1,2025-11-15 12:07:20,2,3,China/Shanghai-Shanghai,16.0,2.0,1.0,9.0,1.0,3.0,232.0,138.0,4381.0,282.0,305.0,5338.0
71918,143,144.43,1.43,1,143.0,1,0,2025-10-01 00:38:31,2,1,China/Jiangsu-Suzhou,3.0,0.0,1.0,0.0,2.0,0.0,0.0,223.0,0.0,350.0,0.0,573.0
71920,182146,183967.46,1821.46,16,11384.125,1,1,2025-11-05 02:24:55,2,3,China/Shanghai-Shanghai,11.0,1.0,1.0,6.0,2.0,1.0,156.0,83.0,3705.0,431.0,74.0,4449.0
71936,302,305.02,3.02,1,302.0,1,0,2025-10-04 09:32:16,2,1,China/Zhejiang-Wenzhou,3.0,0.0,3.0,0.0,0.0,0.0,0.0,620.0,0.0,0.0,0.0,620.0
72084,306,309.06,3.06,1,306.0,1,0,2025-11-19 09:56:09,2,1,China/Jiangsu-Suzhou,5.0,2.0,1.0,1.0,0.0,1.0,398.0,261.0,748.0,0.0,125.0,1532.0
72156,271,273.71,2.71,1,271.0,1,0,2025-11-05 13:02:32,2,1,China/Shanghai-Shanghai,2.0,0.0,1.0,0.0,1.0,0.0,0.0,189.0,0.0,177.0,0.0,366.0
72308,772,779.72,7.72,2,386.0,1,0,2025-11-24 06:56:27,1,1,China/Guangdong-Shenzhen,0.0,0.0,0.0,0.0,0.0,0.0,0.0,0.0,0.0,0.0,0.0,0.0
72367,123,124.23,1.23,1,123.0,0,0,2025-11-18 13:17:05,2,1,China/Zhejiang-Wenzhou,8.0,1.0,5.0,1.0,1.0,0.0,41.0,1003.0,635.0,80.0,0.0,1759.0
72379,295,297.95,2.95,1,295.0,1,0,2025-10-01 14:48:34,2,1,China/Sichuan-Chengdu,2.0,1.0,1.0,0.0,0.0,0.0,237.0,80.0,0.0,0.0,0.0,317.0
72510,399,402.99,3.99,1,399.0,1,0,2025-11-21 08:00:49,2,1,China/Zhejiang-Wenzhou,0.0,0.0,0.0,0.0,0.0,0.0,0.0,0.0,0.0,0.0,0.0,0.0
72670,330,333.3,3.3,1,330.0,1,0,2025-11-15 10:29:33,2,1,China/Zhejiang-Wenzhou,4.0,0.0,2.0,1.0,0.0,1.0,0.0,237.0,82.0,0.0,55.0,374.0
72739,210339,212442.39,2103.3900000000003,12,17528.25,1,1,2025-11-08 07:36:50,2,3,China/Shanghai-Shanghai,11.0,1.0,2.0,7.0,1.0,0.0,136.0,568.0,4990.0,137.0,0.0,5831.0
72780,1812,1830.12,18.119999999999997,3,604.0,1,0,2025-10-09 20:12:15,2,1,China/Shanghai-Shanghai,4.0,0.0,2.0,1.0,0.0,1.0,0.0,275.0,574.0,0.0,89.0,938.0
72975,482,486.82,4.82,1,482.0,1,0,2025-12-17 07:58:24,2,1,China/Sichuan-Chengdu,2.0,0.0,0.0,0.0,2.0,0.0,0.0,0.0,0.0,286.0,0.0,286.0
72995,306,309.06,3.06,1,306.0,1,0,2025-11-01 18:14:03,2,1,China/Jiangsu-Suzhou,1.0,0.0,0.0,0.0,0.0,1.0,0.0,0.0,0.0,0.0,102.0,102.0
73029,377,380.77,3.7699999999999996,2,188.5,1,0,2025-12-01 17:04:54,2,1,China/Beijing-Beijing,1.0,0.0,0.0,1.0,0.0,0.0,0.0,0.0,417.0,0.0,0.0,417.0
73097,184,185.84,1.84,1,184.0,0,0,2025-10-21 15:34:15,2,1,China/Zhejiang-Wenzhou,3.0,3.0,0.0,0.0,0.0,0.0,679.0,0.0,0.0,0.0,0.0,679.0
73216,584,589.8399999999999,5.84,2,292.0,1,0,2025-11-22 11:41:07,2,1,China/Sichuan-Chengdu,3.0,1.0,1.0,1.0,0.0,0.0,225.0,164.0,979.0,0.0,0.0,1368.0
73251,282,284.82,2.82,1,282.0,0,0,2025-11-19 10:56:54,2,1,China/Shanghai-Shanghai,0.0,0.0,0.0,0.0,0.0,0.0,0.0,0.0,0.0,0.0,0.0,0.0
73376,1204,1216.04,12.04,2,602.0,1,0,2025-10-21 23:11:37,1,1,China/Guangdong-Shenzhen,2.0,0.0,1.0,0.0,1.0,0.0,0.0,191.0,0.0,86.0,0.0,277.0
73478,190,191.9,1.9,1,190.0,1,0,2025-11-11 14:36:09,2,1,China/Jiangsu-Suzhou,2.0,1.0,0.0,0.0,1.0,0.0,48.0,0.0,0.0,65.0,0.0,113.0
73601,270943,273652.43,2709.43,9,30104.777777777777,1,1,2025-11-08 16:31:35,2,3,China/Shanghai-Shanghai,18.0,3.0,1.0,11.0,0.0,3.0,603.0,17.0,5672.0,0.0,650.0,6942.0
73671,447,451.47,4.47,1,447.0,1,0,2025-11-08 04:44:07,2,1,China/Sichuan-Chengdu,3.0,1.0,1.0,0.0,1.0,0.0,26.0,117.0,0.0,126.0,0.0,269.0
73774,479,483.79,4.79,1,479.0,1,0,2025-12-16 10:52:52,2,1,China/Zhejiang-Wenzhou,5.0,1.0,0.0,0.0,1.0,3.0,263.0,0.0,0.0,185.0,536.0,984.0
73922,446,450.46,4.46,1,446.0,1,0,2025-11-10 12:33:52,2,2,China/Guangdong-Shenzhen,4.0,1.0,0.0,0.0,3.0,0.0,106.0,0.0,0.0,378.0,0.0,484.0
74245,152,153.52,1.52,1,152.0,1,0,2025-11-09 02:41:58,2,1,China/Guangdong-Shenzhen,4.0,0.0,3.0,0.0,0.0,1.0,0.0,518.0,0.0,0.0,64.0,582.0
74286,221,223.21,2.21,1,221.0,1,0,2025-12-22 02:58:14,2,1,China/Zhejiang-Wenzhou,5.0,1.0,2.0,1.0,0.0,1.0,36.0,361.0,855.0,0.0,86.0,1338.0
74640,159546,161141.46,1595.46,12,13295.5,1,1,2025-11-09 04:49:09,2,3,China/Shanghai-Shanghai,12.0,0.0,0.0,8.0,3.0,1.0,0.0,0.0,4584.0,630.0,36.0,5250.0
74651,737,744.37,7.369999999999999,2,368.5,1,0,2025-10-05 12:41:21,2,1,China/Zhejiang-Wenzhou,0.0,0.0,0.0,0.0,0.0,0.0,0.0,0.0,0.0,0.0,0.0,0.0
74994,285269,288121.69,2852.69,13,21943.76923076923,0,1,2025-11-09 06:54:17,1,3,China/Shanghai-Shanghai,0.0,0.0,0.0,0.0,0.0,0.0,0.0,0.0,0.0,0.0,0.0,0.0
75143,142049,143469.49,1420.49,8,17756.125,0,1,2025-11-12 00:25:38,2,3,China/Shanghai-Shanghai,12.0,0.0,0.0,12.0,0.0,0.0,0.0,0.0,6480.0,0.0,0.0,6480.0
75158,144870,146318.7,1448.7,7,20695.714285714286,0,1,2025-11-12 11:43:37,2,3,China/Shanghai-Shanghai,12.0,1.0,3.0,7.0,0.0,1.0,91.0,622.0,3195.0,0.0,274.0,4182.0
75243,128,129.28,1.28,1,128.0,1,0,2025-12-05 18:00:39,2,1,China/Guangdong-Shenzhen,1.0,0.0,0.0,0.0,1.0,0.0,0.0,0.0,0.0,13.0,0.0,13.0
75437,421,425.21000000000004,4.21,2,210.5,1,0,2025-10-22 22:06:12,2,4,China/Jiangsu-Suzhou,0.0,0.0,0.0,0.0,0.0,0.0,0.0,0.0,0.0,0.0,0.0,0.0
75744,146,147.46,1.46,1,146.0,1,0,2025-10-26 03:18:43,2,1,China/Sichuan-Chengdu,4.0,1.0,0.0,1.0,1.0,1.0,266.0,0.0,650.0,226.0,64.0,1206.0
75866,420411,424615.11,4204.11,12,35034.25,1,1,2025-11-11 07:12:08,2,3,China/Guangdong-Shenzhen,16.0,0.0,0.0,15.0,0.0,1.0,0.0,0.0,8454.0,0.0,159.0,8613.0
76002,194108,196049.08,1941.08,20,9705.4,1,1,2025-11-09 20:08:03,2,3,China/Shanghai-Shanghai,13.0,2.0,1.0,9.0,0.0,1.0,396.0,145.0,5179.0,0.0,133.0,5853.0
76012,459,463.59000000000003,4.59,2,229.5,1,0,2025-12-02 11:37:07,3,1,China/Zhejiang-Wenzhou,6.0,3.0,1.0,1.0,1.0,0.0,397.0,228.0,958.0,262.0,0.0,1845.0
76027,259,261.59,2.59,1,259.0,1,0,2025-12-06 17:17:05,2,4,China/Sichuan-Chengdu,2.0,1.0,1.0,0.0,0.0,0.0,154.0,220.0,0.0,0.0,0.0,374.0
76266,128,129.28,1.28,1,128.0,1,0,2025-10-11 10:36:59,2,1,China/Zhejiang-Wenzhou,3.0,1.0,0.0,0.0,1.0,1.0,233.0,0.0,0.0,179.0,73.0,485.0
76273,332252,335574.52,3322.52,19,17486.947368421053,0,1,2025-11-12 10:28:22,2,4,China/Shanghai-Shanghai,13.0,0.0,4.0,8.0,1.0,0.0,0.0,470.0,3955.0,15.0,0.0,4440.0
76415,122093,123313.93,1220.9299999999998,10,12209.3,1,1,2025-11-09 08:06:53,2,3,China/Zhejiang-Wenzhou,0.0,0.0,0.0,0.0,0.0,0.0,0.0,0.0,0.0,0.0,0.0,0.0
76539,358,361.58,3.58,1,358.0,0,0,2025-12-02 17:12:06,2,4,China/Zhejiang-Wenzhou,2.0,1.0,1.0,0.0,0.0,0.0,254.0,239.0,0.0,0.0,0.0,493.0
76554,408,412.08,4.08,1,408.0,0,0,2025-10-25 22:21:15,2,1,China/Shanghai-Shanghai,1.0,0.0,0.0,0.0,0.0,1.0,0.0,0.0,0.0,0.0,202.0,202.0
76587,328,331.28,3.28,1,328.0,1,0,2025-12-04 16:13:13,2,1,China/Sichuan-Chengdu,1.0,1.0,0.0,0.0,0.0,0.0,226.0,0.0,0.0,0.0,0.0,226.0
76885,199615,201611.15,1996.15,11,18146.81818181818,0,1,2025-11-11 01:24:31,2,3,China/Shanghai-Shanghai,19.0,2.0,1.0,14.0,1.0,1.0,99.0,270.0,10143.0,66.0,264.0,10842.0
77014,488,492.88,4.88,1,488.0,1,0,2025-12-11 17:29:21,2,3,China/Zhejiang-Wenzhou,1.0,0.0,1.0,0.0,0.0,0.0,0.0,93.0,0.0,0.0,0.0,93.0
77098,137,138.37,1.37,1,137.0,1,0,2025-10-16 20:15:08,2,1,China/Sichuan-Chengdu,1.0,0.0,0.0,1.0,0.0,0.0,0.0,0.0,177.0,0.0,0.0,177.0
77099,288,290.88,2.88,1,288.0,1,0,2025-12-02 07:43:03,3,1,China/Zhejiang-Wenzhou,0.0,0.0,0.0,0.0,0.0,0.0,0.0,0.0,0.0,0.0,0.0,0.0
77423,636,642.36,6.359999999999999,2,318.0,1,0,2025-11-18 10:15:37,2,4,China/Shanghai-Shanghai,0.0,0.0,0.0,0.0,0.0,0.0,0.0,0.0,0.0,0.0,0.0,0.0
77580,290341,293244.41,2903.4100000000003,13,22333.923076923078,0,1,2025-11-11 04:06:17,2,4,China/Shanghai-Shanghai,0.0,0.0,0.0,0.0,0.0,0.0,0.0,0.0,0.0,0.0,0.0,0.0
77625,99954,100953.54,999.54,8,12494.25,0,1,2025-11-13 01:05:31,2,3,China/Shanghai-Shanghai,12.0,0.0,1.0,10.0,1.0,0.0,0.0,87.0,4836.0,176.0,0.0,5099.0
77786,732,739.32,7.32,3,244.0,1,0,2025-10-21 10:47:13,2,1,China/Beijing-Beijing,7.0,1.0,2.0,2.0,2.0,0.0,31.0,219.0,980.0,441.0,0.0,1671.0
77797,134008,135348.08,1340.08,14,9572.0,1,1,2025-11-10 00:22:45,2,3,China/Shanghai-Shanghai,12.0,1.0,2.0,8.0,1.0,0.0,271.0,126.0,4734.0,34.0,0.0,5165.0
78402,294,296.94,2.94,1,294.0,1,0,2025-11-19 19:33:30,2,1,China/Zhejiang-Wenzhou,1.0,1.0,0.0,0.0,0.0,0.0,162.0,0.0,0.0,0.0,0.0,162.0
78606,197978,199957.78,1979.78,8,24747.25,1,1,2025-11-09 17:18:29,1,4,China/Shanghai-Shanghai,14.0,0.0,3.0,7.0,2.0,2.0,0.0,260.0,4660.0,525.0,312.0,5757.0
78882,122,123.22,1.22,1,122.0,1,0,2025-11-03 09:56:19,2,3,China/Sichuan-Chengdu,3.0,1.0,0.0,1.0,0.0,1.0,192.0,0.0,309.0,0.0,45.0,546.0
78951,174678,176424.78,1746.78,11,15879.818181818182,1,1,2025-11-09 09:39:34,2,3,China/Shanghai-Shanghai,0.0,0.0,0.0,0.0,0.0,0.0,0.0,0.0,0.0,0.0,0.0,0.0
79104,325,328.25,3.25,2,162.5,1,0,2025-11-24 19:04:13,2,1,China/Shanghai-Shanghai,2.0,1.0,0.0,1.0,0.0,0.0,253.0,0.0,531.0,0.0,0.0,784.0
79240,66,66.66,0.66,1,66.0,1,0,2025-10-21 23:00:45,2,2,China/Beijing-Beijing,3.0,1.0,1.0,0.0,1.0,0.0,44.0,174.0,0.0,269.0,0.0,487.0
79304,455,459.55,4.55,1,455.0,1,0,2025-12-02 06:51:36,2,1,China/Beijing-Beijing,4.0,2.0,0.0,1.0,1.0,0.0,309.0,0.0,701.0,175.0,0.0,1185.0
79327,620,626.2,6.2,3,206.66666666666666,0,0,2025-11-14 09:52:20,2,1,China/Guangdong-Shenzhen,2.0,0.0,2.0,0.0,0.0,0.0,0.0,366.0,0.0,0.0,0.0,366.0
79397,130,131.3,1.3,1,130.0,0,0,2025-11-24 16:33:32,2,1,China/Zhejiang-Wenzhou,2.0,1.0,0.0,1.0,0.0,0.0,60.0,0.0,107.0,0.0,0.0,167.0
79732,297,299.97,2.97,1,297.0,1,0,2025-12-27 21:51:49,2,1,China/Guangdong-Shenzhen,0.0,0.0,0.0,0.0,0.0,0.0,0.0,0.0,0.0,0.0,0.0,0.0
79799,148,149.48,1.48,1,148.0,0,0,2025-10-07 07:57:58,2,1,China/Shanghai-Shanghai,0.0,0.0,0.0,0.0,0.0,0.0,0.0,0.0,0.0,0.0,0.0,0.0
79832,233,235.33,2.33,1,233.0,1,0,2025-10-27 10:36:00,2,2,China/Zhejiang-Wenzhou,0.0,0.0,0.0,0.0,0.0,0.0,0.0,0.0,0.0,0.0,0.0,0.0
79928,350,353.5,3.5,1,350.0,1,0,2025-12-02 22:17:10,3,1,China/Beijing-Beijing,2.0,0.0,1.0,0.0,0.0,1.0,0.0,255.0,0.0,0.0,20.0,275.0
80005,417,421.16999999999996,4.17,2,208.5,1,0,2025-10-08 06:02:05,2,3,China/Guangdong-Shenzhen,3.0,0.0,2.0,1.0,0.0,0.0,0.0,236.0,430.0,0.0,0.0,666.0
80026,193,194.93,1.9300000000000002,2,96.5,1,0,2025-11-11 00:15:15,2,1,China/Jiangsu-Suzhou,1.0,0.0,0.0,0.0,1.0,0.0,0.0,0.0,0.0,83.0,0.0,83.0
80029,277,279.77,2.77,1,277.0,1,0,2025-10-28 01:01:39,2,3,China/Jiangsu-Suzhou,2.0,0.0,0.0,1.0,0.0,1.0,0.0,0.0,534.0,0.0,77.0,611.0
80053,250,252.5,2.5,1,250.0,1,0,2025-10-30 00:14:19,2,1,China/Jiangsu-Suzhou,4.0,3.0,0.0,1.0,0.0,0.0,502.0,0.0,894.0,0.0,0.0,1396.0
80201,631,637.31,6.3100000000000005,2,315.5,1,0,2025-10-31 14:18:27,4,1,China/Beijing-Beijing,0.0,0.0,0.0,0.0,0.0,0.0,0.0,0.0,0.0,0.0,0.0,0.0
80446,603,609.03,6.029999999999999,2,301.5,1,0,2025-10-12 14:25:13,2,1,China/Zhejiang-Wenzhou,0.0,0.0,0.0,0.0,0.0,0.0,0.0,0.0,0.0,0.0,0.0,0.0
80467,213,215.13,2.13,1,213.0,1,0,2025-10-02 15:33:20,4,2,China/Sichuan-Chengdu,3.0,2.0,1.0,0.0,0.0,0.0,457.0,77.0,0.0,0.0,0.0,534.0
80529,332,335.32,3.32,1,332.0,1,0,2025-12-15 04:09:11,2,1,China/Sichuan-Chengdu,4.0,1.0,0.0,1.0,2.0,0.0,141.0,0.0,936.0,353.0,0.0,1430.0
80939,132525,133850.25,1325.25,12,11043.75,0,1,2025-11-15 04:56:18,2,3,China/Shanghai-Shanghai,11.0,1.0,1.0,8.0,0.0,1.0,205.0,228.0,5205.0,0.0,194.0,5832.0
80950,247,249.47,2.47,1,247.0,0,0,2025-10-09 00:36:53,2,1,China/Zhejiang-Wenzhou,0.0,0.0,0.0,0.0,0.0,0.0,0.0,0.0,0.0,0.0,0.0,0.0
81041,138970,140359.69999999998,1389.7,7,19852.85714285714,1,1,2025-11-09 17:46:15,2,3,China/Shanghai-Shanghai,13.0,1.0,1.0,11.0,0.0,0.0,70.0,116.0,6808.0,0.0,0.0,6994.0
81059,640,646.4,6.4,3,213.33333333333334,1,0,2025-10-21 01:28:04,2,1,China/Beijing-Beijing,0.0,0.0,0.0,0.0,0.0,0.0,0.0,0.0,0.0,0.0,0.0,0.0
81129,137183,138554.83,1371.83,12,11431.916666666666,0,1,2025-11-10 08:07:59,2,3,China/Shanghai-Shanghai,11.0,0.0,2.0,9.0,0.0,0.0,0.0,405.0,4813.0,0.0,0.0,5218.0
81132,451,455.51,4.51,2,225.5,1,0,2025-12-23 07:42:10,2,1,China/Shanghai-Shanghai,5.0,2.0,0.0,1.0,1.0,1.0,232.0,0.0,157.0,171.0,157.0,717.0
81142,306,309.06,3.0599999999999996,2,153.0,1,0,2025-11-25 01:30:25,2,1,China/Sichuan-Chengdu,2.0,0.0,1.0,0.0,0.0,1.0,0.0,260.0,0.0,0.0,122.0,382.0
81159,126,127.26,1.26,1,126.0,1,0,2025-10-21 15:34:56,2,1,China/Guangdong-Shenzhen,1.0,0.0,0.0,0.0,1.0,0.0,0.0,0.0,0.0,199.0,0.0,199.0
81170,1294,1306.94,12.94,3,431.3333333333333,1,0,2025-12-05 19:50:04,2,2,China/Guangdong-Shenzhen,3.0,1.0,0.0,0.0,1.0,1.0,108.0,0.0,0.0,283.0,217.0,608.0
81184,200,202.0,2.0,1,200.0,1,0,2025-11-30 08:02:25,2,1,China/Sichuan-Chengdu,5.0,0.0,2.0,0.0,1.0,2.0,0.0,345.0,0.0,193.0,354.0,892.0
81363,1138,1149.38,11.38,1,1138.0,1,0,2025-12-01 08:35:44,2,1,China/Shanghai-Shanghai,3.0,0.0,1.0,1.0,0.0,1.0,0.0,85.0,520.0,0.0,142.0,747.0
81366,393,396.93,3.9299999999999997,2,196.5,1,0,2025-10-02 01:57:52,2,2,China/Sichuan-Chengdu,4.0,1.0,1.0,1.0,1.0,0.0,66.0,79.0,859.0,17.0,0.0,1021.0
81403,295610,298566.1,2956.1,15,19707.333333333332,0,1,2025-11-15 14:20:22,2,3,China/Shanghai-Shanghai,12.0,1.0,2.0,7.0,1.0,1.0,40.0,493.0,5271.0,191.0,116.0,6111.0
81639,242,244.42,2.42,1,242.0,1,0,2025-10-21 02:16:04,2,1,China/Guangdong-Shenzhen,2.0,0.0,1.0,0.0,0.0,1.0,0.0,10.0,0.0,0.0,207.0,217.0
81760,318,321.18,3.18,2,159.0,0,0,2025-11-11 06:24:28,2,1,China/Sichuan-Chengdu,0.0,0.0,0.0,0.0,0.0,0.0,0.0,0.0,0.0,0.0,0.0,0.0
81950,563,568.63,5.63,1,563.0,1,0,2025-10-24 00:42:04,2,1,China/Beijing-Beijing,0.0,0.0,0.0,0.0,0.0,0.0,0.0,0.0,0.0,0.0,0.0,0.0
82086,299,301.99,2.99,2,149.5,1,0,2025-11-30 05:40:00,2,1,China/Beijing-Beijing,4.0,0.0,1.0,0.0,1.0,2.0,0.0,62.0,0.0,263.0,400.0,725.0
82205,405,409.05000000000007,4.050000000000001,2,202.5,1,0,2025-11-12 07:04:41,2,1,China/Shanghai-Shanghai,5.0,0.0,2.0,1.0,0.0,2.0,0.0,192.0,519.0,0.0,468.0,1179.0
82210,262356,264979.56,2623.56,11,23850.545454545456,1,1,2025-11-13 06:37:03,2,3,China/Shanghai-Shanghai,10.0,2.0,0.0,7.0,0.0,1.0,399.0,0.0,4693.0,0.0,113.0,5205.0
82221,265,267.65,2.65,1,265.0,1,0,2025-11-13 08:14:17,2,1,China/Zhejiang-Wenzhou,1.0,1.0,0.0,0.0,0.0,0.0,142.0,0.0,0.0,0.0,0.0,142.0
82250,283,285.83,2.83,1,283.0,1,0,2025-11-27 23:40:25,2,1,China/Guangdong-Shenzhen,0.0,0.0,0.0,0.0,0.0,0.0,0.0,0.0,0.0,0.0,0.0,0.0
82331,807,815.07,8.07,1,807.0,1,0,2025-10-27 23:57:46,1,2,China/Beijing-Beijing,4.0,2.0,1.0,0.0,0.0,1.0,102.0,245.0,0.0,0.0,298.0,645.0
82361,98,98.98,0.98,1,98.0,1,0,2025-11-05 17:00:19,2,1,China/Zhejiang-Wenzhou,4.0,1.0,2.0,1.0,0.0,0.0,284.0,313.0,535.0,0.0,0.0,1132.0
82448,1173,1184.73,11.73,2,586.5,1,0,2025-12-23 07:06:34,3,1,China/Zhejiang-Wenzhou,0.0,0.0,0.0,0.0,0.0,0.0,0.0,0.0,0.0,0.0,0.0,0.0
82496,253,255.53,2.53,1,253.0,1,0,2025-11-14 06:36:56,2,1,China/Beijing-Beijing,0.0,0.0,0.0,0.0,0.0,0.0,0.0,0.0,0.0,0.0,0.0,0.0
82641,853,861.53,8.53,2,426.5,0,0,2025-11-05 14:26:14,2,1,China/Guangdong-Shenzhen,2.0,0.0,0.0,0.0,1.0,1.0,0.0,0.0,0.0,247.0,100.0,347.0
82703,531,536.31,5.3100000000000005,2,265.5,0,0,2025-11-02 09:26:07,2,2,China/Zhejiang-Wenzhou,2.0,0.0,0.0,1.0,0.0,1.0,0.0,0.0,103.0,0.0,277.0,380.0
82798,77779,78556.79,777.79,9,8642.111111111111,1,1,2025-11-11 05:55:05,3,3,China/Shanghai-Shanghai,20.0,1.0,1.0,17.0,0.0,1.0,286.0,134.0,8991.0,0.0,64.0,9475.0
82849,295,297.95,2.95,1,295.0,1,0,2025-11-05 23:57:15,2,1,China/Jiangsu-Suzhou,3.0,1.0,0.0,0.0,2.0,0.0,50.0,0.0,0.0,524.0,0.0,574.0
82988,181067,182877.67,1810.6699999999998,9,20118.555555555555,1,1,2025-11-12 13:34:04,2,3,China/Shanghai-Shanghai,17.0,1.0,2.0,14.0,0.0,0.0,41.0,336.0,7239.0,0.0,0.0,7616.0
83031,154173,155714.73,1541.73,10,15417.3,1,1,2025-11-08 23:18:28,2,4,China/Shanghai-Shanghai,15.0,2.0,0.0,13.0,0.0,0.0,317.0,0.0,6919.0,0.0,0.0,7236.0
83047,335,338.35,3.35,1,335.0,0,0,2025-10-06 17:58:54,4,1,China/Guangdong-Shenzhen,1.0,0.0,0.0,0.0,0.0,1.0,0.0,0.0,0.0,0.0,240.0,240.0
83056,406,410.06,4.06,1,406.0,1,0,2025-11-28 11:31:03,2,2,China/Zhejiang-Wenzhou,3.0,0.0,1.0,0.0,2.0,0.0,0.0,94.0,0.0,406.0,0.0,500.0
83157,206,208.06,2.06,1,206.0,1,0,2025-10-20 00:29:24,2,1,China/Zhejiang-Wenzhou,4.0,0.0,1.0,1.0,1.0,1.0,0.0,153.0,95.0,140.0,18.0,406.0
83236,525,530.25,5.25,1,525.0,1,0,2025-11-16 17:50:09,2,1,China/Sichuan-Chengdu,1.0,0.0,1.0,0.0,0.0,0.0,0.0,12.0,0.0,0.0,0.0,12.0
83646,1087,1097.87,10.870000000000001,3,362.3333333333333,1,0,2025-11-10 21:42:11,2,4,China/Guangdong-Shenzhen,4.0,1.0,1.0,2.0,0.0,0.0,53.0,209.0,287.0,0.0,0.0,549.0
83675,398,401.98,3.98,1,398.0,0,0,2025-10-04 15:36:45,2,4,China/Shanghai-Shanghai,5.0,2.0,0.0,1.0,1.0,1.0,411.0,0.0,285.0,254.0,295.0,1245.0
83726,634,640.34,6.34,1,634.0,0,0,2025-10-18 06:39:38,2,1,China/Sichuan-Chengdu,6.0,2.0,2.0,0.0,1.0,1.0,319.0,360.0,0.0,10.0,215.0,904.0
84117,707,714.07,7.07,1,707.0,1,0,2025-11-10 14:26:26,2,4,China/Zhejiang-Wenzhou,2.0,0.0,0.0,1.0,0.0,1.0,0.0,0.0,84.0,0.0,119.0,203.0
84141,534,539.3399999999999,5.34,2,267.0,0,0,2025-10-31 08:45:56,1,1,China/Jiangsu-Suzhou,3.0,2.0,0.0,0.0,1.0,0.0,443.0,0.0,0.0,83.0,0.0,526.0
84235,217,219.17,2.17,1,217.0,0,0,2025-11-11 03:08:10,2,1,China/Jiangsu-Suzhou,3.0,0.0,1.0,1.0,1.0,0.0,0.0,237.0,222.0,245.0,0.0,704.0
84313,274,276.74,2.74,1,274.0,1,0,2025-10-05 19:57:20,2,1,China/Jiangsu-Suzhou,0.0,0.0,0.0,0.0,0.0,0.0,0.0,0.0,0.0,0.0,0.0,0.0
84623,227,229.27,2.27,1,227.0,1,0,2025-11-23 13:29:23,2,1,China/Jiangsu-Suzhou,2.0,0.0,0.0,1.0,1.0,0.0,0.0,0.0,395.0,211.0,0.0,606.0
84642,510,515.1,5.1,2,255.0,1,0,2025-11-21 06:36:00,2,1,China/Beijing-Beijing,0.0,0.0,0.0,0.0,0.0,0.0,0.0,0.0,0.0,0.0,0.0,0.0
84780,188130,190011.3,1881.3000000000002,7,26875.714285714286,1,1,2025-11-13 14:50:53,2,3,China/Shanghai-Shanghai,10.0,1.0,0.0,8.0,1.0,0.0,25.0,0.0,5133.0,155.0,0.0,5313.0
84790,510,515.1,5.1000000000000005,3,170.0,1,0,2025-11-08 12:26:59,3,2,China/Guangdong-Shenzhen,0.0,0.0,0.0,0.0,0.0,0.0,0.0,0.0,0.0,0.0,0.0,0.0
84986,53638,54174.380000000005,536.38,7,7662.571428571428,1,1,2025-11-09 08:18:17,2,3,China/Shanghai-Shanghai,18.0,0.0,2.0,14.0,1.0,1.0,0.0,481.0,8808.0,238.0,36.0,9563.0
85000,212488,214612.88,2124.88,11,19317.090909090908,1,1,2025-11-11 22:59:10,2,3,China/Sichuan-Chengdu,12.0,2.0,1.0,9.0,0.0,0.0,450.0,192.0,5595.0,0.0,0.0,6237.0
85017,576,581.76,5.76,1,576.0,0,0,2025-11-22 20:46:17,2,1,China/Sichuan-Chengdu,0.0,0.0,0.0,0.0,0.0,0.0,0.0,0.0,0.0,0.0,0.0,0.0
85251,245,247.45,2.45,1,245.0,1,0,2025-12-01 09:33:49,2,1,China/Zhejiang-Wenzhou,4.0,1.0,1.0,2.0,0.0,0.0,80.0,187.0,1115.0,0.0,0.0,1382.0
85274,288,290.88,2.88,1,288.0,1,0,2025-11-05 06:24:06,2,2,China/Sichuan-Chengdu,1.0,0.0,0.0,1.0,0.0,0.0,0.0,0.0,869.0,0.0,0.0,869.0
85298,647,653.47,6.47,2,323.5,1,0,2025-11-28 09:00:42,2,1,China/Guangdong-Shenzhen,5.0,2.0,0.0,0.0,0.0,3.0,395.0,0.0,0.0,0.0,540.0,935.0
85306,130,131.3,1.3,1,130.0,1,0,2025-10-03 23:09:24,4,1,China/Beijing-Beijing,7.0,1.0,3.0,0.0,3.0,0.0,104.0,347.0,0.0,506.0,0.0,957.0
85349,185,186.85,1.85,1,185.0,1,0,2025-11-12 01:59:17,2,1,China/Beijing-Beijing,3.0,2.0,0.0,0.0,0.0,1.0,509.0,0.0,0.0,0.0,261.0,770.0
85358,143,144.43,1.43,1,143.0,1,0,2025-10-30 07:05:46,2,1,China/Beijing-Beijing,3.0,2.0,0.0,1.0,0.0,0.0,135.0,0.0,590.0,0.0,0.0,725.0
85542,242,244.42000000000002,2.42,2,121.0,1,0,2025-10-06 11:16:04,2,1,China/Jiangsu-Suzhou,5.0,2.0,1.0,0.0,1.0,1.0,310.0,179.0,0.0,77.0,70.0,636.0
85653,121,122.21,1.21,1,121.0,1,0,2025-10-01 11:34:00,2,1,China/Beijing-Beijing,2.0,0.0,0.0,1.0,0.0,1.0,0.0,0.0,414.0,0.0,185.0,599.0
85681,565,570.65,5.65,2,282.5,1,0,2025-10-29 16:06:19,2,1,China/Shanghai-Shanghai,0.0,0.0,0.0,0.0,0.0,0.0,0.0,0.0,0.0,0.0,0.0,0.0
85833,124,125.24,1.24,1,124.0,1,0,2025-10-25 13:41:31,3,1,China/Shanghai-Shanghai,3.0,0.0,1.0,1.0,0.0,1.0,0.0,203.0,139.0,0.0,94.0,436.0
85834,164694,166340.94,1646.94,10,16469.4,1,1,2025-11-07 11:24:22,2,2,China/Shanghai-Shanghai,17.0,3.0,3.0,11.0,0.0,0.0,274.0,233.0,6379.0,0.0,0.0,6886.0
86018,111,112.11,1.11,1,111.0,1,0,2025-10-17 12:18:38,2,2,China/Shanghai-Shanghai,1.0,0.0,0.0,0.0,1.0,0.0,0.0,0.0,0.0,270.0,0.0,270.0
86131,178,179.78,1.78,1,178.0,1,0,2025-10-19 17:52:43,2,1,China/Zhejiang-Wenzhou,5.0,3.0,1.0,0.0,0.0,1.0,637.0,129.0,0.0,0.0,288.0,1054.0
86216,374,377.74,3.74,1,374.0,1,0,2025-11-04 19:25:31,2,2,China/Sichuan-Chengdu,1.0,1.0,0.0,0.0,0.0,0.0,211.0,0.0,0.0,0.0,0.0,211.0
86351,217,219.17,2.17,1,217.0,1,0,2025-10-21 05:02:00,1,1,China/Jiangsu-Suzhou,5.0,1.0,1.0,3.0,0.0,0.0,299.0,209.0,863.0,0.0,0.0,1371.0
86393,761,768.61,7.61,3,253.66666666666666,1,0,2025-10-12 08:16:52,2,1,China/Beijing-Beijing,4.0,2.0,0.0,1.0,0.0,1.0,65.0,0.0,577.0,0.0,250.0,892.0
86435,405,409.05,4.05,1,405.0,1,0,2025-10-31 15:54:23,2,1,China/Shanghai-Shanghai,2.0,0.0,0.0,0.0,2.0,0.0,0.0,0.0,0.0,110.0,0.0,110.0
86532,183277,185109.77,1832.77,13,14098.23076923077,0,1,2025-11-07 03:12:41,2,3,China/Shanghai-Shanghai,14.0,0.0,2.0,10.0,2.0,0.0,0.0,417.0,6635.0,365.0,0.0,7417.0
86687,151,152.51,1.51,1,151.0,1,0,2025-11-24 14:11:26,2,2,China/Sichuan-Chengdu,4.0,2.0,0.0,0.0,1.0,1.0,320.0,0.0,0.0,172.0,128.0,620.0
87137,319367,322560.67,3193.67,13,24566.69230769231,1,1,2025-11-08 04:49:14,2,3,China/Shanghai-Shanghai,8.0,1.0,2.0,5.0,0.0,0.0,82.0,403.0,3987.0,0.0,0.0,4472.0
87175,241,243.41,2.41,1,241.0,0,0,2025-11-30 11:37:55,2,1,China/Guangdong-Shenzhen,1.0,0.0,0.0,1.0,0.0,0.0,0.0,0.0,413.0,0.0,0.0,413.0
87190,520,525.2,5.2,2,260.0,1,0,2025-12-05 18:41:13,2,1,China/Shanghai-Shanghai,5.0,0.0,3.0,1.0,0.0,1.0,0.0,423.0,432.0,0.0,218.0,1073.0
87220,209208,211300.08000000002,2092.08,5,41841.6,0,1,2025-11-12 10:01:17,2,1,China/Shanghai-Shanghai,0.0,0.0,0.0,0.0,0.0,0.0,0.0,0.0,0.0,0.0,0.0,0.0
87309,172887,174615.87,1728.87,6,28814.5,0,1,2025-11-08 09:33:34,2,1,China/Shanghai-Shanghai,16.0,1.0,1.0,13.0,0.0,1.0,81.0,36.0,7666.0,0.0,128.0,7911.0
87612,433,437.33,4.33,2,216.5,1,0,2025-11-18 07:19:34,2,1,China/Shanghai-Shanghai,2.0,1.0,0.0,1.0,0.0,0.0,250.0,0.0,393.0,0.0,0.0,643.0
87680,157833,159411.33,1578.33,14,11273.785714285714,0,1,2025-11-08 05:01:33,2,3,China/Shanghai-Shanghai,0.0,0.0,0.0,0.0,0.0,0.0,0.0,0.0,0.0,0.0,0.0,0.0
87775,655,661.55,6.550000000000001,3,218.33333333333334,1,0,2025-12-01 14:31:24,2,1,China/Zhejiang-Wenzhou,2.0,1.0,1.0,0.0,0.0,0.0,183.0,24.0,0.0,0.0,0.0,207.0
87859,120,121.2,1.2,1,120.0,1,0,2025-11-09 13:09:35,2,2,China/Jiangsu-Suzhou,3.0,2.0,1.0,0.0,0.0,0.0,152.0,125.0,0.0,0.0,0.0,277.0
88067,286,288.86,2.86,1,286.0,1,0,2025-10-12 12:29:13,2,1,China/Zhejiang-Wenzhou,3.0,2.0,1.0,0.0,0.0,0.0,49.0,204.0,0.0,0.0,0.0,253.0
88130,652,658.52,6.52,2,326.0,1,0,2025-11-03 12:54:09,3,1,China/Beijing-Beijing,7.0,1.0,2.0,0.0,2.0,2.0,203.0,444.0,0.0,152.0,301.0,1100.0
88309,78409,79193.09,784.0899999999999,10,7840.9,1,1,2025-11-13 08:13:21,2,4,China/Shanghai-Shanghai,8.0,2.0,0.0,6.0,0.0,0.0,444.0,0.0,4524.0,0.0,0.0,4968.0
88442,381521,385336.21,3815.21,13,29347.76923076923,1,1,2025-11-08 16:12:53,2,3,China/Shanghai-Shanghai,14.0,2.0,0.0,12.0,0.0,0.0,352.0,0.0,6304.0,0.0,0.0,6656.0
88455,267,269.67,2.67,1,267.0,1,0,2025-10-26 00:49:01,2,1,China/Zhejiang-Wenzhou,4.0,3.0,1.0,0.0,0.0,0.0,666.0,265.0,0.0,0.0,0.0,931.0
88514,435,439.35,4.35,1,435.0,1,0,2025-11-19 01:21:58,2,1,China/Shanghai-Shanghai,0.0,0.0,0.0,0.0,0.0,0.0,0.0,0.0,0.0,0.0,0.0,0.0
88584,312,315.12,3.12,2,156.0,1,0,2025-10-11 10:42:49,2,1,China/Beijing-Beijing,3.0,0.0,1.0,1.0,1.0,0.0,0.0,136.0,863.0,111.0,0.0,1110.0
88653,627,633.27,6.27,1,627.0,0,0,2025-10-14 18:08:55,4,1,China/Jiangsu-Suzhou,7.0,3.0,3.0,0.0,0.0,1.0,279.0,411.0,0.0,0.0,265.0,955.0
88695,313,316.13,3.13,1,313.0,0,0,2025-10-26 03:36:26,4,2,China/Shanghai-Shanghai,2.0,0.0,0.0,0.0,2.0,0.0,0.0,0.0,0.0,28.0,0.0,28.0
88781,121,122.21,1.21,1,121.0,1,0,2025-11-01 18:33:53,2,1,China/Sichuan-Chengdu,3.0,1.0,0.0,0.0,2.0,0.0,264.0,0.0,0.0,243.0,0.0,507.0
88926,384,387.84,3.84,1,384.0,1,0,2025-10-09 23:09:34,2,1,China/Jiangsu-Suzhou,0.0,0.0,0.0,0.0,0.0,0.0,0.0,0.0,0.0,0.0,0.0,0.0
88992,130698,132004.98,1306.98,9,14522.0,0,1,2025-11-10 14:39:50,2,3,China/Shanghai-Shanghai,14.0,0.0,1.0,11.0,0.0,2.0,0.0,26.0,7289.0,0.0,303.0,7618.0
89085,592,597.9200000000001,5.92,2,296.0,0,0,2025-10-05 03:06:10,2,1,China/Beijing-Beijing,0.0,0.0,0.0,0.0,0.0,0.0,0.0,0.0,0.0,0.0,0.0,0.0
89096,700,707.0,7.0,3,233.33333333333334,1,0,2025-11-16 07:56:54,2,2,China/Guangdong-Shenzhen,0.0,0.0,0.0,0.0,0.0,0.0,0.0,0.0,0.0,0.0,0.0,0.0
89106,798,805.98,7.98,3,266.0,1,0,2025-11-02 21:20:25,2,3,China/Shanghai-Shanghai,0.0,0.0,0.0,0.0,0.0,0.0,0.0,0.0,0.0,0.0,0.0,0.0
89235,280,282.8,2.8,1,280.0,1,0,2025-11-22 19:20:04,2,1,China/Zhejiang-Wenzhou,4.0,0.0,1.0,0.0,1.0,2.0,0.0,118.0,0.0,168.0,266.0,552.0
89237,109,110.09,1.09,1,109.0,1,0,2025-11-15 06:36:41,2,3,China/Shanghai-Shanghai,3.0,2.0,0.0,0.0,1.0,0.0,479.0,0.0,0.0,274.0,0.0,753.0
89406,430,434.3,4.3,1,430.0,1,0,2025-12-15 19:58:00,2,1,China/Guangdong-Shenzhen,3.0,1.0,1.0,0.0,0.0,1.0,56.0,119.0,0.0,0.0,93.0,268.0
89748,162,163.62,1.62,1,162.0,1,0,2025-10-31 01:26:04,2,1,China/Beijing-Beijing,2.0,1.0,0.0,0.0,0.0,1.0,46.0,0.0,0.0,0.0,159.0,205.0
89921,376,379.76,3.76,1,376.0,1,0,2025-10-24 03:54:45,2,4,China/Sichuan-Chengdu,2.0,0.0,0.0,1.0,1.0,0.0,0.0,0.0,155.0,24.0,0.0,179.0
