order_id,user_id,collect_time,active_id,active_type,status,amount
146387084,50082,1764523673,5,3,2,656
111229669,82988,1765892997,5,3,4,812
113320888,81129,1767140480,5,3,2,713
119899900,77625,1766214775,5,3,2,510
124552990,19949,1765452425,6,3,2,115
139998527,64893,1763670669,10,5,2,271
143641311,17850,1765015628,5,3,2,811
148880651,54147,1765085895,5,3,2,876
123820753,71920,1764315405,1,1,2,156
114731198,35627,1767157369,5,3,2,490
130639234,41223,1765091620,3,2,2,220
108381430,75866,1764395946,5,3,3,505
114822518,25339,1765661237,5,3,2,389
123739169,84986,1762832153,7,4,2,238
137909995,73601,1765101289,5,3,2,659
131623228,40472,1765301022,5,3,2,394
100614622,26160,1764900864,5,3,2,717
147087539,72739,1765681092,8,4,2,137
136111628,67020,1766085348,10,5,2,105
137755868,46425,1765957037,5,3,2,719
143033361,61192,1763321633,9,5,2,14
146771145,64893,1763603086,9,5,2,94
133253497,19431,1766289116,5,3,2,755
135677037,51279,1763930644,5,3,2,980
105782246,50082,1764159825,6,3,2,72
121383891,50726,1766754846,5,3,2,399
117334909,69669,1762961511,5,3,2,446
142138818,17095,1766462275,5,3,2,529
141684275,71868,1764674139,8,4,2,282
104968385,45715,1763225396,9,5,3,19
144634476,59669,1762972692,5,3,2,977
108241787,25878,1766902688,7,4,2,85
141152864,75866,1762962600,5,3,1,542
107538952,88442,1763679764,5,3,2,549
102348443,83031,1764255523,5,3,2,405
145143596,37258,1765992934,5,3,2,612
108460797,21731,1765142375,5,3,2,352
104917669,57302,1766259746,8,4,2,64
122861024,50726,1762679388,5,3,2,857
103106076,81041,1764382599,5,3,2,791
117867883,25878,1765957837,9,5,2,199
136621040,46817,1765308435,5,3,2,954
132812108,48331,1765868875,5,3,2,763
116102870,48204,1764176167,5,3,2,848
128255653,54738,1765245110,5,3,2,988
148060624,60043,1764321244,5,3,2,319
147285305,88309,1764365687,5,3,2,835
101612191,23357,1766906691,5,3,2,365
109962447,57728,1764358005,5,3,2,339
114481985,80939,1763896737,9,5,2,194
114653158,34579,1764709401,9,5,2,75
132852582,18585,1764029567,5,3,2,451
142994357,57130,1764433026,5,3,2,341
137397821,35627,1763637635,1,1,2,42
140102855,75143,1764487740,5,3,2,360
131737503,46323,1762788181,5,3,2,639
149985266,33352,1763770726,3,2,2,81
143232181,54738,1764823609,5,3,2,505
105652954,34579,1765934518,9,5,2,83
140098629,23956,1766172270,5,3,2,784
106481898,48331,1765475607,11,2,2,13
124259506,75158,1764530825,5,3,2,764
107746117,84780,1766201140,5,3,2,984
105524885,39754,1765851512,4,2,2,11
148320993,37167,1766019146,5,3,2,555
106767568,87309,1766134465,5,3,2,915
116805323,43314,1765853460,5,3,2,729
113140772,14167,1767161980,4,2,2,190
131099503,17850,1766115063,10,5,2,48
147365551,75866,1765769475,5,3,2,382
123114737,41995,1765836832,5,3,2,543
145015291,69676,1762789919,5,3,2,394
120456821,69676,1764180419,5,3,2,701
122700495,33468,1763307516,5,3,2,941
134085166,19431,1762613162,5,3,2,490
133786341,52923,1763987126,5,3,2,897
114471729,76273,1764972654,5,3,2,411
130557195,87309,1766853289,5,3,2,391
134968312,77625,1763557108,5,3,1,459
147890136,82798,1764130044,5,3,2,490
129387746,39402,1764904510,5,3,2,969
124054855,69669,1762359571,2,1,2,146
144670377,66935,1766043638,5,3,2,422
129160701,76002,1763798583,5,3,2,720
105775185,54147,1767170654,5,3,2,450
136314427,86532,1765380318,5,3,2,800
116317798,40284,1764696937,6,3,4,81
106952876,88992,1764738360,5,3,2,411
113907693,54433,1765991944,3,2,2,226
107297380,48204,1766116451,5,3,2,405
116365125,59215,1763088093,8,4,2,214
123244961,37655,1765070847,5,3,2,545
148438640,26508,1765308329,12,1,2,115
134993386,57302,1765991762,5,3,2,425
149134986,68832,1765626659,2,1,2,246
135223778,33352,1766102094,5,3,2,590
120584142,43314,1764471869,6,3,2,186
118257670,40472,1765592982,5,3,2,432
141365408,48204,1763359165,5,3,2,500
106960172,82988,1764000280,5,3,2,820
145671558,41995,1767130315,8,4,2,223
132485144,61192,1764807914,5,3,2,718
136403556,34001,1765224831,10,5,2,262
106036660,66935,1763660260,5,3,2,775
133570278,23956,1765525937,11,2,2,52
145246051,26508,1763136129,5,3,3,423
118947013,14167,1763927114,12,1,2,63
100935225,75866,1766515541,5,3,2,765
117913739,87309,1763389824,5,3,2,637
110546741,51279,1764657160,5,3,1,729
104935734,76885,1766841844,4,2,2,270
110986813,82798,1764347828,5,3,2,852
115875772,86532,1763940612,3,2,2,237
148806308,77625,1766415198,5,3,2,494
117734243,88992,1765197608,5,3,2,988
141048124,54147,1763012752,5,3,2,988
109520258,88992,1766875152,4,2,2,26
138640655,23956,1762656555,9,5,2,260
107283469,86532,1764904292,5,3,2,396
122405405,52923,1765398655,7,4,2,273
103569389,76002,1762739122,12,1,2,118
127478706,46817,1764502215,5,3,4,880
113314873,35627,1766454586,5,3,3,835
124790310,32772,1764702546,4,2,2,240
142779765,26160,1764147136,5,3,2,360
110564547,63012,1764826984,5,3,2,807
113755652,27742,1767109277,11,2,2,242
105176157,75866,1763679857,5,3,2,770
140206508,33352,1765099098,5,3,2,939
113446413,61053,1764306402,5,3,2,310
124182824,19949,1766311717,5,3,2,854
126068408,75158,1764889508,5,3,2,305
130711527,23499,1766193611,5,3,2,888
112152513,67654,1766425022,7,4,2,244
139934415,72739,1763059139,4,2,2,300
142705248,39754,1762737575,5,3,2,396
131279359,23956,1763867630,5,3,2,862
116819081,80939,1766548837,5,3,2,369
128141842,84986,1763496116,5,3,2,653
140587196,48204,1766149349,5,3,2,354
143940971,66235,1765124323,5,3,2,527
128388408,57302,1763914055,4,2,1,170
110276527,50726,1766348548,8,4,2,169
100819919,52923,1763952387,5,3,2,915
114340699,69669,1763634267,1,1,2,64
130635572,22227,1766399146,10,5,2,76
138457343,34001,1764874730,5,3,2,335
145708906,35750,1762898492,5,3,2,578
108968829,59669,1766315543,5,3,2,443
125651544,48204,1763160471,5,3,2,567
121810276,32772,1765180296,2,1,2,262
122692550,11436,1766297398,5,3,2,429
101631168,17095,1762612638,5,3,2,735
117200212,17850,1766450137,10,5,2,201
105233563,48700,1763302063,5,3,2,356
131437612,60043,1765091271,5,3,2,303
115348404,61192,1765460860,5,3,2,380
135354592,13262,1765108033,2,1,2,53
117457524,19431,1764529847,6,3,2,51
137503594,14167,1764913692,5,3,2,911
148682790,64121,1766925855,9,5,2,259
133466321,64121,1766107659,5,3,2,716
147755656,14167,1766161497,12,1,2,128
127316472,33352,1766364404,5,3,2,653
149689742,74640,1766351910,8,4,2,250
100111712,65225,1766515012,5,3,2,727
136437516,19949,1765751029,5,3,2,701
103148133,34579,1763636174,6,3,2,235
142420977,32462,1762866306,7,4,2,67
115450516,17095,1764681853,9,5,2,141
121819112,23357,1763913606,5,3,2,404
126914709,45993,1764703194,5,3,2,720
132268480,68832,1763963254,5,3,2,847
149609157,39754,1762643067,9,5,2,214
145205654,64121,1764550733,5,3,2,912
132137331,18585,1762994178,5,3,2,352
113238999,85834,1763376411,5,3,2,883
113122929,27865,1763549981,5,3,2,405
111213192,86532,1763024142,3,2,2,180
116805678,86532,1765015004,5,3,1,893
147654803,37167,1766073951,5,3,2,310
111445586,26160,1763439159,5,3,2,673
135163681,23499,1762816381,5,3,3,916
121113089,45993,1766515628,5,3,2,463
114372930,15936,1766520955,5,3,2,351
107140458,66235,1765675083,5,3,2,675
137668921,55622,1766319339,5,3,2,686
118474538,46866,1765436274,5,3,4,603
147701304,59605,1764001708,5,3,2,738
129186229,61053,1763761128,5,3,3,801
116801424,23956,1763995353,5,3,2,732
108556323,34001,1764135393,5,3,1,930
142687776,85000,1766410273,5,3,2,428
144670532,23499,1763764684,5,3,2,482
145441077,57130,1764611910,4,2,2,215
127180170,59215,1766463308,5,3,2,638
146445553,39611,1765125020,5,3,1,916
124534558,40284,1762853530,5,3,2,618
116667134,19431,1765277368,5,3,2,718
128287895,34001,1764689214,6,3,2,258
124909256,57130,1766043192,11,2,2,289
144601058,34579,1765179636,5,3,3,462
102474112,23357,1767124146,5,3,2,874
146889349,76885,1766318402,7,4,3,66
131093346,60043,1764052302,4,2,2,242
144657238,84780,1766033970,5,3,2,470
102417932,18585,1765704985,5,3,2,435
120151302,78606,1766379027,10,5,2,261
127055508,35750,1766466316,5,3,2,725
143967220,54738,1765787072,5,3,2,999
108221017,45993,1766268475,5,3,2,322
144260615,64121,1765727370,2,1,2,285
106349025,15936,1765837262,11,2,2,114
145681762,46866,1765364086,5,3,2,968
108924202,40284,1766336107,5,3,2,604
116204602,24196,1764256790,5,3,1,418
137549181,59215,1766449789,11,2,2,145
111070591,37167,1764970330,10,5,2,115
127350328,23985,1766532445,5,3,2,760
122448562,59605,1766386592,5,3,2,427
127522655,65225,1766904003,5,3,2,585
126349440,71920,1765964214,5,3,2,684
126059369,23956,1763290703,5,3,2,324
141451314,84986,1763114002,11,2,2,253
143134530,11436,1765481180,6,3,2,222
129042981,39611,1766811308,5,3,2,535
140164694,19431,1766208603,7,4,2,212
104966264,52315,1766629202,5,3,2,813
108464774,65225,1765747360,4,2,2,43
126212345,46425,1763194493,5,3,3,352
109568621,85000,1766664347,11,2,1,192
144938910,22227,1763598513,11,2,2,108
133162426,15936,1767048939,5,3,2,875
149717434,57302,1764479044,12,1,2,54
119748644,22135,1766858650,5,3,2,641
118431423,35627,1764988622,5,3,2,348
103806948,23357,1766409107,3,2,2,28
145840996,48700,1762927123,10,5,2,236
140044732,69669,1766090870,3,2,2,238
122290801,72739,1763350288,5,3,2,740
116764130,75143,1763830638,5,3,2,554
129265422,35750,1764659395,5,3,2,779
134586935,54147,1766512157,5,3,2,789
139128941,33468,1765247857,5,3,2,853
134651303,71868,1766357504,2,1,2,35
128848672,19949,1763935413,1,1,2,69
128271727,52315,1766177467,9,5,2,159
132310190,59669,1767146462,7,4,2,53
139517499,16143,1765302863,5,3,2,865
135648719,46817,1763476006,5,3,2,739
148241082,55622,1763504157,5,3,2,626
116679840,27865,1766153660,5,3,2,971
100901614,63012,1766237358,5,3,2,957
123071542,75143,1766499688,5,3,2,683
104135863,18585,1766255047,5,3,2,766
146393110,57302,1766715747,5,3,2,435
104228426,48700,1766206287,5,3,2,839
100872404,19431,1765399877,5,3,2,965
107414704,67654,1763227878,5,3,2,308
144539103,54738,1763638335,5,3,2,421
118664275,59605,1762699350,5,3,2,938
138354178,72739,1765100054,5,3,2,965
107132744,39611,1764425454,5,3,2,941
113211330,32772,1764684600,5,3,2,981
116498656,83031,1764107954,5,3,2,337
147723495,55622,1762992640,9,5,2,29
122884467,35750,1763929761,5,3,2,500
128781178,46323,1765011079,12,1,2,66
120827030,33468,1766038466,6,3,2,88
100333356,30093,1764136937,5,3,2,664
110164035,59605,1767095243,12,1,2,265
108562989,66235,1764791922,1,1,2,282
144864118,48331,1763261099,5,3,2,919
104395171,82798,1763115141,5,3,2,419
103244560,57302,1763246249,5,3,2,444
139145793,24196,1762708449,5,3,2,610
114080883,41223,1765987249,2,1,2,139
139711133,26508,1766936028,1,1,1,11
107924478,64893,1766878826,5,3,2,646
144845023,75866,1765632428,5,3,2,305
133711891,81041,1764393117,5,3,2,749
145040578,64893,1766779410,5,3,2,916
118438462,11436,1766794192,4,2,2,268
102375211,39402,1763104432,5,3,2,414
105330833,33468,1766737442,5,3,1,663
112050383,15936,1765771065,9,5,2,297
119856712,37167,1766062589,9,5,3,165
137596355,23499,1767045949,8,4,2,273
111142498,65225,1765103070,12,1,2,117
117298322,85834,1762783696,1,1,2,43
123043311,82988,1763674153,5,3,2,310
145444127,14675,1765384503,5,3,2,666
120352399,43568,1763355479,5,3,1,482
115414112,22227,1766418369,5,3,2,546
139715853,39611,1767078885,1,1,2,210
140649548,23357,1765898006,5,3,1,823
103378919,82798,1764239391,10,5,2,64
142379885,82798,1766195286,2,1,2,286
111584266,71868,1765473638,9,5,2,39
108600337,39402,1765058107,10,5,2,134
113485723,54738,1764997467,5,3,3,580
111133813,82798,1765069917,5,3,2,305
131643834,23985,1766436206,7,4,2,262
115496097,52315,1763802819,1,1,2,63
111459534,25339,1767021433,5,3,2,777
149065100,43314,1766817741,5,3,2,858
105598734,83031,1765828286,5,3,2,449
120814265,74640,1764802477,8,4,2,186
139352397,85834,1764648293,12,1,1,145
138878094,78606,1766059272,4,2,2,123
127621071,13262,1765067706,4,2,2,186
132327251,76273,1763691333,3,2,2,192
115287306,66235,1764957198,5,3,2,429
123459876,16143,1765930940,5,3,2,525
114054430,54738,1763500280,6,3,2,228
132576349,34001,1762761815,1,1,2,28
144595782,17850,1766548066,11,2,3,186
134693577,22227,1763415235,5,3,2,540
120806154,35627,1766506669,5,3,2,583
124386610,69676,1765982569,1,1,2,254
133453678,68832,1764354364,5,3,2,824
126362945,37167,1763472214,5,3,2,391
112764549,66235,1764012012,3,2,3,80
121337245,82210,1764390548,12,1,2,281
127963747,29387,1766451681,4,2,2,13
142152147,22227,1764667058,5,3,2,996
100806662,30093,1764530673,11,2,2,94
119002665,14675,1763017611,11,2,2,293
116985281,43568,1765760339,5,3,3,932
119742381,29849,1763554240,6,3,2,143
142606001,25339,1765694845,5,3,2,510
114750713,18585,1765435810,7,4,2,15
122359207,82988,1763366811,5,3,4,365
121071043,17095,1762530048,8,4,2,232
105786056,39754,1766026071,4,2,2,281
108160941,61192,1763499303,1,1,2,95
145677979,76273,1766348280,5,3,2,562
118584176,46425,1765530365,5,3,2,861
149799689,63012,1764240357,5,3,2,561
130985274,61192,1767162477,3,2,2,76
112412310,18585,1766280815,5,3,2,952
121457931,48331,1764019355,5,3,2,425
125097122,87137,1764717771,5,3,2,929
106636577,46817,1766912490,8,4,3,265
144556679,55622,1765986733,5,3,2,390
100822976,76002,1762976430,5,3,4,728
134157016,64893,1766000710,5,3,2,698
120599780,63012,1766443796,5,3,2,544
124467947,41223,1765211633,3,2,3,115
127038326,45993,1766027954,11,2,2,190
128653048,26508,1767121060,4,2,2,39
113434966,61053,1765949836,5,3,2,523
101935783,26160,1762961854,11,2,2,294
128336351,23985,1763825187,5,3,2,462
115358467,82798,1764680043,5,3,2,340
120504953,61053,1765002884,8,4,2,192
110888912,16143,1764143230,6,3,2,66
134517008,35627,1762576838,5,3,2,978
124773199,84986,1764356414,11,2,2,228
141315640,50082,1764785503,5,3,2,882
140447494,39754,1765807063,3,2,2,41
111491187,23985,1764640368,5,3,2,935
144050571,46866,1765526880,3,2,4,268
146120006,22227,1764672562,5,3,2,546
138711017,75158,1764185254,5,3,2,708
118494621,21731,1765091977,5,3,2,684
133753067,73601,1765816658,5,3,2,331
129266813,16143,1764426638,11,2,2,295
123731389,14675,1766065677,5,3,4,333
114924993,46817,1765104895,5,3,2,446
120612592,75866,1764946683,10,5,2,159
133297055,60043,1764131331,12,1,2,150
133390256,74640,1765660124,5,3,2,783
121010421,76885,1765148682,5,3,2,606
108472751,69791,1764123976,5,3,2,991
114738030,59215,1762966814,5,3,2,810
144151355,43314,1764007720,8,4,1,68
131157722,88992,1763095233,5,3,1,368
144197787,41995,1766910243,6,3,2,222
132407388,69791,1764484122,5,3,2,351
120595596,40472,1766637976,7,4,2,265
123064672,54433,1766830661,12,1,2,207
108165948,52315,1763365755,4,2,2,192
148948909,32772,1764340060,7,4,2,234
139104053,76273,1765755300,5,3,2,599
140084718,81129,1765173749,5,3,2,587
105645537,50082,1767161175,5,3,2,799
102615650,41995,1765017477,5,3,2,485
119011019,81129,1763635728,6,3,2,22
148088681,42987,1763553167,11,2,2,127
108002292,46425,1766756179,8,4,2,160
109621679,24196,1764863547,10,5,2,210
140607156,52923,1765770992,5,3,2,555
137909728,73601,1762868616,2,1,2,249
143462963,86532,1766300922,5,3,2,641
129794874,14167,1764325228,5,3,3,738
141201430,33352,1766499617,7,4,1,74
127071435,77625,1764981634,5,3,2,978
106525291,22135,1766992569,5,3,2,728
128365241,59605,1764984536,5,3,2,304
125267926,76273,1763468349,5,3,2,990
146799607,55622,1764480594,5,3,2,522
106485383,84780,1765049341,6,3,2,207
141749474,76273,1764196999,6,3,2,166
131704303,54433,1763148827,5,3,2,730
148190720,59215,1765175570,5,3,2,704
146347962,45993,1766497314,5,3,1,911
139619714,19431,1765901742,5,3,2,719
134777253,16143,1763577864,5,3,2,387
144165749,52923,1763938253,8,4,1,73
145264905,85834,1763116131,5,3,2,676
149781458,57130,1764725796,6,3,2,46
134681067,17095,1764580909,5,3,2,466
107641038,26160,1766085473,11,2,2,223
112142304,46866,1763425964,5,3,2,601
117291838,57728,1764073664,2,1,4,261
137503165,61192,1763254427,1,1,1,121
136200462,29849,1764343794,5,3,2,626
117793113,87309,1764024544,5,3,2,505
135380835,17850,1762972088,5,3,2,928
135670282,23985,1765832903,5,3,2,971
148822366,13262,1766824080,5,3,1,505
115403799,64893,1763864325,1,1,2,281
106641955,37258,1763078839,5,3,2,476
109322961,69791,1765374105,5,3,2,460
135786102,71868,1765994933,5,3,2,729
126435224,87309,1766257622,5,3,2,893
123526487,57130,1764442927,12,1,2,156
111328306,24196,1765721193,5,3,2,860
105256506,18585,1762724771,5,3,2,459
143574995,19949,1762785145,5,3,2,806
141624426,48693,1764248973,5,3,2,922
134660536,76885,1763284250,5,3,2,829
137497445,22227,1762639886,9,5,2,297
148695799,29849,1764032974,5,3,2,771
109014149,43568,1763363036,10,5,2,38
115241879,37167,1766049897,5,3,2,815
139014777,63012,1766549332,5,3,2,344
133119214,81403,1766375545,5,3,2,749
124955222,48204,1766802557,10,5,2,253
143511829,40472,1765221840,5,3,2,565
140553654,21731,1765378481,5,3,2,708
123414224,81041,1766053684,5,3,2,895
146795772,23499,1765051910,5,3,2,345
145389734,37258,1765922410,5,3,2,786
117287677,34579,1764221896,5,3,2,643
117891899,35750,1765914227,5,3,2,701
136775737,46323,1766509315,5,3,2,375
149130329,35750,1766637582,11,2,3,174
120164710,64893,1764972315,5,3,2,863
110170299,75143,1763232850,5,3,2,364
135253142,39611,1765827930,9,5,2,78
134629289,19431,1764516900,5,3,2,914
129331372,16305,1766875366,5,3,2,569
120448020,83031,1765177486,5,3,2,313
149283190,65225,1762677088,5,3,2,428
110516039,64121,1764419474,5,3,2,664
128386781,41223,1766360810,4,2,2,80
105082895,14675,1765243486,2,1,3,232
108358047,61053,1765007326,5,3,2,820
116182645,27865,1765564216,5,3,2,766
108330379,45715,1764617541,5,3,2,602
135857232,22135,1764398406,8,4,3,30
125812654,55622,1763509001,5,3,2,905
137592419,40472,1766307386,10,5,2,45
127375067,21731,1763291608,5,3,2,536
103298755,25878,1764554398,5,3,2,367
138857511,59605,1766187313,5,3,2,321
104225608,76885,1766527497,5,3,2,453
136306947,37167,1765361189,4,2,2,76
133269153,37167,1765257760,5,3,2,543
145015750,50726,1762996936,5,3,2,634
123662494,45715,1765511420,5,3,2,656
139478908,87309,1765574658,5,3,2,596
107497144,48700,1766608682,5,3,2,309
133073294,64893,1764187664,3,2,2,263
122619511,57130,1765848016,3,2,2,197
145785077,55622,1763931467,5,3,2,592
110902834,55622,1765926497,5,3,2,674
114530586,87309,1766386771,10,5,2,128
105971981,76273,1766356494,11,2,1,114
118720779,27865,1765713732,5,3,2,688
142675091,84986,1767087052,5,3,2,768
122852357,17095,1763120654,10,5,2,42
108191990,50726,1763496098,10,5,2,104
111062348,18585,1766551392,12,1,2,48
149089831,23499,1765195123,5,3,2,858
111243858,65225,1766246910,5,3,2,675
104484061,17095,1765334899,5,3,2,839
127527032,43314,1765669748,5,3,2,801
143626017,85000,1765343660,5,3,2,849
139472492,87137,1764090096,5,3,4,544
138001007,40284,1763701849,6,3,2,110
114997114,46817,1764872665,6,3,2,110
131220691,29387,1766914860,10,5,2,13
147263465,54738,1763086534,5,3,2,960
101111706,29849,1764649764,5,3,2,367
111129854,37655,1766890114,5,3,2,733
117596422,23357,1764270726,4,2,1,244
112227853,76885,1766047715,5,3,2,633
144152878,19431,1764704247,5,3,2,519
131722005,86532,1764170207,5,3,2,692
135848093,27742,1763387100,6,3,2,14
105837976,25339,1763124045,5,3,4,502
145880086,29387,1765611991,5,3,2,498
128493683,49928,1763776178,11,2,2,45
149287821,86532,1765955641,8,4,1,91
130061076,67654,1765905500,5,3,2,693
127222302,16305,1766620035,5,3,2,576
148132707,39611,1764446211,5,3,2,905
111683700,43568,1765098358,4,2,2,68
142749216,88442,1766354355,5,3,2,346
105801157,75158,1765980617,11,2,2,249
129806414,82988,1763786235,5,3,1,778
135589408,82798,1763890129,5,3,2,553
127733716,59605,1766370734,5,3,2,556
106768912,23985,1762895749,5,3,2,679
108795558,14675,1765608036,8,4,2,103
143131609,23985,1765349167,5,3,2,570
143485646,19431,1764452162,5,3,2,858
112612928,72739,1765117916,5,3,2,439
125098738,82798,1764349384,5,3,2,811
121942284,59605,1763673766,5,3,2,775
141449685,69669,1765228338,5,3,2,621
131702844,68832,1765419670,12,1,2,194
107685888,74640,1764830929,7,4,2,194
114831653,14675,1765865498,5,3,2,706
109642748,48331,1763908335,4,2,2,267
109479284,45993,1765417820,10,5,2,233
110079044,61053,1765777740,5,3,2,336
122887321,76273,1766855527,3,2,2,67
138683364,46817,1764700554,5,3,4,962
120984270,16305,1766422340,5,3,2,440
112516840,17095,1766632729,5,3,2,835
138792884,82798,1766361682,5,3,2,858
107359912,48331,1763661581,5,3,2,520
113538223,15936,1763461345,5,3,1,956
107275290,88442,1763107352,5,3,2,490
138886101,78606,1764456209,7,4,2,264
110398917,33903,1764615647,11,2,2,248
122314354,85834,1766520000,5,3,2,540
117183102,64893,1764782280,1,1,2,87
101721399,81403,1765099439,9,5,1,116
146732784,23499,1763792318,5,3,2,802
112375129,41223,1764650710,10,5,2,88
126698410,88442,1765096268,1,1,2,126
127486553,80939,1766349474,5,3,2,493
143780420,39754,1762349822,5,3,2,311
105438299,40472,1764116597,5,3,2,646
111896880,57130,1763750659,5,3,3,815
132301785,61053,1763581118,9,5,2,158
111135061,46866,1766993735,4,2,2,219
106074719,80939,1764381027,2,1,2,205
143671637,59215,1764946722,5,3,2,996
105960535,18585,1764904628,10,5,2,173
105001492,46425,1765841395,5,3,2,722
114300998,60043,1764577187,7,4,2,240
109981624,42987,1763564868,5,3,2,677
115670783,32462,1764435966,5,3,2,795
118572543,15936,1766763354,7,4,2,178
114120108,50082,1763186223,5,3,2,791
107316212,77797,1763758203,5,3,2,438
135530537,78606,1764535129,6,3,2,275
146222045,66235,1763433037,5,3,2,608
124880546,33903,1765493382,11,2,2,219
146003782,75158,1766012043,5,3,2,369
116295663,25878,1767019424,5,3,2,848
126379839,49928,1764637950,1,1,2,294
117462007,22135,1767008607,3,2,2,65
106459750,39402,1765112479,4,2,2,129
111859858,82988,1766006461,6,3,2,102
132155925,85000,1764273224,5,3,2,382
113627441,17095,1766269253,5,3,2,307
145319844,63012,1765710622,5,3,3,390
132779130,50726,1766771634,5,3,1,934
116438242,69791,1764039931,5,3,2,509
102061033,61053,1763111007,5,3,2,520
131622624,41995,1764110797,12,1,2,62
131654048,64121,1766365686,11,2,2,145
123854128,52315,1763089379,2,1,2,237
108496481,14167,1762708529,6,3,2,28
109261587,68832,1765459982,3,2,2,250
121125689,48204,1764249885,6,3,2,120
149150668,48700,1765572010,5,3,2,458
138021777,88992,1764096047,5,3,2,696
116426387,73601,1764448770,10,5,2,274
148215829,26508,1767004635,5,3,2,887
116391903,59669,1766842762,5,3,2,635
105300885,77797,1764957485,4,2,2,52
138160700,82210,1763583517,5,3,1,871
120741431,88992,1766086372,5,3,2,604
144886072,18585,1763484927,5,3,3,491
115898915,59215,1763269554,5,3,1,708
113733906,15936,1764560784,5,3,2,721
106438018,23357,1766701214,10,5,2,265
130067271,25878,1765042673,5,3,2,605
113136136,61192,1764991856,3,2,2,206
119485807,27742,1763441946,4,2,2,179
143668647,57302,1765932809,12,1,2,99
112132589,71868,1766789540,5,3,2,431
124673407,54738,1767078489,11,2,2,166
122312952,43568,1766777798,5,3,3,620
130176402,54147,1766910139,2,1,2,252
133760428,57130,1765799705,5,3,2,830
121665341,33352,1764569142,5,3,4,446
146681004,88309,1764400327,5,3,2,614
136882306,59669,1762541268,5,3,2,577
117368113,33468,1766406608,12,1,2,143
143933238,45715,1763700725,5,3,2,753
120001981,48331,1765534847,5,3,2,915
102546487,23357,1764706176,5,3,4,656
146102027,88309,1764317721,5,3,2,970
128657413,83031,1765178146,5,3,2,758
142257206,52315,1763499869,7,4,2,130
112437727,33352,1766677252,5,3,3,653
138312878,52923,1763774361,9,5,2,300
137516796,67020,1766577473,5,3,2,484
113188148,48700,1766520363,5,3,3,518
136959397,14675,1764630336,5,3,2,924
110667688,39754,1766043248,5,3,2,345
119608489,83031,1763013558,5,3,2,472
136966070,32462,1765772293,9,5,2,225
144947868,69676,1766029960,7,4,2,143
149120985,50082,1766964252,5,3,2,935
136693581,57302,1763550303,5,3,2,474
146339104,76002,1766794270,12,1,2,278
140974817,25339,1765256489,5,3,2,507
100380290,73601,1766308983,5,3,2,347
127438296,26160,1763827018,5,3,2,342
126867591,69791,1766821227,5,3,3,492
133128880,15936,1767097540,5,3,3,782
103786585,17095,1765313403,1,1,2,299
145266616,75158,1764685944,11,2,2,159
138399885,82988,1765830820,5,3,2,584
116459674,60043,1763626406,12,1,2,134
126865464,49928,1763969669,5,3,2,633
110579498,81041,1764017209,5,3,2,618
135441650,72739,1767141819,5,3,1,963
119919122,80939,1765970034,5,3,2,609
140673402,81041,1766612330,5,3,2,654
116264863,33468,1763166306,5,3,2,518
122237269,23357,1764886004,11,2,2,14
133999407,69669,1765444199,2,1,2,162
122824210,57130,1766369169,5,3,2,347
100080980,54738,1765383654,5,3,2,940
137929738,48700,1766253448,2,1,2,188
136918689,64893,1764138711,5,3,2,642
108380367,75158,1764709725,4,2,3,214
115080755,41995,1763862819,3,2,2,260
128965708,82988,1766039484,5,3,2,370
104596483,45715,1766424881,5,3,2,783
136287936,37167,1762970460,5,3,2,631
133072049,74640,1766337093,5,3,2,304
139871732,16305,1764108025,6,3,2,144
123899449,29387,1764974301,1,1,3,195
144469414,48700,1766694417,2,1,2,103
139515066,71920,1766561205,11,2,2,83
104162183,64893,1763791748,3,2,2,288
126555322,76002,1763532742,9,5,2,133
134438526,76885,1765096739,5,3,2,556
125017510,11436,1762993649,8,4,2,57
116542884,57130,1765671875,3,2,2,37
127717044,49928,1766839872,5,3,2,635
136640499,61053,1767126286,1,1,2,118
101095513,88309,1764364771,5,3,1,450
139654469,50726,1766229175,5,3,1,556
109724089,29387,1766774673,5,3,3,879
100569103,59605,1764277160,5,3,2,348
104514105,83031,1765086891,5,3,2,444
149895956,14167,1762843006,5,3,2,426
125889439,84986,1764219728,5,3,2,883
106414980,34579,1763700100,5,3,2,548
139426098,74640,1765488702,5,3,2,449
133925519,13262,1762486003,5,3,2,369
100745242,57302,1767152916,5,3,2,320
111527975,29849,1766883210,5,3,2,424
141971874,76002,1765339790,5,3,2,424
134178345,24196,1765738665,9,5,2,150
135947579,23499,1765190227,5,3,2,506
146230402,45993,1766628943,12,1,2,272
135416210,40284,1765303970,10,5,2,164
124005826,71920,1766717115,5,3,2,584
128228999,17850,1763204674,5,3,2,337
148931598,40472,1763962726,5,3,2,872
122695331,82988,1763178682,5,3,2,665
133512757,23499,1766318384,5,3,2,543
113660250,19949,1766694572,2,1,2,65
122095876,22227,1765625434,5,3,2,594
116633369,77797,1766169130,5,3,3,607
136971252,67020,1766762837,5,3,2,826
141905264,82798,1766897241,5,3,2,885
121017696,85000,1763131372,5,3,1,426
129374621,17850,1765154814,2,1,2,235
126228972,33903,1762605500,1,1,2,263
101322508,34579,1764962199,5,3,2,875
118641326,52315,1763900885,5,3,3,534
107937268,87309,1762712075,5,3,2,787
138046679,22227,1765211974,5,3,2,894
119941175,33784,1763474545,5,3,1,886
135124272,24196,1764701826,5,3,2,471
109649616,48331,1765032149,5,3,1,560
113726718,48331,1763327605,5,3,2,557
127536804,40472,1764413470,5,3,2,853
135651450,50082,1765543427,5,3,2,821
120879455,86532,1764513335,5,3,2,547
114939978,69669,1765338631,5,3,2,421
111739290,59215,1763669894,3,2,2,56
120521859,72739,1767023804,5,3,2,476
135129351,25878,1764096938,5,3,2,846
105237218,24196,1766842233,5,3,2,326
128021598,33784,1767048487,10,5,2,129
127833854,59215,1766906350,5,3,2,359
118810825,45715,1766991073,5,3,2,687
132262609,77625,1767016623,6,3,1,166
127071053,60043,1764208007,3,2,2,279
124033171,22135,1766463427,5,3,2,348
128197225,35750,1766404009,5,3,2,548
137900355,33784,1762975578,5,3,2,396
149588468,66235,1763990168,6,3,2,20
132520581,71868,1763325811,5,3,2,414
111829054,23499,1765731205,11,2,2,232
125877018,48693,1764766867,5,3,2,433
128477178,50082,1763583513,2,1,2,251
121011210,46817,1766425407,5,3,2,499
136246758,19949,1763947750,5,3,2,906
112801397,75866,1766626110,5,3,2,786
120853018,82210,1764242867,5,3,2,845
142049518,51279,1763941115,10,5,2,156
135888284,21731,1766362563,10,5,2,48
107430317,69791,1765348027,5,3,3,382
136303299,30093,1766717015,11,2,2,217
131398398,45993,1766608858,7,4,2,253
123690712,66235,1765170194,5,3,3,754
120567281,55622,1763238217,5,3,2,941
100959846,11436,1762600492,10,5,2,254
135079995,43568,1763321787,5,3,2,568
117143753,29849,1764793791,5,3,2,415
116997372,82988,1766344728,5,3,2,385
110806313,68832,1764753171,5,3,2,575
107638096,87309,1765554613,12,1,2,81
140431116,39754,1764460595,8,4,2,41
117732853,30093,1765070149,5,3,2,481
113342301,76273,1764416544,5,3,2,772
132760434,27742,1764742894,5,3,2,892
128973137,48693,1765000171,5,3,2,873
124223399,65225,1764759592,5,3,2,417
134748278,25878,1763443167,5,3,2,614
130314174,57130,1763536402,5,3,2,401
128996180,34579,1766803870,9,5,2,101
113401763,13262,1763002388,12,1,2,228
132649221,49928,1764352766,12,1,2,229
114173748,76885,1764462236,5,3,2,899
128669252,45993,1764963775,6,3,2,79
138519811,74640,1765856253,5,3,2,654
130288820,75866,1764206300,5,3,2,496
131180985,19949,1764082922,5,3,1,720
105124352,50726,1763297709,5,3,2,893
114313839,76002,1765503007,5,3,2,348
115788755,46323,1764574727,5,3,2,566
149613910,17095,1763876437,5,3,2,831
103669171,14167,1765146750,10,5,2,11
122089193,34001,1763144055,5,3,2,998
137718417,64121,1764308263,5,3,2,501
146271432,39611,1765205922,5,3,2,434
130522230,26508,1765413006,5,3,2,683
138559476,18585,1765988531,6,3,2,123
133179583,66235,1763808351,5,3,2,622
143720447,43568,1763950229,10,5,2,44
125371036,34001,1763854677,5,3,2,765
116671367,64121,1766102419,12,1,2,139
119176968,32772,1766190087,5,3,2,418
123835528,87309,1765995374,5,3,2,546
120909764,85834,1763077519,2,1,2,86
113040904,65225,1763793587,5,3,2,379
101113552,67654,1764624805,5,3,2,560
111064834,63012,1766656986,11,2,2,45
119004068,59669,1764429456,7,4,2,213
132195134,71868,1765464839,6,3,2,14
121700330,51279,1764132367,5,3,2,905
109886819,33352,1766333378,5,3,1,477
142089893,40284,1763286761,8,4,2,109
140727226,54433,1765253073,10,5,4,44
117151081,64121,1763242413,6,3,2,238
120952588,82798,1766976123,5,3,2,767
142070447,85000,1763356948,5,3,2,537
120387321,29387,1765075862,12,1,2,21
123494608,84986,1764984843,5,3,2,995
149316147,32772,1767024094,3,2,2,227
103617519,59669,1765026141,5,3,2,371
119907597,41223,1763276310,5,3,2,754
148276414,23499,1766561741,9,5,2,194
134885930,66235,1765413390,8,4,2,95
149864072,35750,1766982226,5,3,2,933
106440385,39611,1763657680,8,4,2,300
124161723,43314,1765878631,8,4,2,298
132063317,64893,1766679617,5,3,2,725
115718111,88442,1763544421,5,3,2,303
108815562,35627,1767051388,5,3,2,685
121436227,30093,1765481240,7,4,2,78
106658115,23357,1764393407,3,2,2,295
128750290,54147,1764800004,5,3,1,706
132453062,59669,1766774967,5,3,2,488
113457855,29849,1765354785,5,3,2,558
121773658,82210,1764373156,5,3,2,552
110349557,55622,1767090419,5,3,2,725
140781462,25878,1764987771,5,3,2,452
102613767,50726,1763817001,5,3,3,827
114935681,64121,1763428339,5,3,3,762
105863005,45715,1765895531,5,3,2,622
144924499,81403,1764139988,8,4,2,191
125645574,17850,1766329978,10,5,2,28
149815371,45715,1763213678,5,3,3,684
135951199,78606,1765445608,5,3,2,902
102528082,78606,1764641104,10,5,2,51
122088424,68832,1766884390,3,2,2,212
144784015,57728,1766402696,5,3,2,379
115340032,63012,1766100868,5,3,2,446
101763509,48331,1766284383,5,3,2,657
121095802,50726,1764017581,5,3,2,698
101611999,22227,1763685193,5,3,2,820
127912535,34579,1766663622,5,3,2,559
116283817,37655,1763199549,5,3,2,468
136573636,32462,1763996136,5,3,2,688
138553515,84780,1766010339,8,4,2,155
114490035,39754,1766492890,5,3,2,678
102139761,37258,1763163182,5,3,2,578
131734142,25339,1763137637,5,3,2,687
132499520,69669,1766489091,8,4,2,169
135116194,50082,1763060743,5,3,2,907
103111547,15936,1766994510,5,3,2,760
135347139,59215,1763579159,5,3,2,319
137761844,23357,1766293610,5,3,2,685
112193969,27742,1766831768,5,3,2,396
149830753,81403,1764834734,1,1,2,40
125416576,57728,1765958162,9,5,2,189
110198215,82988,1764238338,5,3,2,526
117711808,66935,1766732749,5,3,2,465
142480840,85834,1763086282,11,2,2,59
148859435,52315,1766289157,5,3,2,578
125305564,37655,1765320229,10,5,2,192
126654379,17850,1765775619,5,3,2,736
131416411,76885,1763002993,5,3,2,758
110116857,84986,1763014456,5,3,2,435
134152293,64121,1763985553,5,3,2,412
123569811,81041,1764481417,5,3,2,303
141927713,67020,1764286151,5,3,2,483
143957251,66935,1766739132,5,3,2,601
137440548,52923,1763404904,5,3,2,908
131584552,41223,1762435525,9,5,2,295
133920907,43314,1763161580,11,2,2,252
118209668,81129,1766523638,5,3,2,881
122368309,63012,1764860700,5,3,4,928
131758840,77625,1765905226,5,3,2,704
136841151,65225,1764017652,5,3,2,640
123005225,48204,1763195998,5,3,2,661
122839171,54147,1763743510,5,3,2,566
100503533,52923,1763546560,5,3,2,718
129447867,42987,1763203309,11,2,4,55
140333018,41223,1762621669,5,3,2,360
139912609,37258,1764606689,5,3,2,840
140477671,14167,1763332158,5,3,2,751
132383870,48700,1764228771,5,3,2,496
137540923,39402,1764267984,5,3,2,766
107978720,87137,1763199907,5,3,2,974
122505431,34579,1766055756,12,1,1,143
126009061,26508,1766690856,1,1,2,290
145571377,66235,1766145931,4,2,2,33
125874815,75143,1764467085,5,3,2,301
117946844,71868,1765135292,5,3,2,725
127850138,52315,1763234549,5,3,2,908
126022668,21731,1763910702,8,4,2,17
137836815,22227,1766355329,5,3,2,893
103748485,37167,1764019602,12,1,2,260
148083649,86532,1762796562,5,3,2,434
119760483,60043,1763256112,8,4,2,154
147440264,37258,1766092542,5,3,2,565
122297789,68832,1765848966,5,3,2,882
131367463,30093,1766767865,5,3,2,336
145932282,52923,1765872297,8,4,1,105
109214365,84986,1763842799,5,3,4,312
137903616,77797,1764022787,5,3,2,455
124467753,37655,1767010341,5,3,2,937
115577233,82210,1767068172,5,3,2,996
126875499,54738,1766815159,5,3,2,655
147985755,83031,1762685862,5,3,2,831
126248026,40284,1767120401,5,3,2,935
118785331,35750,1762835219,5,3,2,874
111021523,33352,1763182322,5,3,2,327
142548824,39754,1765664560,5,3,2,454
121909747,50726,1763947598,5,3,2,496
119311052,41223,1765965554,5,3,3,869
130438375,71868,1766219018,2,1,2,197
100003182,37655,1764491113,5,3,2,697
134411373,21731,1766698093,5,3,2,424
138050136,54147,1764762149,3,2,2,31
138915518,61053,1765412558,8,4,2,233
128829864,85000,1767169005,2,1,1,239
149920363,54147,1763563581,5,3,2,930
128244303,68832,1762938487,10,5,2,47
148712607,54738,1766335826,5,3,2,856
145020307,48700,1764404225,5,3,2,506
108982342,87309,1764190685,5,3,2,337
108661744,82798,1763665461,5,3,2,396
149276566,82988,1765713797,5,3,2,314
133368700,29849,1764135001,5,3,2,366
115432122,17850,1764721585,11,2,2,284
139640623,27865,1764723000,5,3,2,848
141106179,69791,1765527083,5,3,2,612
138208088,37167,1763608477,5,3,2,801
106314940,66935,1766639584,5,3,2,368
107023106,45993,1766177595,5,3,4,906
118306024,77797,1763850376,5,3,4,319
122740623,18585,1764334708,5,3,2,774
105157288,87309,1766599234,5,3,2,613
143790489,43314,1765235214,5,3,2,421
103522133,75866,1766327229,5,3,2,654
101280626,48693,1764311135,4,2,2,10
110778883,34579,1764104575,5,3,2,975
101231147,14167,1763509682,5,3,2,935
132602835,60043,1765207192,5,3,2,983
107871081,84986,1765267520,5,3,2,676
121798172,48700,1766647893,5,3,2,419
106031075,69669,1765584251,5,3,3,898
104322700,29387,1766132553,5,3,2,804
118073596,52315,1763887113,5,3,2,873
118278363,48693,1765977880,5,3,2,367
102551508,81041,1766265651,5,3,2,442
142487153,67020,1763968694,1,1,2,128
137887987,76273,1766280963,5,3,2,432
148366952,57130,1765081016,6,3,2,43
123838753,69676,1764003286,5,3,2,766
102258721,48331,1766670444,7,4,2,256
124719205,59215,1762844829,5,3,2,760
126428960,59669,1763892098,5,3,2,520
104820681,27865,1765298202,5,3,2,428
135414477,25878,1764837247,5,3,2,406
149378294,42987,1763381266,10,5,2,227
102657601,27865,1766392914,5,3,2,498
123247288,50082,1762977088,2,1,2,32
103557651,73601,1765904851,5,3,2,493
146292426,19949,1764004618,4,2,3,144
134016714,49928,1765484995,8,4,2,87
124255027,33903,1764723132,5,3,2,697
128259162,17095,1766619847,1,1,2,25
104919822,64121,1763277719,2,1,2,88
117706301,26160,1765614354,4,2,2,42
134922449,81129,1764797361,4,2,2,233
118944843,49928,1764661443,4,2,2,265
112831263,24196,1764331459,5,3,2,362
130445868,49928,1763633259,5,3,2,844
116679672,49928,1763880230,5,3,2,653
101811024,35627,1766539433,5,3,3,632
134001131,45715,1766961403,5,3,2,618
109830214,78606,1763644411,7,4,2,261
139982963,69791,1766851230,5,3,4,337
119666784,17850,1763970319,5,3,2,534
138261934,46425,1763326444,9,5,2,170
143546503,66235,1764455639,5,3,2,905
142828939,49928,1763329333,11,2,2,219
125078346,46425,1767136428,5,3,2,908
111407802,50726,1766614416,5,3,2,737
147370465,66235,1764923315,4,2,2,229
124145012,80939,1765960383,5,3,2,689
118302768,49928,1766075247,5,3,2,660
109451152,18585,1766503823,5,3,2,996
133081174,57302,1762868927,5,3,2,857
112082672,59215,1765315387,5,3,2,767
118864715,68832,1764735995,5,3,2,616
125004272,39402,1765354429,5,3,2,355
137417327,32462,1766453071,5,3,2,471
135094084,52315,1764649210,5,3,2,731
122177069,23357,1763807686,5,3,2,717
105040862,32772,1766718127,6,3,2,86
122089442,52315,1764666815,6,3,3,59
127295233,46866,1765981243,5,3,2,492
128307087,57302,1764833033,5,3,2,961
134176102,48700,1765750288,8,4,2,161
141472613,71868,1766588661,5,3,2,661
111453537,69669,1763484440,3,2,2,265
108836982,73601,1765535504,10,5,2,133
136806040,39611,1764393100,4,2,2,14
138979940,13262,1764684610,12,1,2,84
144153985,75158,1763515967,1,1,2,91
147378475,29387,1764027098,5,3,2,763
139311949,54738,1764266750,5,3,2,443
116347776,57130,1765533265,11,2,2,248
141098727,66235,1765334073,6,3,2,14
108932546,23956,1764846582,5,3,2,302
142782028,66935,1765718885,8,4,2,221
105004448,17095,1763937625,12,1,2,203
107087244,64121,1766211128,5,3,2,355
123940594,16143,1764208409,3,2,2,300
145696814,45993,1763090708,8,4,2,258
121472222,27742,1765870585,9,5,2,266
149170267,63012,1763608163,5,3,2,896
146832833,33784,1765068515,12,1,2,87
140784441,49928,1766626728,5,3,2,407
143206471,54738,1763363057,5,3,2,572
129870340,45715,1765045977,5,3,4,891
147909111,69676,1766768420,5,3,2,371
106965576,83031,1764824172,2,1,2,104
121504814,67020,1764774662,5,3,2,946
109719485,73601,1766741063,9,5,2,243
131718685,66235,1765171217,10,5,2,194
109902926,68832,1766160418,2,1,2,89
109267985,21731,1764303743,5,3,2,533
145363128,46425,1766927742,5,3,2,695
126619780,48331,1767089634,8,4,2,28
122293251,40472,1765686790,12,1,2,280
121165456,16143,1764987298,5,3,2,616
132563754,22227,1763342930,3,2,2,243
139521646,85834,1764596665,5,3,2,624
118263395,26508,1764969491,5,3,2,510
131576958,19949,1766906471,5,3,1,655
135588597,48204,1764540479,5,3,2,962
119441441,66235,1764754068,5,3,2,715
119706007,48331,1763048847,5,3,2,868
127547154,84986,1765430875,5,3,2,691
142312186,23499,1763406164,5,3,3,842
113204108,88442,1764549734,5,3,2,468
126847347,14675,1762947107,5,3,2,853
112316955,59669,1765422636,5,3,2,705
135962608,55622,1764480381,10,5,2,257
147799527,29387,1765544311,5,3,2,481
135053936,76885,1767158489,5,3,2,884
114231987,81403,1763457509,5,3,2,710
139966048,61053,1766098063,5,3,2,679
124120068,77797,1765321402,3,2,2,74
143966219,45715,1763777450,5,3,2,871
132852310,25878,1765526688,5,3,2,875
110810790,61053,1763992082,12,1,2,239
148070123,41223,1764151212,5,3,1,730
106879225,33903,1763467803,5,3,2,579
140251597,48204,1766148710,11,2,2,158
146173370,43568,1765982384,5,3,2,843
135693322,69669,1766100568,5,3,2,546
119457775,76885,1764525695,2,1,2,82
118163999,29849,1763075446,5,3,2,441
144450906,50082,1765469972,5,3,2,654
105475408,16305,1762743718,5,3,2,523
125147947,84986,1766402334,9,5,2,36
140243262,77797,1764874437,5,3,2,434
141179194,16143,1763574006,4,2,2,31
128795465,34579,1765264516,5,3,2,472
120146623,27742,1764792431,5,3,2,723
105339028,34001,1766970157,5,3,2,770
101608393,80939,1766869962,5,3,2,999
137512249,78606,1765169470,5,3,2,410
124543050,16305,1764771423,9,5,2,224
113091022,75143,1767031145,5,3,2,595
142265206,54738,1767113528,5,3,2,823
107910184,67654,1763648172,11,2,2,146
129770235,19949,1764177650,5,3,2,529
129191221,85834,1762908546,5,3,2,772
119948253,50082,1767055461,9,5,2,149
128035292,66935,1764356497,5,3,2,920
106348309,77625,1765216696,11,2,2,87
139018163,14167,1765148505,5,3,3,515
103350729,61192,1763097967,5,3,2,686
148852731,81041,1766252872,5,3,2,346
104924376,64893,1763479013,5,3,2,457
125048887,40472,1765042205,11,2,2,161
130568392,77625,1764383352,5,3,2,490
100547952,75143,1763853964,5,3,2,814
142329739,39402,1764605910,5,3,2,769
143353679,67020,1763647910,12,1,2,224
106261538,88442,1766788402,5,3,2,354
133480552,27865,1763901412,5,3,2,517
106592769,67020,1765530617,5,3,1,665
138792747,50082,1764499736,5,3,2,734
108029300,15936,1764798119,1,1,2,85
129575672,27742,1764257749,10,5,2,59
112069521,42987,1765199326,10,5,2,256
112003710,23985,1767133699,5,3,2,725
130264525,22227,1763544998,5,3,2,938
112563268,82798,1763236909,5,3,2,786
142562507,39611,1766696702,5,3,2,693
125886245,73601,1765041871,5,3,2,699
146184950,69669,1762708934,1,1,2,235
132654432,48204,1766767287,5,3,2,820
100089562,64121,1766368273,3,2,2,63
111421792,66235,1763842597,4,2,2,52
129066742,81129,1766570579,4,2,2,172
117314853,64893,1767016966,5,3,2,340
109045104,84780,1764885455,5,3,2,617
107498042,26160,1765095072,5,3,2,961
101773792,63012,1763607185,5,3,2,754
135266958,54147,1766776946,5,3,2,434
142125849,64121,1764987310,5,3,2,555
126701033,27742,1765029652,5,3,2,840
105477241,29849,1765809757,4,2,2,296
105264001,50726,1766278318,5,3,2,670
109555846,32462,1762456231,10,5,2,202
113931061,40472,1765160208,5,3,2,827
149664813,48693,1765857668,5,3,2,465
127316461,34001,1766691075,9,5,2,89
133578979,37655,1763996062,7,4,2,97
136674816,23956,1762575486,5,3,2,488
118579275,48700,1764835987,5,3,2,599
132445376,25339,1762961473,5,3,2,599
113043943,39402,1763752364,10,5,2,180
110426299,78606,1763383095,3,2,2,13
106505497,43568,1764321121,5,3,3,637
135662647,54147,1764497519,8,4,2,94
138781729,54433,1765659472,2,1,2,201
120702468,61192,1765234193,5,3,2,870
123724425,51279,1765019892,5,3,2,346
111620412,69676,1767170792,5,3,2,312
122434108,54147,1763432185,5,3,2,762
121455255,48700,1764538445,7,4,2,299
131768302,75866,1765034319,5,3,2,988
133202419,14675,1765944979,5,3,2,896
133055964,59215,1764523746,8,4,2,148
101062056,72739,1763470182,11,2,2,268
102969861,75158,1765559551,6,3,2,14
106211978,46817,1766617069,5,3,1,931
144795427,34579,1766969157,11,2,2,285
115463693,76885,1765537851,5,3,2,716
106777829,76002,1764695538,5,3,2,665
105021622,64121,1765547391,6,3,3,145
109818886,81041,1763764954,5,3,2,439
142915792,52923,1764629483,5,3,2,668
143950314,49928,1766567447,5,3,2,662
105561904,63012,1763951473,7,4,2,197
125109048,76273,1763476939,8,4,4,15
135881032,41223,1763612285,5,3,2,595
131184121,66235,1766717715,5,3,2,820
101188547,52315,1765484034,5,3,2,876
128008775,88992,1763687881,5,3,2,380
113817836,82210,1764125850,5,3,1,715
116224421,59669,1764648962,5,3,2,856
115302655,80939,1766035653,3,2,2,228
134645264,27742,1766941808,5,3,2,1000
110943632,40284,1766717947,5,3,2,625
120527553,66235,1763931513,5,3,2,609
121409918,32462,1766780232,4,2,2,50
144472059,25339,1764151843,5,3,2,471
137056982,23499,1767182674,5,3,2,894
107139683,67654,1764325710,12,1,2,260
131648592,71868,1767069537,10,5,2,161
136329985,68832,1766845435,5,3,2,447
100427427,25878,1766373323,5,3,2,725
116868350,68832,1765222420,1,1,2,239
141465436,51279,1766494624,5,3,2,378
118389877,22135,1763619280,10,5,2,156
119459040,66235,1765120938,8,4,2,58
107620818,48693,1766945880,5,3,2,393
128125203,29849,1764883728,5,3,2,473
112789494,40284,1766529850,5,3,2,735
124788598,15936,1766688501,5,3,2,756
134083291,82210,1765692273,12,1,4,118
144108894,19431,1764703527,5,3,2,572
111974556,21731,1763802405,1,1,2,265
148989194,84986,1763426492,5,3,2,849
112016944,11436,1765817833,5,3,2,768
121634134,37655,1765205873,3,2,2,13
119520267,48693,1764567434,5,3,2,799
121223816,34579,1764412319,3,2,2,10
104496022,15936,1763481211,12,1,2,110
140476330,61053,1765028322,5,3,2,786
101375284,23357,1764320746,12,1,2,20
114717203,32462,1765942968,5,3,2,426
111618327,37167,1764281677,6,3,2,168
119067077,39611,1765688919,5,3,2,565
140974577,67020,1767071372,4,2,2,255
127556215,50726,1764154687,4,2,2,100
105650810,30093,1766331695,3,2,2,52
140253203,71920,1764049446,5,3,2,426
103202502,85834,1765151142,5,3,2,389
122133716,23956,1763742062,9,5,2,147
108337874,61053,1763050709,5,3,2,790
115123063,23985,1764100700,2,1,2,96
145502254,26160,1765158148,5,3,2,682
109012324,51279,1765615536,7,4,2,99
142675878,71920,1763844926,10,5,2,74
112775419,82988,1763862467,1,1,2,41
126898636,39402,1765789944,6,3,2,179
104099697,46323,1765769795,5,3,3,919
130551033,26160,1764864400,5,3,2,826
133844242,39754,1763474331,12,1,2,221
129488325,33468,1762960547,11,2,2,51
120944831,42987,1766813542,5,3,2,940
148346583,35627,1764819318,5,3,2,879
113762052,40472,1763659256,5,3,2,422
116763436,48331,1767194359,6,3,2,15
113052950,39402,1766682717,7,4,2,236
104593967,22135,1763178864,11,2,2,279
112112656,61053,1765264961,6,3,2,212
149846477,45993,1765870279,5,3,2,669
143307639,57130,1764129720,5,3,1,488
113140194,73601,1764980798,3,2,2,17
115950704,39754,1762576850,5,3,2,805
117491248,41995,1766175611,10,5,2,193
137817252,69676,1765541335,5,3,2,811
105156284,41995,1765572042,10,5,2,198
130699759,67020,1762399014,5,3,2,913
126952062,24196,1766523815,5,3,2,504
140682020,43568,1766403487,5,3,2,870
137389820,35627,1763805118,5,3,2,794
130925468,81041,1763265288,5,3,2,663
122931122,74640,1764470939,5,3,2,449
127807591,84780,1766489593,5,3,2,563
105685130,67020,1764599901,12,1,2,190
123210639,85000,1764490786,5,3,2,841
135218018,49928,1763272519,5,3,2,767
139774031,63012,1763839156,9,5,2,160
114826481,76885,1765501208,5,3,2,666
111625711,18585,1764379100,5,3,2,977
123892319,88442,1767006282,12,1,2,226
125621386,88309,1765905707,5,3,4,823
144651763,71868,1766666308,4,2,2,138
140050789,55622,1763261161,12,1,2,122
114932576,34579,1767173039,5,3,2,549
132001081,54738,1765363782,5,3,2,479
123178031,84780,1765717847,5,3,2,633
140334828,14675,1764094145,5,3,2,867
141441713,88992,1767029837,5,3,2,894
141882490,69676,1765004760,5,3,2,835
123721431,48204,1765385904,11,2,4,275
103019705,48204,1764677251,4,2,3,287
148426263,76002,1767143260,5,3,2,327
123075550,27865,1764753118,2,1,2,281
118270406,78606,1765911626,5,3,2,979
139785061,77797,1762786147,12,1,2,271
118015119,30093,1764008005,5,3,2,537
138042305,42987,1766734148,5,3,2,547
112957563,33468,1766532085,5,3,2,661
148533643,46866,1767006436,5,3,2,353
149818659,26508,1763471498,5,3,2,424
139463703,23956,1765515843,9,5,2,99
128206950,21731,1765777973,5,3,2,953
102387022,46323,1764396811,5,3,2,376
147911356,37655,1766422549,4,2,2,227
141766975,86532,1765146089,5,3,2,943
149218334,46425,1764309034,5,3,2,853
129087759,13262,1766493854,11,2,2,110
115337455,69669,1765883461,8,4,1,18
117238902,81041,1765071499,5,3,3,908
131891589,81403,1766901654,5,3,2,817
148624895,39611,1763951600,5,3,2,302
147804423,75866,1763239399,6,3,2,17
105614347,66935,1765010820,1,1,2,57
130133673,32462,1765903437,5,3,2,393
149402222,42987,1765904049,6,3,2,78
118436840,33468,1764967056,10,5,1,103
102589079,17850,1766929209,5,3,2,451
131299461,76273,1763086434,4,2,2,97
105858172,69676,1763691711,5,3,2,463
148075400,34579,1765433502,5,3,2,423
100817351,45993,1767000116,5,3,2,898
120435978,23499,1764149874,5,3,2,712
106800592,81129,1763331787,5,3,2,676
146990010,61192,1763400812,5,3,3,463
142751779,54738,1766266779,2,1,2,79
146814141,34001,1766124262,5,3,2,450
127712077,75143,1767149553,5,3,2,447
142525064,14167,1762689769,5,3,2,864
145351596,43568,1766502406,5,3,2,772
101682273,57728,1765288143,3,2,2,152
106505706,76885,1764753340,5,3,2,795
147314216,30093,1766430642,12,1,2,149
108121680,64893,1763218976,5,3,2,501
121743141,81403,1766927136,3,2,2,237
140062282,69669,1765301513,5,3,2,910
133154850,46866,1762462457,5,3,2,751
100465867,67020,1765215514,10,5,2,59
143346142,54147,1765007211,5,3,2,617
107608738,75158,1767053362,5,3,2,564
139834307,16305,1762656214,5,3,2,823
128419759,45715,1764950861,7,4,2,128
144281581,40472,1767149495,1,1,2,283
102629537,52315,1764330328,5,3,2,781
139373295,11436,1765456338,5,3,3,312
129814719,59215,1763289215,8,4,2,108
139930026,54738,1763288402,8,4,2,89
122374897,75143,1763612363,5,3,2,670
122577087,85000,1763377548,5,3,2,888
131761171,19431,1766060204,5,3,3,517
148330642,35627,1763230756,5,3,2,392
127580012,43314,1763638881,5,3,2,870
115075059,81041,1763906277,3,2,2,116
145819686,34001,1765858584,5,3,2,391
130226358,75866,1766625184,5,3,2,603
121854808,34001,1762702192,5,3,2,530
144547611,54147,1763173094,1,1,2,43
107338892,23499,1766618567,5,3,2,665
147849076,59605,1763066578,5,3,2,512
128807771,22227,1764363298,5,3,2,621
102531308,54433,1766469982,5,3,2,770
114744071,11436,1764273826,5,3,2,766
111398046,65225,1764777840,5,3,2,732
121775868,30093,1763042059,5,3,2,762
149426565,50726,1764682609,7,4,2,299
149475610,74640,1762785101,5,3,2,627
126328372,33784,1763749821,5,3,2,854
137015762,22227,1764171151,5,3,2,623
143786982,51279,1765800739,5,3,2,884
145635078,29849,1766557037,5,3,2,821
140283816,84986,1764727713,5,3,2,975
122255813,82988,1765445912,5,3,2,531
100252943,54433,1766006379,5,3,2,720
134184208,63012,1766866006,5,3,2,345
148895202,45993,1764511848,5,3,1,749
147892218,57302,1763452010,5,3,2,793
110111888,78606,1767194220,5,3,2,595
139196939,71868,1767021042,10,5,2,105
124817956,35750,1764646315,5,3,2,672
134333117,29849,1766587704,5,3,2,904
115724286,84986,1765111161,6,3,2,174
106398861,14675,1764945184,5,3,2,525
118261290,57728,1765782756,9,5,2,52
105038219,67654,1765609243,5,3,2,549
119884543,61053,1764759125,5,3,2,651
143625403,67654,1765828191,2,1,2,147
100782998,54433,1763892795,5,3,2,331
110703120,40472,1766796818,5,3,2,401
145532176,73601,1762625746,5,3,2,723
105940850,75158,1764653774,9,5,2,274
124138421,46425,1764260079,7,4,2,297
105188072,26160,1765142499,5,3,2,943
125221143,13262,1765733418,5,3,2,330
130766926,39611,1764914188,4,2,2,264
101872361,19949,1766563963,5,3,2,578
113678529,48700,1764693880,5,3,2,914
142225544,41223,1763165735,3,2,2,97
147910744,88309,1764373447,2,1,2,222
106886079,14675,1767114621,5,3,1,520
117725470,54433,1765581142,11,2,2,270
107220578,83031,1766357140,5,3,2,935
146204879,37258,1766724229,4,2,2,201
144501241,43314,1766923239,1,1,2,178
110885613,33784,1765283806,8,4,2,21
146847336,73601,1765969254,5,3,4,640
122540551,64893,1763171892,5,3,2,450
118054944,26160,1763896061,5,3,2,871
136756330,33784,1763970285,5,3,2,692
122168915,55622,1763311212,5,3,2,940
101034005,32772,1766957148,4,2,2,260
101234205,35627,1765271869,5,3,2,772
104157630,82988,1765581454,3,2,2,111
107675098,71868,1764833153,5,3,2,655
128193395,87309,1764830716,5,3,2,317
144861412,40284,1767080642,9,5,2,259
147912783,67654,1763376996,5,3,1,616
124529994,69676,1763938760,5,3,2,598
110165183,33468,1764392816,5,3,2,581
121037781,18585,1765113335,5,3,2,846
106501379,88442,1765659967,5,3,2,890
139001807,87137,1765312550,11,2,2,178
122655218,77797,1765999405,5,3,2,892
100850100,76002,1764438563,11,2,2,145
127790458,40472,1765884886,8,4,2,238
112593603,84780,1766171854,5,3,2,721
100271668,54433,1765990315,5,3,2,471
102180181,23985,1765242319,3,2,2,294
111612038,26160,1764422497,5,3,2,350
134008425,87309,1764193648,5,3,2,777
126043552,54433,1766475250,5,3,2,758
130387415,14675,1766057487,5,3,2,876
108395673,67654,1762938427,5,3,2,943
140902407,23357,1766198815,5,3,2,366
132507048,15936,1764637387,7,4,2,94
107241470,13262,1764415758,6,3,2,64
104851480,82798,1764232169,5,3,2,579
149330642,73601,1765791480,2,1,2,205
119649189,23357,1763443621,5,3,3,937
110332140,48693,1765067888,5,3,2,787
126539381,42987,1764952074,5,3,2,809
125577163,46425,1767100328,5,3,2,705
130746771,81403,1766065371,5,3,2,988
138499560,73601,1765824470,6,3,2,77
111265082,88992,1763646336,9,5,2,248
117641992,46323,1763051979,8,4,2,193
145499000,87137,1766801100,5,3,2,997
101674610,24196,1767117054,11,2,2,166
107064327,69669,1763933707,5,3,2,606
141402324,23357,1766042901,5,3,2,578
144973990,88442,1767036405,5,3,2,546
117002383,21731,1764700945,5,3,2,367
105248142,84780,1765995951,12,1,2,25
122728328,21731,1766401234,5,3,2,328
128129380,27742,1764372069,9,5,2,242
147084430,83031,1763658088,5,3,2,966
110391859,19949,1764463366,5,3,3,593
149894529,55622,1763078980,5,3,2,985
113670117,86532,1764930940,8,4,2,274
142929723,66235,1763592329,5,3,2,623
144518247,46817,1767127230,9,5,2,70
104335082,39402,1764205994,6,3,3,118
119145534,33352,1763352037,5,3,3,984
134378538,52923,1765107123,12,1,2,132
149853050,52923,1764475152,5,3,2,789
135126036,23985,1765646088,5,3,2,425
143629136,26508,1763699528,5,3,3,701
149107518,26508,1765793281,5,3,2,402
120231918,33352,1767172209,5,3,2,965
118860627,67654,1766543433,5,3,2,422
121201468,14675,1762985585,5,3,2,868
119854886,37258,1763949821,5,3,2,772
107321407,33903,1763749653,5,3,2,331
101934629,81041,1766803796,1,1,2,70
117722901,54738,1764363262,5,3,2,849
122913439,34579,1763458658,9,5,2,35
100162383,74640,1764655928,5,3,2,759
102135447,66235,1765002971,4,2,2,230
111935169,88992,1765851273,5,3,2,378
145262635,69791,1764577080,6,3,2,275
140086128,16305,1763295859,10,5,2,210
103209475,82210,1764160108,10,5,4,113
149842492,23985,1765081838,1,1,2,277
112491250,84780,1765250495,5,3,2,938
148883727,33468,1765339352,5,3,2,735
122981946,85834,1764343424,5,3,2,429
119052397,35627,1762487528,5,3,2,591
113762808,68832,1763526036,6,3,2,25
137307248,33468,1764946099,12,1,2,141
125888288,86532,1763539324,5,3,2,798
119660402,52315,1762872306,9,5,2,51
104656943,85834,1765868701,5,3,2,539
125051699,17850,1765923421,5,3,2,726
133157818,49928,1762630605,5,3,2,449
129839171,33352,1766952736,5,3,2,345
110417136,41995,1764584241,5,3,2,427
137383488,80939,1765808199,5,3,1,910
108863278,37655,1762779821,9,5,2,28
108846731,32462,1762567965,5,3,2,536
129339510,23956,1766955269,5,3,2,989
121993236,40472,1766136537,6,3,2,97
132022882,33903,1763266902,4,2,2,265
129008510,39402,1767155843,5,3,2,985
123130809,66935,1764915555,12,1,2,126
118368521,76273,1764914741,6,3,2,23
105214104,32462,1762498830,5,3,2,685
102389813,46425,1763976756,5,3,2,335
141611899,42987,1764765108,5,3,2,562
115439527,88442,1762900357,5,3,2,672
140726956,71920,1766433179,5,3,2,386
140646866,33784,1764754241,5,3,2,347
108500316,82798,1764691130,6,3,2,104
104928866,82798,1765699336,3,2,2,134
145843229,13262,1763611817,5,3,2,793
137751586,52923,1764036157,2,1,2,283
108123853,24196,1766341047,4,2,2,87
131912884,39611,1763772852,5,3,3,925
115676745,23499,1764877404,5,3,2,966
133576533,54433,1765252039,5,3,2,454
149830259,57302,1763786085,5,3,2,961
122251528,23499,1764989521,3,2,2,83
142033477,17095,1765360370,9,5,2,221
100068014,41223,1766688705,11,2,2,179
111696893,84986,1766209505,5,3,3,307
111528851,68832,1764941205,5,3,3,760
106971427,34579,1763741298,5,3,2,828
146510919,14167,1764688881,5,3,2,717
108610553,19949,1766649431,6,3,2,43
124095919,88442,1767183170,5,3,2,557
115890484,87309,1766110196,11,2,2,36
126249231,50726,1762730328,11,2,2,180
135191316,66935,1764523748,5,3,2,725
102903134,32772,1764201701,3,2,2,293
113732473,35750,1764551048,5,3,2,311
122219417,14167,1766640401,5,3,3,692
129230120,33352,1765339032,1,1,2,285
143154311,63012,1766733029,10,5,2,195
115941332,83031,1765945126,6,3,2,289
105056667,35750,1766873742,7,4,2,163
101472875,32772,1766568592,5,3,2,809
120462516,57302,1766570711,5,3,2,812
147545341,63012,1763152570,5,3,2,529
131742943,26160,1764643474,5,3,2,642
107567061,50082,1766321975,5,3,2,736
113118456,54433,1763894246,5,3,2,465
115309910,75143,1763887674,6,3,2,154
121713639,81403,1764499259,3,2,2,256
143783007,63012,1764887823,2,1,2,52
123959164,16305,1766784765,4,2,2,131
128938210,82210,1763221130,5,3,2,317
147795169,32772,1763426330,2,1,2,257
140658788,55622,1762681666,5,3,2,662
109059123,82988,1766081756,3,2,2,225
147528295,57130,1765114521,5,3,2,560
115320745,33468,1765978724,5,3,2,848
112267456,16143,1766491596,2,1,2,227
117050942,48693,1765708323,5,3,1,761
123912824,54147,1765756235,5,3,3,836
110338953,76885,1765670760,1,1,2,17
148795350,63012,1766266964,12,1,2,195
145050920,88442,1764218141,5,3,3,522
112167421,88309,1764991019,5,3,2,832
126733659,78606,1764145229,5,3,2,570
148860793,46323,1763317140,1,1,2,291
106337152,61192,1766157965,5,3,2,720
143999332,84986,1766449254,5,3,2,816
134166412,37258,1765422770,5,3,2,850
105724317,66235,1766841939,1,1,2,56
126202279,46323,1763850065,5,3,2,570
122207318,13262,1765204751,5,3,2,561
137744338,88992,1763878147,5,3,2,919
128877907,27865,1765382644,2,1,2,83
143425451,35627,1765022714,5,3,2,480
143888885,34579,1762849502,5,3,2,940
105019218,75158,1766250192,5,3,4,471
116177928,52923,1765115119,5,3,4,614
103459854,85834,1765926059,5,3,2,486
136765707,59215,1765727862,5,3,2,337
107766425,41223,1766056946,5,3,2,964
116745339,76002,1763471901,5,3,2,661
142515431,48331,1765545044,5,3,3,556
141931215,50726,1765104614,12,1,2,217
142369080,49928,1764991692,5,3,2,404
127793583,59215,1766189639,12,1,2,279
121997803,21731,1766582597,9,5,2,233
135968262,77625,1765424347,5,3,1,450
133574520,73601,1763488301,6,3,2,264
121631709,45993,1763304996,5,3,2,744
101543506,25878,1763996356,9,5,2,56
145127149,73601,1762847874,5,3,2,672
147822319,69791,1764436578,5,3,2,856
141518191,74640,1764547918,9,5,2,36
104948945,24196,1766549126,5,3,2,308
123117179,29387,1764917579,3,2,2,58
106177760,72739,1767116659,2,1,2,136
124905530,45715,1766854187,5,3,2,822
140552928,69791,1763742629,5,3,2,504
101490522,22135,1764007700,5,3,2,369
127787644,42987,1764038211,5,3,2,312
133298649,35627,1766815263,11,2,3,113
125682126,81129,1765607298,5,3,2,741
120969576,61192,1764483999,5,3,2,784
106255313,46866,1764145577,2,1,1,258
122681270,76885,1764834075,5,3,2,972
133201234,59669,1765293012,5,3,2,657
132939505,26160,1767143417,7,4,2,163
122765298,81403,1764017473,5,3,2,515
111744191,72739,1762959958,5,3,2,971
112155627,21731,1763301810,3,2,2,107
143578780,81403,1766165553,5,3,2,550
148854962,57728,1765941667,5,3,2,502
144500281,17095,1765698212,5,3,2,384
143266917,80939,1765242945,5,3,2,606
144998926,29387,1766117803,6,3,2,158
136149650,61192,1762828686,1,1,2,72
108466292,48700,1764163995,5,3,2,420
121195006,27865,1764852706,5,3,2,542
143073527,50726,1765150047,5,3,2,772
136067914,59215,1765238239,5,3,2,592
120026797,57302,1766400991,5,3,2,793
102160237,55622,1766005591,5,3,2,565
121413218,34001,1762764160,5,3,1,797
103293931,50726,1764751610,5,3,2,316
108622156,61053,1763761664,5,3,1,556
143789801,57728,1765883152,5,3,2,920
122616200,82210,1765768484,5,3,2,397
108023406,84986,1766822912,6,3,2,274
102887299,66235,1765914153,5,3,2,332
103174514,21731,1765849679,5,3,2,527
147762086,23499,1764528769,5,3,2,360
132499685,46866,1762463007,5,3,2,568
118904880,57728,1766700824,5,3,2,704
139731332,78606,1763437708,5,3,3,929
118121030,61053,1764855338,5,3,2,460
111163388,64121,1764341787,5,3,2,425
138437409,52315,1765693272,5,3,1,316
131764929,59605,1763030575,5,3,2,848
122199536,82798,1764090285,5,3,2,319
125984647,71920,1762745789,7,4,2,219
132174090,34001,1767078957,5,3,2,967
100409942,52923,1767086125,12,1,2,21
144755477,33468,1764948324,5,3,2,601
125902662,54433,1765287147,5,3,1,930
107836748,43568,1765407948,5,3,2,757
125877220,71920,1763744495,5,3,2,791
103582135,75866,1767028674,5,3,2,572
101705246,46323,1763741960,5,3,2,412
119954676,46817,1766249830,5,3,2,895
116755502,81403,1765587376,5,3,2,942
120982831,64121,1766940487,5,3,2,767
101858468,39611,1765690441,5,3,2,716
113191574,64121,1765213385,5,3,2,735
149146786,43568,1764237358,5,3,2,613
131377060,66235,1764629991,5,3,2,636
127183653,71920,1763946704,8,4,2,212
144703178,57728,1765248996,5,3,2,592
111252382,27742,1766003312,5,3,2,634
110543085,51279,1766562780,8,4,2,37
128820107,81129,1765856570,5,3,3,390
105167490,32772,1764972982,11,2,2,82
144523410,46323,1764084243,5,3,2,346
134962626,23956,1765720267,5,3,2,619
112150505,16305,1766322330,1,1,2,143
114343608,33784,1766838730,5,3,2,721
115612185,75866,1765593481,5,3,2,438
102790071,40284,1765718349,5,3,2,313
123052788,68832,1766623760,12,1,2,292
122629768,39402,1765732686,5,3,2,616
110379228,46866,1764696699,5,3,2,404
140985173,87309,1763240881,5,3,2,352
111751945,43568,1764026754,5,3,2,954
119846981,30093,1765128220,11,2,2,112
114573250,83031,1764743708,5,3,2,357
149321546,81129,1763057794,6,3,2,156
130846368,85000,1766606990,12,1,3,211
120452271,39611,1767195909,5,3,2,793
121345822,85834,1765588586,11,2,2,63
129499430,15936,1763781880,5,3,2,612
139844786,76885,1766529802,5,3,2,841
100680384,75143,1765835911,5,3,2,744
102028663,32462,1765611894,2,1,2,105
124437061,59215,1762658438,4,2,2,77
131372899,41223,1764224586,5,3,2,673
125019758,45715,1765672161,2,1,2,209
106192944,76002,1763539147,5,3,3,387
136911426,23985,1765804170,5,3,2,864
115216902,73601,1764700488,12,1,2,149
135989122,59669,1763996157,5,3,2,511
149755719,22135,1765321966,11,2,2,263
109908547,57302,1766333414,2,1,2,17
130534346,71868,1764394542,5,3,2,533
114240059,71868,1767025323,6,3,4,219
129463072,46817,1766031230,5,3,2,500
104522350,64893,1764878834,2,1,2,295
144391139,48331,1762688877,5,3,2,690
148095818,35627,1763321092,5,3,1,888
107655340,59605,1765963345,6,3,2,176
137939025,51279,1764728976,5,3,2,382
109747471,46817,1766320125,11,2,2,22
135637693,40284,1766628508,6,3,2,147
120863588,16143,1762835855,5,3,2,738
101818979,88992,1765427280,5,3,2,807
114038805,65225,1762933326,5,3,2,660
119072028,57728,1764502325,5,3,3,333
119191808,61192,1765184234,5,3,2,490
127043425,43314,1767048662,5,3,2,400
107898594,57728,1764174975,1,1,2,160
107960764,83031,1762883407,2,1,2,213
135571676,80939,1765368596,5,3,2,530
116913181,27742,1762946642,5,3,2,719
135484297,37258,1765605507,5,3,1,840
135352136,61053,1763431585,5,3,2,895
128905281,46323,1764279403,3,2,2,151
107116411,52315,1763735036,5,3,1,628
137345633,61192,1765325396,5,3,2,413
108092438,52315,1764045383,11,2,3,243
131158740,13262,1763793471,5,3,2,593
106986178,77797,1766917492,5,3,3,903
137964934,17095,1764593241,5,3,2,762
149267588,23956,1766983391,5,3,2,713
118743886,33784,1766284772,5,3,2,300
139434526,37167,1767076385,6,3,2,57
120146148,35627,1763128761,5,3,2,392
102511641,69669,1762982801,5,3,2,874
118450970,54433,1766642598,10,5,2,158
120092340,25339,1762513968,4,2,2,142
133935229,48204,1766320273,5,3,2,590
108346296,50726,1762986244,11,2,3,73
149504458,26508,1763104608,5,3,1,639
128126310,14167,1763694046,5,3,2,329
134853794,48204,1763612132,11,2,4,207
129124605,57302,1765689510,5,3,2,990
129574898,60043,1765848946,10,5,2,128
123045025,43314,1766550482,5,3,2,401
122809917,87137,1765899428,5,3,3,543
142958452,48700,1763558650,2,1,2,78
148896253,42987,1763546975,2,1,2,210
136655275,85834,1765097411,5,3,4,511
138230018,33352,1765410496,5,3,2,386
122466885,46817,1767170386,7,4,2,153
122533036,41995,1764863762,5,3,2,664
136960449,75866,1764165535,5,3,2,631
127891520,41223,1762772415,5,3,2,715
106090259,54738,1764068421,11,2,2,288
142192627,43568,1763679861,5,3,2,694
145519633,64893,1766754804,5,3,2,430
120484010,55622,1763425390,1,1,2,242
119409564,85834,1763167954,4,2,2,111
144973894,69676,1765896684,5,3,2,730
134002775,43314,1763391225,5,3,2,370
110762672,88309,1763827962,2,1,4,222
146145355,15936,1763854169,11,2,1,20
118323693,35750,1765358729,5,3,3,350
106397339,37655,1763645850,5,3,2,972
127299883,27865,1763727698,7,4,2,196
133137937,77625,1763992951,7,4,2,176
136993847,73601,1766777355,5,3,2,767
148139284,85834,1766809358,5,3,2,530
147297015,83031,1763861150,5,3,2,363
141908075,37167,1764070809,1,1,2,245
143231706,69669,1763446888,5,3,2,723
123160931,51279,1766982965,1,1,2,102
129933057,14675,1764979743,5,3,2,977
143483444,35750,1763143908,11,2,2,22
133609523,77625,1763331103,5,3,2,309
116913651,37167,1762657372,5,3,2,476
121149538,16143,1766051648,12,1,2,70
132335113,25878,1764491196,5,3,2,541
109503189,22227,1765713379,5,3,2,938
129766172,86532,1763987897,5,3,2,491
126782057,60043,1765599878,5,3,1,352
123571264,69669,1763072964,1,1,1,176
134860310,22227,1764002881,11,2,2,155
119283996,57302,1766151666,5,3,2,546
112053472,61053,1763493008,5,3,1,813
102260901,33784,1763353439,5,3,2,492
142538107,66935,1765981759,7,4,2,270
142636141,54147,1765486904,5,3,2,679
135380708,77797,1762891854,5,3,2,686
140649902,24196,1765084582,5,3,2,688
105037916,29387,1766856478,9,5,2,199
126621325,55622,1766523141,5,3,2,539
147356125,35750,1765504421,5,3,2,477
108905062,14167,1765935683,1,1,2,206
128451058,63012,1765907875,5,3,2,548
144317265,39754,1766875368,5,3,2,697
143992846,87137,1765188872,12,1,2,82
111252530,21731,1763173215,5,3,2,342
114309452,34579,1766193481,5,3,2,880
132261156,13262,1763933199,12,1,2,50
121365473,37167,1764021028,5,3,2,651
134015956,69669,1763763555,5,3,2,913
121021022,33352,1764720986,10,5,2,77
105166713,82798,1765894645,6,3,2,34
120139794,49928,1762772707,5,3,2,635
100342823,34579,1767099877,9,5,2,261
119639259,49928,1762656663,5,3,2,416
125309925,41223,1767070421,6,3,2,122
148160341,29387,1766737418,10,5,2,243
118962514,37167,1765637478,5,3,1,384
133299763,69669,1764656911,3,2,2,56
116977604,88992,1763701513,5,3,2,844
135448389,76885,1765487299,10,5,2,264
113281339,48204,1764634070,12,1,2,95
102001828,66235,1765276991,1,1,2,226
109795397,18585,1763814037,5,3,2,538
104637067,68832,1762636863,5,3,2,952
144932207,46817,1765942849,3,2,2,295
135403040,37655,1763009464,6,3,2,156
115800248,50082,1766708146,5,3,3,876
143041792,23499,1766679133,4,2,2,280
115753606,78606,1766218851,4,2,2,124
136590033,27865,1765690552,8,4,2,263
139006927,48700,1766492094,5,3,2,845
148560131,88442,1764853685,5,3,2,607
144928815,45715,1766830861,11,2,3,66
112401322,26160,1764851265,5,3,2,999
114099390,46866,1762993919,9,5,3,24
115161835,54738,1762744184,5,3,2,982
138785439,57728,1764752911,9,5,2,247
112236209,67020,1763769097,5,3,2,653
124086186,59215,1764924421,5,3,2,351
111697282,69791,1764136923,12,1,2,106
137690736,30093,1765756602,5,3,2,826
138743215,25878,1764601752,1,1,2,225
117342170,69669,1765624407,5,3,1,817
104524967,74640,1764821772,5,3,2,559
123928765,41995,1763993598,12,1,2,296
123051147,61192,1764884237,1,1,2,234
136777757,88992,1763695286,10,5,2,55
138573350,59669,1765223359,5,3,2,969
144327737,76002,1766966719,5,3,2,919
148717700,35627,1763459823,7,4,2,141
114319210,82988,1766888584,5,3,2,677
136634133,25339,1764080853,5,3,2,707
101643020,67020,1764203606,5,3,2,777
101373845,14675,1764359318,11,2,2,274
126916306,26508,1766650236,5,3,2,375
139764501,49928,1762996846,5,3,2,893
133871591,35750,1765545999,10,5,2,218
122566509,85000,1766366662,5,3,2,499
121142383,82798,1765713253,5,3,2,493
143304068,52315,1764663350,8,4,2,179
104102987,85000,1764065328,5,3,2,745
114024519,23985,1765288314,11,2,2,246
147208095,77797,1766699068,8,4,2,34
128672396,19431,1762818079,5,3,2,510
135216173,66935,1765354146,5,3,2,508
104503765,59605,1766230966,5,3,2,427
148394873,41223,1766888128,5,3,2,401
118679754,49928,1766589542,5,3,2,453
105843805,59215,1764024588,5,3,2,969
132385489,49928,1763245231,8,4,2,254
101416167,75143,1766907348,5,3,2,794
116870496,39754,1764116007,5,3,2,458
104815550,35627,1766899546,5,3,2,797
134270556,76885,1764777907,5,3,2,535
133968243,81129,1765943039,5,3,2,647
111457460,72739,1763308105,5,3,2,436
118445886,26160,1765764070,5,3,2,477
121807714,71920,1765286637,5,3,2,834
129325181,48204,1766608311,4,2,2,96
135821627,32462,1767190187,5,3,2,727
130799228,52923,1763933915,3,2,2,292
119400863,39611,1763868343,1,1,2,224
102194809,87137,1764865292,4,2,2,225
104011137,42987,1766611711,7,4,3,173
136067836,50726,1765907309,5,3,2,540
100912401,77625,1766783033,6,3,2,276
105782951,69676,1763544127,8,4,2,144
108302317,35750,1762921877,5,3,2,872
122815991,37258,1762929071,5,3,2,852
107506108,60043,1766668206,5,3,2,806
102664722,43785,1766216441,8,4,2,89
111812129,53155,1763139587,5,3,2,551
118520249,26083,1760069529,9,5,2,265
137876073,34560,1762330968,3,2,2,298
131192904,62691,1762988598,1,1,4,223
135274982,31958,1764399595,9,5,1,88
124315059,58623,1763437116,8,4,2,74
146167899,58679,1764116650,4,2,2,297
104773374,12587,1766717876,1,1,2,119
112750398,15399,1765278165,2,1,2,108
137498541,73774,1766538265,9,5,2,281
147243181,82662,1764331779,5,3,4,496
109504280,85298,1767064417,9,5,2,155
105146485,89748,1765108763,1,1,1,46
112261923,66743,1761922645,12,1,2,71
131241498,40579,1763779469,4,2,3,133
130888561,72452,1764137445,3,2,2,280
129864958,66587,1767106643,11,2,2,115
109711111,71423,1767068177,1,1,2,245
118434507,37284,1762284043,7,4,4,169
148796779,78915,1765729144,4,2,2,93
142511269,38088,1761135736,10,5,2,35
142175307,34782,1763127158,7,4,3,24
148466781,20840,1765190742,11,2,2,21
133664800,32155,1765815519,4,2,2,169
128041886,81366,1763079142,3,2,2,79
133547502,48651,1761678340,6,3,2,111
130854653,80053,1766026753,12,1,2,215
142536701,12396,1767067674,11,2,2,107
137050310,35930,1763787742,1,1,2,72
103750605,63265,1763467777,12,1,2,101
143708396,31206,1767070619,12,1,2,89
120759348,15939,1763919868,4,2,2,28
134731514,47517,1766118011,1,1,2,181
106478133,36088,1765495190,3,2,2,142
135570790,20283,1764353784,4,2,4,238
140293926,34748,1764305306,7,4,2,116
100611829,56832,1761452980,7,4,3,296
143919686,31343,1762697026,5,3,2,927
131792939,29859,1766505491,12,1,2,37
133685591,18132,1766875604,5,3,2,768
121714903,60712,1765426925,12,1,2,86
115404874,86958,1764817453,1,1,2,48
143900078,61675,1767076533,8,4,2,176
144301872,50310,1761952340,2,1,2,167
102599789,32617,1765501517,8,4,3,124
115448668,52488,1764881099,8,4,2,70
106637472,21678,1765441329,6,3,1,69
109374245,12396,1765795466,7,4,2,269
143196493,75744,1766884674,5,3,2,650
120696639,41948,1767051176,5,3,3,494
144282910,60078,1761844161,5,3,1,767
129309432,88472,1762800206,10,5,2,34
128400159,83726,1760821186,7,4,2,10
149469111,76539,1767120625,11,2,2,239
149731611,86618,1766431160,1,1,2,139
127545674,18810,1766224528,12,1,2,194
147965970,55822,1766750131,5,3,2,875
141207644,70343,1760009919,8,4,2,188
112424344,39158,1763775889,5,3,2,573
141215712,13948,1764074616,5,3,2,864
148924851,44204,1765417215,1,1,2,117
104285964,21678,1765048085,4,2,2,176
137774902,58125,1763570399,4,2,3,12
103893842,73671,1762963544,4,2,2,117
124404429,76266,1765712180,9,5,2,73
135890937,10748,1764089053,10,5,2,191
105575460,63325,1762331295,9,5,2,10
109926740,76539,1767087920,1,1,2,254
132853744,76554,1761818343,9,5,2,202
138628521,63651,1766553301,6,3,2,57
144080188,12489,1764513717,9,5,2,287
105063986,53155,1766205279,11,2,2,78
127946162,36647,1766210073,12,1,2,17
148757712,36819,1764515398,4,2,2,92
134099487,74289,1767070168,9,5,3,255
113880419,49201,1761071291,12,1,2,278
111839884,76027,1765452177,11,2,4,220
129085095,31646,1764506281,1,1,2,120
146889940,61587,1763363351,10,5,3,169
145807056,49118,1766418697,3,2,2,253
110221053,85888,1762548753,11,2,2,164
138518271,42719,1760069781,10,5,2,214
128530187,87190,1766350892,4,2,3,261
140932436,49139,1765575315,10,5,2,39
130828308,30132,1763374344,6,3,2,62
118945891,34782,1762087595,10,5,1,227
112851481,89877,1764116072,12,1,2,76
127131847,13880,1766902391,6,3,2,151
137019764,79928,1766173286,10,5,2,20
139446038,17414,1765798628,8,4,3,34
111410856,85349,1763612250,12,1,2,282
113550212,41067,1766059675,8,4,2,293
118438961,41570,1765739494,8,4,2,135
140940226,59613,1760214275,4,2,2,18
142954640,56928,1761689512,9,5,2,240
144229060,31646,1760909066,7,4,1,197
120450280,15939,1767138914,2,1,2,173
147347574,56177,1765868979,5,3,2,663
131617632,52525,1765897070,1,1,2,271
129600908,65742,1765158624,6,3,2,76
107123359,56177,1765529883,9,5,2,204
114041744,38411,1762174936,9,5,1,45
149603762,45313,1765249055,1,1,4,147
122893830,10098,1763955465,5,3,2,835
108682573,57855,1766096217,4,2,1,130
120545269,10850,1767046686,10,5,2,61
107096842,24499,1766555895,10,5,2,62
147414089,30053,1764336209,9,5,3,73
140014673,72605,1762336162,6,3,2,66
110404213,71056,1764911076,1,1,2,123
125662572,19594,1765628025,11,2,1,133
124163976,51431,1765633958,12,1,3,169
105828727,40933,1761944017,5,3,2,672
113280129,38553,1766930470,11,2,3,257
122681589,38400,1765471184,7,4,2,262
136982572,73487,1761636139,9,5,2,146
127649293,25336,1765653860,2,1,4,168
110890834,26977,1765437260,10,5,2,147
107297110,66909,1765147921,9,5,2,50
112859442,81363,1767006758,4,2,2,85
126076749,38553,1765685485,12,1,3,96
138706770,48940,1763817621,2,1,2,36
149911131,28222,1766187237,5,3,3,438
129490904,15675,1765468621,7,4,1,70
138571990,66319,1760013628,9,5,2,118
126215094,40691,1767133943,7,4,2,178
132661495,31141,1766357443,2,1,2,170
135692606,34287,1766524043,9,5,2,113
111449269,79104,1764458231,5,3,2,531
112189316,82174,1765934850,10,5,2,98
141705300,63265,1766771695,11,2,1,296
124216790,21046,1766136079,8,4,2,150
144373453,63325,1762496195,3,2,2,284
119679430,30166,1763776266,7,4,2,270
102948524,72605,1765184363,8,4,2,97
149064852,21678,1760547648,5,3,2,816
148031657,64617,1765753478,5,3,2,489
129221678,76642,1766058904,2,1,2,217
134320534,28340,1761517396,5,3,2,363
111057051,21389,1765244586,7,4,2,139
120279083,22857,1765476838,4,2,2,87
122442441,17416,1766285787,4,2,2,67
143290224,88130,1763478962,11,2,3,159
102873714,83719,1766585522,9,5,2,196
120995234,70341,1766291253,1,1,2,254
110267395,82361,1766009927,11,2,2,128
116862501,15422,1763039146,7,4,2,29
141102297,69792,1765597704,5,3,2,678
138480896,50587,1766444577,2,1,2,171
138476255,30542,1766727746,10,5,2,250
141667777,46220,1765658570,1,1,1,135
127344439,73478,1765144889,1,1,2,48
120571353,24499,1761725210,6,3,2,243
134954908,56086,1766054906,7,4,2,132
130169079,31206,1765389207,9,5,2,254
138350929,83892,1766562189,3,2,2,203
135520815,87190,1766394519,5,3,2,432
147857707,33646,1766314293,2,1,2,138
148275653,24352,1761704738,8,4,2,72
129850854,20984,1765873393,6,3,3,89
114699656,20224,1766990004,8,4,4,295
147343786,64617,1766397734,6,3,3,85
142223022,32874,1765701063,7,4,2,70
110574402,82086,1765928197,10,5,4,195
137520908,23638,1765058692,2,1,2,33
148816694,56045,1759398624,8,4,4,234
119996394,83675,1762169470,10,5,3,295
130279320,63325,1766562794,6,3,2,68
147932799,47366,1766637929,10,5,2,13
133672947,25854,1766063197,6,3,2,131
126610201,17660,1765463397,11,2,2,54
114125689,67443,1763460320,12,1,2,187
125019923,70343,1764684347,11,2,1,268
136431662,25747,1766667185,3,2,2,76
124370515,57855,1766474170,3,2,2,279
126774712,13565,1763165009,7,4,2,254
126594878,40587,1762749705,6,3,2,84
126236661,42495,1761417100,5,3,2,783
132174704,78882,1762271921,5,3,1,309
140421197,20175,1766943909,12,1,2,209
130198683,49355,1765684498,4,2,4,87
112995199,20747,1761441673,12,1,2,85
121417559,30051,1763494645,2,1,3,55
122433102,79776,1766493013,10,5,2,82
130413045,79066,1766392113,8,4,2,162
100282428,50250,1764637087,12,1,2,214
104239042,48813,1763168397,12,1,2,194
139347102,42463,1764161977,6,3,2,74
109613872,63265,1767175324,7,4,2,228
103448286,15422,1763404985,4,2,2,131
124450147,49118,1764544028,3,2,1,244
138334783,31958,1765109527,9,5,2,57
119144246,79304,1766564579,7,4,2,175
141185097,70343,1764737597,3,2,2,129
100895528,21046,1764516194,11,2,4,128
125575229,23667,1763263297,7,4,2,149
132018208,24551,1765514486,7,4,1,34
143046881,41948,1766365784,10,5,1,106
128400453,50587,1764762558,7,4,4,249
149504162,85358,1766092250,2,1,2,90
122541378,46766,1764324374,7,4,2,251
101693750,41618,1766471562,11,2,3,106
120212639,32617,1761943435,10,5,2,21
106585091,86687,1766889749,9,5,2,128
139263177,50960,1764733360,6,3,3,197
118167532,80029,1765118372,10,5,2,77
126350635,15819,1766154355,3,2,2,262
114318994,51059,1766503806,5,3,4,344
141357598,42463,1766946252,8,4,1,182
145894951,60724,1763323956,8,4,2,129
124478324,87190,1765528510,4,2,2,104
100002452,12734,1767142172,1,1,2,248
106442732,63265,1764826829,9,5,2,26
102813647,28222,1764445950,11,2,3,139
142976775,63651,1766409274,5,3,2,806
134411115,25854,1766641171,12,1,3,267
140587699,24905,1765328529,8,4,2,155
109718024,89235,1764568339,7,4,3,168
107673832,83719,1763462114,3,2,2,112
126308302,70173,1765998316,6,3,2,80
129724089,22773,1762227820,10,5,2,28
118048593,38088,1762454442,11,2,2,273
133757353,31775,1766494331,4,2,2,119
132336324,19377,1763552521,11,2,1,164
126843157,59372,1765871164,5,3,2,649
109485503,31775,1765368018,7,4,1,157
149094703,19464,1766900937,12,1,2,77
145466968,59372,1765679539,2,1,2,19
127623331,33607,1765996665,8,4,2,145
137541719,25534,1763338220,5,3,2,797
133185588,27063,1767006708,1,1,2,80
127604248,56045,1760456906,4,2,2,240
105056026,69234,1763921547,9,5,1,105
131467864,37451,1765264574,4,2,2,28
142661890,33388,1766123252,4,2,2,270
124345287,12734,1764845050,3,2,2,197
140056198,16012,1767176082,12,1,2,253
147286947,81639,1766675811,4,2,2,10
149938557,77786,1763666550,1,1,3,31
141886881,82703,1762583423,6,3,2,103
102513684,38429,1762412063,11,2,2,100
114929184,14742,1765463842,2,1,2,13
144654152,18404,1764819508,6,3,1,254
107611098,14987,1766006021,5,3,2,319
144616154,19017,1765991335,7,4,2,50
120011558,70671,1760930280,10,5,2,122
139711933,17093,1766392008,11,2,2,242
120679152,51486,1765534874,10,5,2,211
120550408,83719,1760197614,2,1,1,50
136507421,73097,1763553261,12,1,2,104
114781826,76642,1765909292,12,1,2,199
135580643,20283,1759451873,11,2,2,234
100005376,48851,1765179017,5,3,3,337
102291859,34560,1762232439,10,5,2,179
100436618,17112,1763032215,10,5,4,126
141931430,60542,1766170563,6,3,2,228
112726482,63651,1766974056,4,2,2,284
103936341,18404,1764084105,5,3,2,630
110962661,24905,1763507493,9,5,2,44
132253578,64246,1763437580,8,4,3,196
125611128,57850,1764685386,12,1,2,48
148535905,39255,1766640961,7,4,2,103
110933859,16823,1763441970,8,4,2,156
128106121,24551,1763438220,8,4,2,111
127037021,12587,1766814928,10,5,2,70
114476757,50587,1765195984,11,2,1,55
136740026,22305,1766936051,3,2,2,197
115050578,61420,1765107500,1,1,2,199
123929463,14889,1762576464,6,3,1,208
111503409,59372,1763884844,12,1,1,192
111906608,45938,1766836398,7,4,2,175
135629667,59679,1761548616,11,2,3,179
142959031,53185,1762391328,3,2,2,211
149394190,23667,1762603803,1,1,1,261
147760065,18514,1765917573,3,2,2,117
134857776,31958,1765476752,4,2,2,243
143065831,89009,1765092868,1,1,1,172
127179608,83236,1765981282,3,2,2,12
119484224,59372,1762631574,5,3,2,732
102982815,37156,1766999237,6,3,2,163
105266766,26977,1766509866,8,4,2,104
147032845,73761,1766938143,8,4,2,210
120118716,37418,1764427870,1,1,2,251
117008954,27795,1763854084,6,3,3,108
107109750,16983,1762818297,10,5,2,51
126246344,43598,1767101743,2,1,2,222
115266947,74286,1766676409,9,5,2,86
133093070,41618,1764658280,6,3,2,164
134721703,60892,1766957629,8,4,2,213
145100145,27765,1762010677,1,1,2,144
102237410,35340,1763878651,11,2,2,118
142665457,32387,1767084525,3,2,2,140
106738174,12801,1766025756,4,2,1,62
147894239,10010,1766411204,9,5,2,180
120674575,28880,1762172846,8,4,2,180
108201135,36088,1767128782,9,5,2,289
107002140,34948,1763281405,2,1,2,259
119058872,79240,1765053050,12,1,2,44
130702871,14889,1764036858,10,5,1,180
119851816,39255,1766487161,4,2,2,299
120681619,32375,1764974654,12,1,1,109
109972579,54029,1765344747,7,4,2,81
117378120,32387,1763651921,1,1,4,20
147587470,70382,1767113211,1,1,2,244
121541653,86618,1767020043,12,1,2,109
132213008,10576,1763776112,10,5,2,104
127655863,45494,1766080885,9,5,2,175
111091212,41570,1766894518,6,3,2,175
122278241,23789,1765708791,7,4,2,148
149869929,67195,1766698744,3,2,4,61
144998085,65878,1767002081,1,1,2,256
102170606,85306,1764862821,1,1,2,104
135454034,22190,1765648357,12,1,2,48
116685619,10850,1767052534,10,5,2,281
112260499,14889,1763479193,12,1,2,63
126850597,15399,1764301096,9,5,2,218
101351331,83646,1765397636,11,2,2,209
113005478,53461,1763106439,9,5,2,263
135556042,14910,1766091772,7,4,2,104
136704781,20984,1763952738,7,4,2,251
140371457,63886,1765350612,6,3,2,117
116415929,50966,1766452549,9,5,2,127
105990649,82733,1766934519,4,2,2,74
147754246,72367,1765076380,3,2,2,298
106298586,76012,1765816521,1,1,2,20
132365197,33107,1765588701,11,2,2,184
113979251,36475,1765278856,2,1,1,238
140775689,25336,1762581618,1,1,2,139
129161525,61703,1765637356,8,4,1,130
120775748,65272,1764089594,6,3,1,259
114744893,14221,1767040049,9,5,1,252
114583028,66909,1766390187,3,2,2,295
126796644,35930,1765058525,11,2,2,106
102195900,52940,1765929467,8,4,2,23
119245162,65030,1763827560,5,3,2,594
120245551,58733,1766320406,12,1,3,237
127106867,50250,1765572242,3,2,2,138
110365772,24354,1765346139,10,5,2,38
100731196,35446,1764398489,4,2,3,207
145601097,72605,1766107364,3,2,2,13
116566826,40245,1765322724,10,5,2,146
134415583,17639,1762471780,12,1,2,257
134562228,44204,1766488082,2,1,2,290
113509787,21391,1766435666,2,1,4,242
122024641,50286,1764805864,8,4,2,88
115380393,50974,1761451254,9,5,2,283
128762115,83892,1766408277,5,3,2,811
100057346,73671,1762739336,12,1,4,26
122385892,88472,1762862857,4,2,4,121
106038554,74010,1766794543,5,3,2,940
113143756,22189,1766360598,3,2,2,121
138537642,17416,1762688039,6,3,1,100
138952393,19594,1766208540,7,4,2,24
118551636,11345,1766953616,2,1,2,48
129792673,87190,1765049325,9,5,2,218
147738842,18910,1766945744,9,5,2,115
110473536,12734,1766072064,11,2,2,248
135409999,30094,1764194559,11,2,2,154
102255765,74286,1766873447,2,1,2,36
127698363,23518,1760324760,5,3,1,750
128950128,17950,1763764675,11,2,2,126
148020388,86351,1766771393,5,3,2,380
118684831,72780,1761605933,5,3,2,574
139375832,85306,1759961140,7,4,4,207
136461352,81639,1761013178,9,5,2,207
141608404,63325,1764319664,1,1,2,202
111532251,76012,1765403578,5,3,2,958
133848893,58303,1761518969,3,2,2,137
126190422,88598,1765541924,12,1,1,67
148995710,22329,1763732037,6,3,2,29
136895633,32874,1764498754,7,4,1,167
101666159,41825,1765861010,4,2,2,292
134767492,32874,1766231588,9,5,2,50
138813703,15422,1764615093,10,5,2,214
127738204,87859,1766945644,2,1,1,14
102420641,73922,1764427875,7,4,3,85
127408871,79397,1765730305,6,3,2,107
130974953,62937,1766601084,5,3,1,754
105620084,80005,1763049167,5,3,3,430
124529307,55812,1766774924,9,5,2,261
127157089,66587,1764394400,5,3,2,449
143537676,12801,1766105782,9,5,3,214
138970696,12207,1766380185,12,1,2,176
113842024,82641,1765486892,9,5,2,100
114321212,37220,1765208354,4,2,2,283
104686042,42776,1766843291,8,4,2,48
111278678,88130,1765228778,1,1,2,203
132501597,33119,1766200715,5,3,2,692
100349439,72367,1766787586,5,3,4,635
129069654,68517,1766622404,7,4,2,121
118010005,53151,1764681399,6,3,2,91
132682811,23729,1766689119,5,3,4,608
128568530,43598,1766845759,7,4,2,201
110610913,53461,1765123268,10,5,2,166
127854064,89406,1766299714,3,2,2,119
102504211,32387,1763448886,8,4,2,211
108886183,60078,1761415804,9,5,2,246
142660480,77098,1760837880,6,3,2,177
127027085,64733,1765033351,4,2,2,105
148010911,26977,1767067449,10,5,2,43
129490035,55912,1765506766,9,5,2,268
124142631,41706,1767075048,6,3,2,23
116129675,81132,1766514934,6,3,2,157
146692351,35340,1763505638,4,2,2,104
109104885,81366,1762724111,5,3,4,859
125193705,58700,1765737911,7,4,2,207
135152080,39213,1764125458,8,4,2,254
129263119,20283,1759923955,10,5,2,229
115405657,40352,1766721198,6,3,1,197
146943456,16012,1767157485,11,2,2,49
109346731,86131,1766850283,1,1,2,189
115896907,85274,1765303124,5,3,4,869
124640635,37284,1761606988,10,5,2,263
115573353,54888,1766086186,3,2,2,287
108084682,41618,1764741094,10,5,2,202
118857558,31558,1766934582,2,1,2,77
131705769,48651,1765096507,1,1,2,31
112135139,11471,1766304674,5,3,2,776
101884067,59997,1765190328,10,5,2,272
104366880,60527,1762222682,9,5,3,243
118980682,31974,1765849920,2,1,2,111
139035622,46766,1766811216,9,5,1,124
131620410,37598,1766878546,8,4,2,129
104078077,72156,1765663731,3,2,2,189
109773037,27435,1764965686,2,1,1,136
137148311,60206,1767022357,6,3,2,279
124869967,25405,1766903465,11,2,2,15
147029301,26977,1767079629,7,4,2,156
123499229,39775,1764606158,2,1,2,255
141424828,26173,1765723032,12,1,2,41
111523749,86435,1762653056,8,4,2,32
128882213,11345,1766246390,5,3,2,618
115604946,72995,1763015317,10,5,4,102
141574370,86687,1767161051,8,4,3,172
108909938,14910,1767163680,12,1,2,267
140067734,53612,1762468973,10,5,3,73
119140317,18480,1766975289,1,1,2,29
100593393,38400,1766605363,9,5,1,72
128546606,53612,1761804996,1,1,1,43
120574246,56496,1765016468,2,1,2,42
138283348,23518,1766389088,11,2,2,100
122709532,35463,1765864559,8,4,4,200
133255163,65030,1762689518,3,2,3,90
132034592,80053,1766842315,1,1,2,189
109039691,82331,1764329444,4,2,2,245
133185344,30051,1762903405,10,5,2,249
125539133,81142,1765246305,9,5,2,122
143919548,28222,1763468306,10,5,2,273
116934476,89237,1764725718,7,4,2,274
141604047,31558,1764414786,6,3,2,30
116438494,35340,1762141455,8,4,2,159
141870654,24352,1763547795,12,1,2,235
116148539,49216,1763623338,10,5,1,160
113323976,78882,1763385213,10,5,2,45
116863369,45938,1766669757,7,4,2,91
139254585,37583,1762279232,5,3,3,704
139775983,65742,1765458330,6,3,3,164
118216331,37418,1766305511,5,3,2,688
103536053,71936,1760253841,11,2,2,60
125868958,67443,1765791590,6,3,2,146
135073160,56671,1765615819,5,3,1,476
118851439,36662,1767145715,5,3,1,888
100631512,14158,1763792643,11,2,3,185
144378724,61675,1766286195,3,2,2,144
108891450,24905,1761551730,12,1,2,78
136860961,49506,1765717222,5,3,2,532
121182550,27063,1766230229,4,2,3,158
110558437,31775,1762457997,2,1,2,77
100077101,20175,1766517589,9,5,2,233
130289487,76012,1766138718,2,1,2,293
107232661,33456,1763089733,12,1,3,238
122918327,15393,1761083300,4,2,4,154
141093738,31039,1761774694,7,4,2,187
107735976,21389,1764372519,7,4,2,21
111716141,62691,1765774412,12,1,3,48
142099076,69531,1765970616,1,1,2,299
143857828,78878,1765475219,2,1,2,122
126248739,11549,1764023073,6,3,2,242
128500262,55812,1765937681,10,5,2,238
148448586,19017,1763687002,10,5,2,28
131486483,32880,1762489478,11,2,2,20
142994902,47282,1764606246,6,3,2,131
113012336,17611,1763243836,2,1,1,257
121445643,34554,1763802235,5,3,2,749
116480709,82331,1763051074,2,1,2,28
134020438,82662,1765241869,12,1,2,52
105374976,56257,1763324890,4,2,2,132
122940236,68099,1764352377,8,4,2,287
142477477,41370,1764873279,8,4,2,211
109016966,46826,1765664159,4,2,2,237
105007386,82205,1766330622,10,5,2,269
141547358,57911,1763920892,11,2,2,248
132262022,49691,1766826808,12,1,2,93
106856764,25882,1761447989,7,4,2,114
108509271,22773,1766124636,10,5,2,36
126426328,61913,1764987111,8,4,2,185
142591861,31920,1763102230,12,1,2,206
101430619,72975,1767073641,7,4,1,117
110073958,62064,1764469027,2,1,2,149
120470602,89235,1763852809,9,5,3,11
113276595,28340,1766924902,11,2,2,90
105152123,60712,1764430968,5,3,2,769
100538246,12587,1765805673,5,3,2,916
109462704,73761,1766364007,5,3,2,419
145318883,39158,1764756150,7,4,2,203
134071153,33607,1763903318,2,1,2,183
146410300,38297,1766288178,12,1,2,213
145072180,53682,1766206734,7,4,4,249
103716197,74245,1766381891,3,2,1,229
118649106,79928,1765711766,11,2,3,255
137260266,81136,1766906720,12,1,3,83
117073488,20452,1763344995,4,2,2,176
117238793,85653,1761488795,9,5,2,185
113165070,49118,1764271999,1,1,2,84
121980021,58348,1766289024,11,2,2,282
107910349,58312,1764081847,5,3,2,460
147199795,25336,1762099351,10,5,2,184
140122031,20477,1766015662,6,3,4,225
138147301,83157,1764978840,9,5,2,18
112836621,88653,1766560868,12,1,3,10
143593260,16823,1759824112,1,1,2,26
138519181,57911,1766820497,10,5,1,244
147113939,52925,1766434100,11,2,3,269
108300577,89009,1763129768,1,1,2,70
145260729,18722,1764500707,11,2,2,59
123017206,52940,1766517146,10,5,3,79
144767308,35441,1765147228,10,5,2,258
138690672,60206,1764947216,3,2,1,76
100089298,31343,1762606480,1,1,2,200
102471362,11345,1767009707,6,3,2,223
131444094,16741,1763282836,5,3,2,897
148005820,10193,1765310197,2,1,2,103
117403636,77195,1765502759,9,5,2,59
130699804,11713,1766580270,6,3,2,279
133492952,50966,1767099395,5,3,2,520
118235062,51486,1767194606,5,3,4,880
128203926,69900,1765929846,8,4,2,54
124303768,72084,1764846708,1,1,2,246
136999775,88653,1766564791,9,5,2,265
133904484,52018,1766076822,9,5,2,270
114834845,36647,1766439353,4,2,2,289
139503761,45938,1767042636,3,2,2,160
125276025,18910,1766790063,3,2,1,221
133489124,81234,1766630451,12,1,2,226
139965533,58623,1766033579,3,2,4,146
103262238,72780,1765122512,11,2,4,186
140190357,62064,1767102686,7,4,2,126
103903807,34287,1764163459,9,5,2,111
139543326,41706,1767099036,3,2,2,150
134464817,80007,1766654972,12,1,1,289
137325829,63286,1763720111,7,4,1,35
105340846,84141,1764803001,8,4,2,83
117777726,88455,1763833766,12,1,3,262
145492061,82205,1762982995,5,3,2,519
103959207,38212,1763471303,7,4,4,194
120326322,34856,1761184253,12,1,2,195
107826517,79776,1765582297,7,4,1,243
145209532,60527,1763515514,4,2,2,69
112083861,72367,1764584946,11,2,2,236
126239920,88962,1764450807,11,2,2,91
108710187,47596,1766258217,2,1,1,216
129784487,44091,1766455355,1,1,2,102
103883917,14735,1762273558,1,1,2,219
142998313,67275,1763241200,8,4,2,195
143263741,17950,1763505125,6,3,2,284
136963627,14158,1765546956,10,5,3,116
129297113,13705,1766824164,6,3,2,32
143617235,82331,1763477345,10,5,2,298
100924924,17639,1764098164,9,5,3,232
104857936,39775,1766313187,9,5,1,132
100054648,63286,1766539263,2,1,3,44
148515296,23518,1760675882,2,1,2,262
136769787,65878,1766489127,2,1,2,215
143568078,33107,1765477631,4,2,2,37
131625662,26101,1761135305,10,5,1,113
125846240,18722,1763831568,7,4,1,250
149000786,40691,1765538424,9,5,2,178
109478961,63286,1762357992,6,3,2,21
104743095,58348,1765500490,1,1,2,150
122181955,79304,1765499114,5,3,3,701
135379074,71918,1762553549,7,4,1,180
118410847,25783,1762237097,11,2,2,76
131302550,59679,1766060510,3,2,2,258
139270073,26977,1765057987,10,5,3,185
118188134,49227,1761124979,2,1,2,117
120598639,15175,1764977054,4,2,2,142
134932150,25405,1766192221,2,1,2,72
115902176,61420,1766939515,7,4,2,264
103755181,38977,1765211213,5,3,2,427
124155421,23195,1763984864,9,5,2,98
101194356,71854,1765329736,1,1,2,65
146843763,11549,1764892021,4,2,2,279
122310079,67275,1762328612,8,4,2,274
110557656,77786,1765836139,7,4,2,180
113514492,81184,1765518417,10,5,3,192
106187618,82849,1766428196,7,4,2,258
120252968,37000,1766413201,1,1,2,186
120920452,14889,1763226757,6,3,2,219
129261374,53461,1765909753,5,3,2,808
136215289,34782,1760163185,7,4,2,79
143560832,62064,1765226128,12,1,2,240
135559399,67195,1765299143,12,1,2,159
137276811,63286,1762915547,9,5,2,93
100383706,15175,1766776100,4,2,2,193
121786697,38516,1765592699,7,4,2,48
147256805,17416,1765222361,5,3,2,891
120796935,45494,1766613435,2,1,1,194
147627480,36088,1766722642,11,2,2,225
126878593,56832,1763175408,3,2,2,144
132808213,30051,1766759641,9,5,2,20
127555446,74245,1765154197,3,2,2,255
148672600,66319,1766034955,8,4,2,261
127902356,88653,1763644132,12,1,2,71
137579720,47282,1766574087,10,5,2,223
148366472,15047,1765273197,9,5,2,55
147251847,28876,1766407370,6,3,4,205
143060145,35441,1767106954,2,1,4,202
138583136,64066,1765857340,6,3,2,219
133493161,83157,1764099117,7,4,2,140
143768052,11471,1764306932,8,4,3,241
111438524,38977,1761686863,5,3,2,476
136270558,45313,1766653502,8,4,2,285
112999298,13419,1763923674,1,1,2,139
138494683,72975,1767182365,8,4,1,169
110837332,50310,1765167569,1,1,3,50
127128195,41706,1767091614,5,3,2,735
109127053,31206,1767041843,4,2,2,105
110776523,41370,1765772887,12,1,2,99
110791505,23729,1765985445,12,1,2,71
123003401,18480,1766464996,3,2,2,35
149276520,18722,1762918227,11,2,2,249
129699522,58312,1762159656,7,4,2,255
116797335,37418,1764423384,6,3,2,292
108095318,25405,1766225506,2,1,1,236
141504564,80529,1766915231,12,1,3,141
147179592,79100,1765692251,3,2,2,121
102680503,32880,1762827786,8,4,2,45
108933851,68392,1763865160,8,4,1,83
120011718,60206,1766053987,6,3,2,205
134464154,39802,1766511365,4,2,1,112
102423202,10494,1766865764,4,2,2,208
133920293,37451,1765691299,10,5,2,227
107551725,72367,1764325757,3,2,3,284
132838873,16221,1766796825,1,1,3,159
135772444,59997,1766821652,8,4,2,134
114745138,10494,1767113716,5,3,1,459
148311433,31558,1765435618,11,2,1,120
129794906,67232,1762240457,8,4,2,10
142945990,29191,1762815647,8,4,2,242
116162675,16012,1767058934,11,2,2,203
115202181,85251,1765785351,2,1,2,80
108322768,53522,1765455467,10,5,2,210
135347616,41706,1767141044,3,2,3,246
112817037,54029,1765065225,11,2,2,129
138701376,10850,1766612112,3,2,2,262
137434042,59372,1764059380,3,2,2,202
118215749,43598,1766753115,2,1,2,262
100121835,64246,1761936424,12,1,2,10
101151665,21389,1766414285,11,2,2,230
100631254,14889,1766179767,8,4,1,231
115146372,49264,1766587688,10,5,2,125
122124723,54888,1764040916,2,1,2,125
105923488,38297,1766718289,2,1,2,216
100794948,14158,1766186319,1,1,2,39
124481468,62682,1763685992,9,5,2,260
103570230,55172,1765975736,9,5,2,111
144478266,58656,1766017549,11,2,3,144
115228741,76516,1767087678,10,5,2,284
117889242,56086,1766353939,12,1,2,175
144326320,70173,1766321045,6,3,2,236
139391170,48651,1764121917,4,2,2,95
132642779,82086,1766476992,4,2,2,62
139407627,12603,1764214761,2,1,2,150
127000971,38212,1765449415,7,4,2,75
119326702,14987,1764458127,6,3,2,50
124345086,53612,1763545758,9,5,3,247
101974684,30542,1764415953,10,5,3,221
125768426,60724,1766793935,11,2,2,64
122042005,30542,1763981434,1,1,3,300
108373000,17337,1766734456,10,5,2,245
108287950,13880,1766616332,12,1,2,153
115305800,69309,1760558859,9,5,2,72
110017632,56671,1762808185,6,3,3,191
117077951,32913,1760602216,8,4,2,266
129479032,27795,1766742535,9,5,2,154
128357574,86131,1760962352,1,1,2,164
135848956,33388,1765943743,5,3,2,697
123948624,60712,1764257719,11,2,3,10
122557179,30053,1766168843,3,2,3,165
117890604,44722,1765413704,10,5,2,239
126577747,29808,1762906645,9,5,2,24
130250191,69309,1762607898,4,2,2,196
130847519,73216,1764317074,5,3,2,979
119955532,52986,1764054617,11,2,2,244
132157386,37583,1762653240,8,4,2,55
122019418,19377,1766555187,1,1,2,178
111809376,88598,1766775935,8,4,2,88
145373958,10748,1766209022,1,1,2,25
139706871,88962,1766145686,10,5,2,13
138719620,20075,1765460418,5,3,2,728
105147091,60014,1763333085,6,3,2,135
138329321,58679,1764352332,12,1,2,36
136966386,82361,1765896450,11,2,2,185
144316522,43215,1764071218,12,1,2,137
106850011,81234,1765197273,8,4,2,216
119619540,39217,1765686075,1,1,2,290
148143441,68575,1765370050,8,4,2,212
102431388,31920,1766960609,9,5,2,85
131440413,17522,1761883995,2,1,2,176
114968692,46826,1765156253,9,5,2,146
118092745,69792,1763756422,1,1,2,23
115612588,15819,1765356144,12,1,2,298
143078229,62691,1763891526,8,4,1,267
117353113,18241,1766268991,3,2,2,46
116531585,25783,1765272571,12,1,2,274
111002964,85542,1762082266,2,1,4,128
132812143,76516,1766583819,6,3,2,215
107226674,18241,1766402475,2,1,2,213
144046419,66743,1763316068,12,1,2,113
141126850,73376,1764492565,4,2,2,191
140306978,39638,1766268895,2,1,2,109
113696157,88067,1767142902,12,1,2,29
108852120,47596,1765119049,4,2,2,297
121055677,24578,1763210540,10,5,2,265
125513843,22329,1762968170,6,3,2,61
133264942,40597,1765216317,12,1,2,137
121744002,33817,1766332988,5,3,2,874
116999869,20747,1765899641,7,4,1,175
114559004,45938,1766112783,1,1,2,48
108643585,72379,1763231834,12,1,2,237
143842309,52488,1763736113,2,1,2,70
143670399,81633,1765161134,11,2,2,232
113865093,88130,1763112872,8,4,2,114
136941531,69830,1764911031,12,1,2,268
133174654,65414,1763671696,8,4,2,168
134314519,67232,1762224763,2,1,2,198
134730506,12207,1764755847,8,4,1,277
143041250,18241,1765966987,4,2,2,158
117399477,21259,1764531591,9,5,2,300
131493957,75243,1766425451,8,4,2,13
136973075,59699,1765831111,5,3,2,939
134423193,52986,1765770975,1,1,2,236
110667447,58312,1763070284,8,4,2,240
120160980,70671,1767083597,8,4,3,103
121399879,72156,1763934703,8,4,2,177
124834594,51450,1766552304,2,1,2,165
102740888,29191,1766139226,6,3,2,70
122020031,41370,1765930485,1,1,1,182
122789164,18831,1766420907,12,1,2,273
101650651,74245,1763006420,11,2,2,34
107698965,65878,1765601825,3,2,2,95
116534810,22339,1766792408,10,5,2,71
135484684,38429,1762979836,2,1,2,198
116473460,26775,1765877582,2,1,2,173
115077591,16983,1766459061,7,4,2,59
111438511,67275,1762762255,1,1,2,121
140548711,15675,1767070086,12,1,2,132
105429510,45313,1762657607,3,2,2,156
132291768,12734,1766876160,12,1,3,236
135858265,57698,1766607850,12,1,2,285
134843950,79776,1767080683,5,3,2,876
125272269,24905,1763678329,5,3,2,361
146209868,82662,1765425262,6,3,3,161
130131799,69234,1763736427,12,1,2,39
131405558,83726,1766333614,12,1,2,208
135541772,46734,1766631962,11,2,2,248
106856671,41706,1766927881,5,3,2,902
104595213,40597,1765658585,7,4,2,184
114699055,40670,1765997347,5,3,2,373
108584490,22647,1765139276,6,3,4,219
108713183,81633,1764731744,11,2,2,248
106556955,46766,1765911325,6,3,2,172
114863366,11345,1767014210,2,1,2,293
120626572,41825,1767025265,7,4,2,150
124493606,77014,1766522093,4,2,2,93
124507551,17066,1766108652,2,1,4,202
116988382,80005,1762745156,4,2,2,159
105232832,18223,1764560207,1,1,2,128
102943484,41706,1766926258,8,4,1,153
126904573,11663,1765053589,3,2,2,73
125714384,25882,1762436232,12,1,1,122
132936350,67232,1763131495,8,4,2,176
116124860,61675,1766814995,1,1,4,52
134699067,19053,1763793954,8,4,2,28
146868246,40670,1762818669,8,4,1,174
149219936,49216,1763693531,9,5,2,96
109258447,73774,1765974076,10,5,2,223
147982683,79304,1765782998,12,1,4,282
109507235,32913,1761338855,5,3,2,698
117602697,73922,1766425071,7,4,2,10
148556973,32539,1766373834,10,5,2,56
126306532,30053,1766047985,10,5,2,219
127055813,40337,1761210449,6,3,2,219
107704550,58125,1763148175,1,1,2,228
127287016,65030,1763267512,4,2,2,201
109786758,52826,1766507397,12,1,2,160
137697008,65030,1762041928,12,1,4,270
133950934,17337,1766304579,11,2,2,159
110976170,25405,1764735873,10,5,2,165
113462217,35441,1763358533,12,1,2,273
147762527,49506,1765750850,10,5,2,173
136538885,21389,1764600890,8,4,3,168
142450240,58623,1764779518,8,4,2,128
127155964,80029,1763184676,5,3,2,534
134279298,82086,1764519292,8,4,4,263
147726942,23518,1765657300,6,3,1,72
125152502,22647,1766869021,3,2,4,104
110882790,22773,1765122427,7,4,2,271
139256608,42326,1762542846,1,1,2,89
130627225,12587,1767004763,5,3,2,765
109779065,25783,1766581803,2,1,2,254
117367210,85251,1767033085,5,3,2,847
101332427,79066,1764913419,9,5,4,164
119579896,60984,1765892518,12,1,2,16
129913440,74286,1766487613,3,2,2,228
135529080,55545,1765617642,10,5,4,171
106138035,86958,1765429740,3,2,3,227
142744392,66743,1762765630,2,1,1,265
123734817,85306,1763363154,8,4,1,219
106937255,23638,1765476686,3,2,2,162
101819794,88727,1766859477,11,2,2,150
137530840,66319,1765184349,9,5,3,281
124490513,40071,1765414777,10,5,2,62
106359789,30051,1764474944,9,5,2,109
113498047,58656,1765564477,2,1,2,276
122878691,70042,1765467603,8,4,2,252
110352165,65711,1765878025,2,1,1,200
140693193,48203,1762259878,8,4,2,113
140882345,10576,1763710796,6,3,2,30
148586639,32155,1763339409,8,4,2,41
147545219,34948,1767062807,5,3,2,834
101190815,20452,1762114967,9,5,2,206
110673250,17611,1765135239,11,2,2,204
124542632,67232,1764035861,12,1,2,197
138740550,53612,1764723246,11,2,2,49
117642442,67443,1764201026,9,5,2,86
145583997,46826,1767016985,7,4,1,268
112357613,20283,1762443747,12,1,2,159
121694766,28564,1765115757,12,1,2,235
130883419,29700,1766117641,5,3,2,456
127268887,60542,1763786353,7,4,2,37
148738060,79100,1765416947,9,5,2,115
108205829,88962,1766762826,6,3,2,152
119225214,28880,1765846520,11,2,2,93
147668100,25336,1766338352,7,4,2,191
139097795,73029,1767094246,5,3,2,417
105758366,69098,1760818629,12,1,2,188
111568351,18514,1764626271,11,2,2,26
139245533,41825,1765961365,2,1,3,108
121212650,39213,1762698209,11,2,2,160
115505340,20452,1761742482,11,2,2,96
131101455,26173,1764759387,4,2,2,45
102845161,25507,1765612716,1,1,2,40
120234461,69900,1760545124,2,1,2,41
113497288,33817,1767022341,8,4,2,166
103028789,66580,1765845919,7,4,2,110
134672822,64246,1764679714,12,1,2,159
142173533,73097,1764056422,2,1,2,280
102952823,78878,1766200572,5,3,2,836
139337196,42495,1761227159,8,4,1,14
137102648,28876,1766639275,9,5,1,26
135078917,88727,1766744208,9,5,2,284
124429443,49118,1766630844,1,1,3,12
120553249,76642,1767115779,6,3,2,78
108895706,49173,1762500621,3,2,2,79
136622433,69830,1764814246,12,1,3,62
122240331,67443,1765888285,6,3,2,98
112268474,33355,1760080630,4,2,2,205
131497317,33119,1766653407,9,5,1,119
144523979,25534,1765944708,12,1,2,220
103483208,30094,1765497880,11,2,1,222
137874364,61326,1763574133,12,1,2,205
110462199,28731,1763295999,5,3,2,879
137331138,15819,1766786945,12,1,2,101
124176590,48940,1765350141,8,4,1,42
140326570,53682,1765774452,10,5,2,211
126943974,12396,1766520592,11,2,3,59
136957950,20840,1766242426,7,4,2,142
147806135,54844,1760848333,6,3,2,157
126388773,10068,1763045299,2,1,2,269
118482561,28222,1762293252,10,5,2,192
129334541,42326,1762784191,8,4,2,261
143632835,19594,1765483513,7,4,1,211
128466363,50310,1761541995,2,1,2,297
117035074,47366,1766149896,12,1,2,49
122902658,44091,1766681040,12,1,2,257
136015259,11663,1765255677,2,1,2,68
113419984,17819,1761407982,11,2,2,112
116805713,46220,1766113856,5,3,2,435
146173380,83675,1764564314,1,1,2,218
148449308,47517,1763779785,12,1,1,243
104196683,10576,1765663693,7,4,2,240
138318229,41370,1764533689,1,1,2,299
123707998,45938,1765889938,4,2,2,273
116960129,30132,1762598620,8,4,2,244
135369995,41984,1764174711,4,2,2,77
140887493,18831,1766663471,3,2,2,257
120942410,38297,1763899500,2,1,2,142
103687969,10010,1766928961,5,3,4,736
141608258,56086,1767116967,10,5,2,232
100489632,37583,1766806863,12,1,2,138
116239344,21568,1766841128,1,1,2,292
118854771,50587,1766550079,9,5,3,106
122208733,20747,1761226675,12,1,2,136
147723424,38462,1765690620,10,5,2,99
134229475,24759,1767138718,3,2,2,209
100048009,39934,1766170523,3,2,4,118
112555054,30601,1766457838,4,2,2,57
106198341,10193,1764290819,5,3,2,421
128681680,65414,1763705133,12,1,4,281
144603408,56177,1764294209,12,1,2,90
109980683,53298,1763270059,11,2,2,208
121259163,24354,1763038185,10,5,2,16
148734030,27795,1766665626,8,4,4,37
123511344,17416,1760942050,11,2,4,95
125312614,64805,1765447622,11,2,2,141
124552136,46826,1767145973,11,2,2,216
107932240,13180,1761243689,12,1,3,59
138018918,80053,1765497114,5,3,3,894
139527745,40587,1767191685,12,1,2,152
126054544,16650,1766869113,8,4,2,112
107768251,31206,1763548760,3,2,3,18
103137358,10576,1763521772,12,1,1,114
133292290,40245,1764363099,6,3,4,300
112576766,50250,1765759077,3,2,2,175
116312668,13705,1765580670,4,2,2,283
146977035,65272,1767137437,12,1,2,33
115125255,66743,1762974757,11,2,2,20
138552738,65878,1766495313,10,5,3,39
149720900,20452,1761948905,12,1,2,93
102665691,72452,1766092067,7,4,1,259
145879970,30601,1766933336,3,2,2,198
146380579,56045,1763656560,9,5,2,77
148083129,45938,1765770599,5,3,2,953
140938472,51431,1764053713,4,2,2,177
101974922,83056,1766942263,7,4,2,144
114978524,33388,1766852644,10,5,2,64
108045391,68575,1766689420,7,4,2,196
125230589,28731,1766439072,5,3,2,854
137432158,56257,1766626887,1,1,3,95
104114291,87775,1766453580,12,1,2,183
111984208,12734,1765968787,3,2,2,282
113412865,28337,1763513579,12,1,1,230
128948524,67232,1766798092,11,2,2,50
138340724,65878,1764962583,4,2,2,52
141145178,66587,1766511179,10,5,1,219
106527623,19594,1766993622,10,5,2,193
133855010,18132,1762633800,5,3,2,999
113409466,60724,1766740662,6,3,2,100
113288376,55869,1765850820,12,1,2,81
148255978,63325,1765209715,11,2,2,98
138549523,41948,1766554093,6,3,1,260
128418433,18132,1762241637,9,5,2,298
117514520,51486,1765793287,7,4,3,208
105763444,44402,1767084239,3,2,3,92
139462663,29992,1762663731,6,3,2,214
118388095,11549,1762599827,7,4,2,19
113642687,58700,1766162665,9,5,1,33
141600012,81744,1765373409,6,3,2,108
100753761,87775,1764844806,3,2,3,24
111045655,81633,1766858404,1,1,2,234
121208457,44091,1761118169,7,4,3,212
127088819,82205,1767019224,4,2,2,173
143087504,79327,1763859981,11,2,2,173
105650260,30094,1766422630,3,2,3,160
122088869,88472,1765336464,1,1,4,70
135277884,75744,1764541343,9,5,2,64
123840899,63142,1763871361,5,3,2,488
141429023,72122,1764271273,2,1,2,64
105866026,82849,1766642601,7,4,2,266
120945608,89921,1766287922,8,4,2,24
146074267,26173,1765284174,6,3,2,22
124510328,10071,1761493316,7,4,3,152
142850965,81132,1767180749,1,1,2,83
101680677,72670,1767126368,6,3,2,82
126788824,48813,1763911590,5,3,2,530
110183029,88455,1761974635,2,1,2,141
133192794,49506,1767094012,4,2,2,299
107754848,16012,1767061296,9,5,3,269
128237070,21259,1765144418,7,4,3,221
136428400,24759,1762521211,1,1,2,227
111078339,10071,1766964273,4,2,2,204
143313399,12171,1766442088,2,1,2,282
128678631,47366,1765673271,4,2,2,69
101669857,13419,1766053978,11,2,2,22
123535823,39775,1765680742,4,2,2,170
102914765,50966,1766653318,11,2,2,112
113728041,51486,1765544591,3,2,2,132
134625530,85542,1763382702,12,1,3,182
128627379,89237,1763189048,2,1,2,210
131458469,27435,1761811170,7,4,2,148
123453012,48940,1764141033,8,4,4,234
137394880,29808,1765595242,9,5,2,79
111811373,43422,1763192703,3,2,2,155
108356170,54029,1763217557,2,1,1,123
127533187,25534,1766357707,10,5,3,31
118317597,12207,1765844702,1,1,2,129
120679075,81633,1764061308,2,1,3,234
146219289,13305,1764201924,3,2,2,176
108093799,44722,1766841618,10,5,2,39
124306377,65878,1767047552,7,4,2,268
138632911,72084,1763600591,10,5,2,125
117769352,88472,1762677930,5,3,2,660
116038903,69864,1765514518,2,1,2,145
101950934,52940,1766757496,3,2,2,48
141277141,63034,1763420286,5,3,2,845
133148335,18241,1766083307,3,2,2,86
109701625,42495,1764860578,3,2,2,206
139189849,10494,1766966256,9,5,2,68
131673150,53461,1766333968,10,5,2,140
100262585,83675,1762188329,12,1,1,193
147290682,71423,1764647615,7,4,2,119
115932224,24499,1764268795,5,3,2,938
145718587,32539,1766321072,10,5,2,265
137457897,29992,1765270751,10,5,2,14
123978275,83056,1764337441,3,2,2,94
116287753,63142,1761857060,6,3,2,286
128317841,17066,1766945518,3,2,3,96
117561698,55869,1762604393,5,3,3,773
138336544,12582,1765697148,2,1,2,299
125313379,71056,1762235481,10,5,3,288
121930044,86393,1765020906,2,1,2,10
131054915,60984,1763717698,8,4,1,75
124005013,83892,1765438754,4,2,1,51
120990727,63286,1766149621,4,2,2,104
114825999,20747,1765939527,10,5,2,66
136954386,26075,1767008165,10,5,2,179
146469524,28564,1763387555,8,4,2,296
123915113,53461,1766878950,8,4,2,250
109389291,13310,1765008766,11,2,2,63
134296989,83726,1767075534,4,2,1,75
112287094,69531,1764140491,7,4,2,106
128890384,50250,1767122468,8,4,2,231
141712183,40245,1761809963,6,3,4,75
137243633,77786,1765496023,3,2,2,102
148126220,48112,1764805143,12,1,1,144
106176079,69234,1762477052,2,1,2,275
102229277,69864,1762436290,7,4,2,42
116526477,51059,1766258112,7,4,2,131
141096699,55869,1764864315,6,3,2,285
110212059,32617,1765267040,10,5,2,117
134219613,73376,1761571000,7,4,3,86
147449260,10679,1767013623,7,4,1,179
105309674,28340,1764185358,10,5,2,72
113667755,66580,1766915922,10,5,2,105
138663339,32913,1763999526,1,1,2,242
112857737,55912,1764067683,5,3,2,471
144458579,25507,1765135143,8,4,2,238
131791642,83675,1760852649,8,4,2,254
149408610,39289,1765254251,5,3,2,761
104460878,53461,1767071539,3,2,3,98
106365759,54977,1763327970,6,3,4,278
133468801,31731,1766870645,8,4,2,209
136955836,15399,1764046511,9,5,2,124
100418759,69792,1764127839,9,5,2,131
102631699,31920,1763876438,6,3,4,74
123504927,50286,1764040135,10,5,2,263
119788806,60864,1763274981,11,2,2,122
143589003,48827,1765327680,4,2,2,214
105710134,63034,1761383813,12,1,2,103
121083409,32749,1761584933,6,3,3,155
116329104,52051,1765093357,12,1,2,110
113363925,72084,1764335143,2,1,2,152
130085645,58656,1765917556,3,2,2,260
144945608,56688,1765024853,6,3,2,252
110547393,82331,1762764624,12,1,1,74
148769140,85306,1766282226,3,2,2,25
137452062,30166,1761767710,5,3,2,457
141604523,82849,1763326361,2,1,2,50
136660770,26173,1766235388,7,4,2,49
114738661,64421,1764462181,9,5,2,120
121939637,81363,1766541461,5,3,2,520
130454422,42463,1763177692,8,4,4,47
100260023,55869,1762549869,1,1,2,237
134897159,67275,1762392297,12,1,2,163
135647649,64879,1761251444,5,3,2,832
104372505,30053,1764605034,9,5,2,180
140530985,42776,1765772353,5,3,2,894
109841491,10679,1764716354,5,3,2,483
143922739,28564,1762857477,8,4,2,209
138881093,84623,1764195151,8,4,2,211
100393324,72367,1765725851,11,2,2,77
110066269,89877,1765595777,9,5,2,179
105969622,66909,1763089850,4,2,3,238
117699386,51975,1767005671,12,1,3,108
132257562,66319,1763935545,7,4,2,230
143389700,13310,1766687656,11,2,2,87
118512868,23195,1760162329,11,2,2,275
119322471,50286,1763535783,4,2,2,221
115597087,71936,1761542729,3,2,2,294
146941707,14987,1764782667,7,4,2,266
138487489,88130,1766333731,10,5,2,289
109110767,83646,1766845881,6,3,2,256
138192923,31343,1765486107,9,5,2,41
142499992,42776,1762145191,3,2,3,44
120785254,81170,1767019975,1,1,2,108
114900876,72670,1764851244,10,5,1,55
141524385,55172,1766063627,3,2,2,73
121560270,39158,1763140771,3,2,2,178
134208651,29808,1766910570,10,5,1,119
140417615,35446,1766741506,4,2,2,225
120570923,73216,1765966849,11,2,2,164
106560196,53612,1762782306,8,4,4,146
118723390,58733,1766054545,5,3,2,562
142664433,77786,1763026160,5,3,2,638
110906979,86958,1762399156,4,2,2,37
138897725,44402,1764497611,9,5,2,10
114109859,74289,1766864992,12,1,2,203
146150278,31958,1765812320,1,1,2,158
141472391,72367,1764442212,7,4,3,80
125271377,85358,1762377248,12,1,1,45
144422318,85306,1764083462,11,2,2,143
144873075,32617,1762734832,1,1,2,150
126410178,25336,1762788200,10,5,2,169
116525945,10071,1761562309,9,5,2,274
139139743,39934,1766689991,6,3,1,81
136729322,63142,1765595234,9,5,2,245
121803325,40245,1763849529,10,5,2,101
117072856,17112,1766570880,11,2,3,247
124875203,66587,1766769601,7,4,2,90
104569065,48851,1763330763,2,1,2,80
116539848,45769,1764674680,6,3,3,54
101035387,81363,1765927484,10,5,2,142
146858372,82733,1767096145,12,1,2,135
119998945,24578,1765844361,1,1,2,241
115729042,87859,1763357957,12,1,3,138
109574886,24352,1761722770,10,5,2,54
119578091,54029,1760261130,11,2,2,61
108465500,18758,1764156424,5,3,1,424
148940783,19464,1766864025,1,1,2,194
122326264,88727,1766111146,3,2,2,66
124131254,83056,1766317541,8,4,2,262
107942412,19594,1761946048,9,5,2,180
143807349,38212,1766681211,1,1,2,264
106859495,14735,1762411464,6,3,2,152
112211206,86393,1761427923,2,1,2,55
128832447,31974,1766052796,1,1,2,67
117221065,29700,1765336440,10,5,2,157
104094291,14910,1764373914,5,3,2,704
148632065,81142,1766110973,3,2,2,260
112989721,31002,1766053658,1,1,1,161
147599063,36819,1764180363,1,1,2,233
109663826,15819,1764804670,11,2,2,169
145227987,50974,1762408958,8,4,2,113
144393498,71056,1763506401,3,2,3,245
101035647,54977,1765833645,7,4,1,42
122150302,88653,1765319616,4,2,4,43
135974024,25534,1765005791,10,5,2,132
139088303,26775,1767129559,1,1,2,28
115537162,19377,1762760588,10,5,3,210
125899681,37418,1766086921,2,1,2,10
140039463,61703,1764863703,3,2,2,271
128183621,72084,1764114231,4,2,2,261
142072430,26775,1766073293,1,1,1,56
119098889,31039,1760761883,4,2,2,56
105159225,20224,1766449415,8,4,3,280
145620630,21568,1766672705,8,4,2,57
143492566,73774,1766636900,10,5,4,32
126035917,83892,1765236230,8,4,2,251
136144230,28731,1766800013,8,4,2,15
132198031,72780,1766914027,10,5,1,89
121926260,88472,1763332285,9,5,3,195
108619385,83892,1766521309,4,2,2,294
119683435,88067,1762189353,12,1,3,20
111220019,58125,1764277746,1,1,2,71
111533340,15047,1764917680,6,3,2,36
135206262,55172,1766760118,6,3,2,125
124481653,17414,1765601815,9,5,2,184
118761597,36647,1766010603,9,5,4,200
137581524,76012,1766504724,7,4,2,262
123963766,56881,1764977901,2,1,2,274
131063333,32375,1765979968,2,1,2,171
148265364,12396,1766251936,8,4,4,89
113185146,70792,1764021247,1,1,2,246
149628875,18514,1766808110,5,3,2,334
126796716,64879,1766606132,11,2,2,161
140297805,48940,1765230045,8,4,2,19
142988102,33456,1766986723,3,2,3,163
124421162,19017,1762771175,2,1,2,29
106784331,22647,1765815627,12,1,2,93
120568005,86131,1763612468,3,2,2,129
110175700,78739,1765743772,5,3,2,916
101439886,69864,1761969312,10,5,2,68
142126215,39352,1764547284,8,4,2,289
131955040,26775,1765339762,3,2,2,149
123211670,23924,1761836793,8,4,2,96
128795247,50974,1767016983,8,4,2,43
131059689,86687,1765102997,2,1,4,244
117102477,22189,1765756657,1,1,3,123
104176506,25405,1764584473,5,3,2,723
119068189,22329,1765521624,10,5,3,144
148859991,35446,1762720677,2,1,2,56
136857118,38088,1760571192,6,3,2,87
104413135,25405,1766478680,7,4,2,189
143732292,19053,1766249974,9,5,2,246
143219491,31920,1762304336,3,2,2,57
130244349,17112,1762704689,8,4,2,145
116869249,79104,1765361367,2,1,2,253
149481649,61326,1765236856,4,2,4,59
101625835,15393,1760733319,3,2,2,18
134907513,40337,1764078064,12,1,2,19
110311253,65878,1764678098,1,1,2,36
104227060,76516,1766867644,9,5,2,72
136637314,52018,1765878820,8,4,2,50
147980682,50250,1765709354,4,2,4,46
149614533,81366,1760427288,2,1,1,66
141206057,83646,1767079402,6,3,2,31
110406828,30542,1764567179,9,5,4,219
111180781,35340,1762659693,10,5,2,62
139383055,27097,1766428036,3,2,2,259
137771739,16741,1763897459,7,4,2,150
124508920,56801,1767026442,3,2,2,220
137417362,12885,1764540102,5,3,2,809
120083466,88653,1763606854,4,2,2,139
130782540,27097,1766390097,10,5,2,38
128386617,16983,1762625595,10,5,2,136
127749594,31731,1763668343,6,3,2,250
145789791,27765,1764879608,6,3,4,90
130807890,35463,1766625995,7,4,2,262
125331148,39289,1764061302,12,1,1,296
109908271,80529,1766918223,7,4,2,133
129633396,60724,1765887611,6,3,2,147
135888760,39802,1766978153,6,3,2,15
113092740,73922,1765788315,12,1,2,106
147454193,39400,1766701889,6,3,2,80
100925130,11345,1767025800,3,2,2,255
132940952,73478,1764431692,8,4,3,65
134418334,59911,1766573152,11,2,2,46
145443087,68591,1762311426,1,1,2,16
106791149,39352,1762813965,2,1,2,269
100069629,63286,1762124902,9,5,2,229
107128525,66356,1767028235,5,3,2,908
123338011,53155,1765187600,6,3,2,214
120459153,36662,1764530178,9,5,2,288
121293650,30243,1765945104,1,1,2,215
120183314,46526,1766020454,6,3,3,258
137765077,11471,1766938438,12,1,1,218
132935905,85251,1765214042,4,2,2,187
147931991,57855,1766810282,10,5,4,118
145542507,84141,1765318857,12,1,2,222
148017340,19762,1765272548,8,4,2,271
117328895,48203,1764950705,9,5,2,256
123027725,86435,1764552912,7,4,2,78
128359391,71854,1763255074,3,2,2,202
146642423,65742,1766352466,2,1,1,39
121032392,45938,1765878019,9,5,2,61
102574885,60078,1762520614,9,5,2,161
103422289,26083,1761304092,4,2,2,200
121790749,23924,1765463454,7,4,2,198
108433816,22189,1765467644,6,3,2,237
140937928,73922,1764482735,7,4,2,283
124038643,16823,1762408490,12,1,1,51
125847749,40245,1765710567,12,1,2,34
133884870,57855,1766338627,5,3,2,533
132974655,72367,1764941733,1,1,2,41
105748817,57850,1763749699,3,2,2,270
138422445,23924,1763664913,9,5,3,241
117256248,79397,1764442079,12,1,2,60
119409240,42454,1766177222,2,1,2,283
134926036,59372,1766136313,3,2,2,205
135467890,81132,1767077455,2,1,2,149
125189772,53461,1766433952,10,5,1,284
140328108,58125,1762228082,4,2,1,181
127577351,65414,1766573482,10,5,2,168
138393707,70042,1765262140,9,5,2,83
134357840,72605,1766161389,9,5,4,216
125207146,80529,1767020485,5,3,3,936
108140497,56496,1765860671,3,2,2,17
126697619,17611,1764005326,7,4,2,269
116944804,76012,1765042077,3,2,2,228
140531478,32874,1763078450,10,5,3,89
127419772,42719,1766942257,1,1,2,73
129305100,57850,1764363468,12,1,2,126
131753427,70042,1765369845,11,2,2,201
138687734,77195,1766563087,3,2,2,251
118308364,73487,1764471411,2,1,2,72
112817921,21678,1764320482,5,3,3,357
142603280,33107,1765436645,4,2,2,167
125424277,39934,1766362857,6,3,2,71
135886273,16741,1764524921,9,5,2,146
106460665,57499,1760714433,5,3,2,816
102700549,37464,1766333301,8,4,2,251
128180508,30527,1762270705,11,2,2,64
144959714,39802,1766888715,9,5,2,198
112698392,20452,1761673189,9,5,2,236
125686999,76516,1765436109,3,2,2,294
104885494,76666,1766585817,7,4,2,120
137252763,13419,1766224678,7,4,1,144
146122856,22294,1765113014,5,3,2,478
134847737,67443,1763558158,8,4,2,261
122296200,57801,1763923843,11,2,2,136
106393766,49355,1766757847,8,4,2,124
115207280,61675,1767005144,1,1,1,114
140250804,48203,1764566708,8,4,1,238
105366171,58679,1763009258,11,2,2,77
138210361,59613,1764248322,10,5,3,197
109448151,61703,1765717831,6,3,2,213
121393581,67232,1763677678,7,4,2,250
100382361,73761,1766410409,3,2,2,59
106147249,89406,1767061194,9,5,1,93
132588755,85298,1766190177,9,5,2,222
118810560,61703,1767078992,8,4,2,141
123008493,19594,1765442531,7,4,2,72
112418278,24176,1764175027,10,5,2,169
103458776,39352,1764791569,8,4,2,191
138272155,85298,1766646646,12,1,2,226
149601589,20075,1766757462,5,3,3,858
133735523,86351,1762335883,6,3,2,95
103899889,74286,1767038419,5,3,2,855
132570702,49227,1763473067,6,3,2,159
114340889,70923,1766401499,8,4,2,154
110193092,70792,1765306033,2,1,4,120
103438874,54844,1763527008,12,1,2,180
122779259,19377,1765971476,6,3,1,194
137350277,51169,1765872593,1,1,2,83
130546508,53123,1761741172,7,4,2,250
148563463,29808,1765493908,8,4,2,234
144842510,37583,1764569586,12,1,2,193
137045331,19164,1765421893,11,2,2,147
135437318,29859,1766949745,3,2,4,114
135968193,26013,1765860168,2,1,2,60
143967255,49173,1764033396,2,1,2,156
139719076,48851,1766362706,7,4,2,207
138583639,24402,1764996558,3,2,2,256
148559404,79627,1765750982,11,2,2,262
103544512,52826,1766996510,7,4,2,31
102490395,81744,1766274396,1,1,3,90
117355402,12171,1765418468,11,2,2,28
140101685,38553,1766029019,5,3,2,436
137255552,58700,1765292726,12,1,2,193
131433768,10850,1764416508,10,5,3,72
102400278,82641,1765695933,7,4,2,247
114157476,41683,1766305464,9,5,2,80
103807507,71423,1763357083,5,3,2,836
115125751,55869,1762054088,12,1,2,266
116475281,54888,1766352458,8,4,2,77
136182963,76587,1764965993,2,1,2,226
115876162,32617,1763114102,9,5,2,51
128931677,76516,1765487276,10,5,2,198
109061229,63886,1765441336,6,3,2,60
147112994,16221,1766999152,3,2,2,147
127500356,60792,1764385148,2,1,2,241
143420682,57911,1762270198,8,4,2,279
113721794,58595,1762864582,7,4,2,16
121856906,69864,1763000959,10,5,2,151
129217619,63142,1763648068,8,4,4,177
137207900,47596,1766040687,9,5,2,221
105408767,58312,1762665858,9,5,2,34
148841743,88653,1760663745,1,1,4,198
125001067,33817,1767047395,4,2,2,229
126718111,37156,1767122328,9,5,2,50
120091844,40579,1766437842,12,1,2,192
133469130,29565,1765580233,8,4,2,250
127022080,15359,1765140108,12,1,2,283
138061623,28564,1763298090,7,4,2,269
145987468,10748,1764136017,11,2,2,22
127598034,46766,1765619127,7,4,3,143
148654009,18722,1764050832,2,1,2,228
138027851,39352,1763969402,3,2,2,134
110088218,88455,1764077166,1,1,2,263
106352341,70382,1765273971,11,2,4,148
107299494,39950,1765769751,5,3,3,327
124720982,24905,1761762274,7,4,2,295
108387966,13419,1766531628,8,4,2,34
149790323,61587,1761268389,10,5,2,237
143644803,69900,1766187394,2,1,3,72
138268698,80026,1763253450,8,4,2,83
120828936,58312,1763958887,10,5,2,135
120060747,62597,1766790076,2,1,2,23
107245547,79627,1766807643,11,2,2,200
111533038,79240,1765117776,8,4,2,269
104060573,85542,1767114215,11,2,1,179
126993211,34287,1765543794,1,1,2,245
107730507,88130,1764900244,7,4,2,38
139818685,32617,1763272009,6,3,1,205
121796220,83719,1760165050,1,1,2,40
100992891,56801,1766654280,4,2,2,139
124570754,73097,1765998838,12,1,2,295
122857031,12207,1766069163,1,1,2,107
144647989,23638,1765342584,11,2,2,237
124608091,43422,1762179036,5,3,2,370
127719121,89235,1763967090,10,5,1,255
114360756,58303,1761820261,11,2,3,185
106830653,61703,1765914567,3,2,2,84
105837495,42018,1766873366,12,1,2,129
103544362,33388,1765323799,8,4,2,179
149913380,86131,1763999408,12,1,3,284
147922812,32874,1765732243,5,3,2,744
118185945,67215,1763671798,9,5,3,136
148134591,84235,1765785255,6,3,2,222
133639865,66899,1766135753,9,5,2,200
149115890,69900,1764679654,2,1,1,17
147659580,72780,1761560432,4,2,2,89
119281651,58999,1763048445,1,1,2,260
116305876,64421,1764804939,7,4,2,105
113699512,14677,1765784969,11,2,2,78
114665601,29700,1765738982,4,2,2,100
112947571,15660,1761671966,3,2,1,40
103450193,32155,1763043456,3,2,2,298
143996106,38411,1766731755,2,1,2,238
146083986,36819,1764687273,8,4,2,255
116244803,13305,1767177481,7,4,2,226
129341591,49139,1766780703,5,3,2,588
123290536,25507,1766680290,3,2,2,182
105209262,70341,1766913531,11,2,1,56
142182446,37464,1763733585,12,1,2,240
138095289,71056,1765128489,5,3,4,578
119794628,34856,1762376361,12,1,2,118
140955603,29700,1764887648,8,4,2,168
129164824,51221,1762917966,2,1,2,209
116854802,83157,1766276235,6,3,2,95
144526589,86351,1761066887,5,3,2,388
143172859,13310,1765250667,2,1,2,66
134463459,22287,1765962164,7,4,3,118
133257715,80467,1763067077,4,2,2,77
119637742,20840,1765876577,11,2,2,180
127247207,50226,1767171173,6,3,2,41
112876584,77195,1763818829,4,2,2,250
145017442,72605,1764565067,6,3,2,217
148101177,31403,1766881972,3,2,2,151
143428731,39638,1766699729,10,5,2,43
146253063,74245,1764704317,10,5,3,64
112583660,24905,1766863338,2,1,2,130
104830921,79776,1765720256,5,3,2,631
115729711,57499,1760071872,2,1,2,180
135253191,37023,1766821850,3,2,2,147
123924016,21391,1762191932,5,3,2,676
130457077,46220,1766991595,4,2,4,17
102537156,78739,1763556708,10,5,2,265
127791683,27765,1760694332,9,5,2,213
130187434,82733,1767121910,4,2,2,30
147348965,45313,1766700380,2,1,2,89
108642052,42463,1765631048,9,5,3,196
128976674,79100,1765423783,5,3,2,827
146799245,29565,1763328958,10,5,3,27
135106235,71918,1762780965,7,4,3,170
135296452,17639,1762072738,8,4,2,188
108768529,63886,1764314967,10,5,2,59
147111963,36088,1763979725,11,2,2,19
106342013,89877,1762029334,9,5,3,110
105162780,16012,1767174890,2,1,4,252
128791058,66899,1766436961,6,3,2,81
144133067,31002,1765035777,2,1,2,247
103868772,26977,1765362723,8,4,2,95
142706087,32749,1763858734,2,1,2,274
133764710,80529,1766981051,7,4,2,220
106867767,60724,1765586788,5,3,2,650
103295507,39934,1766276420,3,2,2,199
114707836,42719,1764886923,7,4,2,59
124556290,81170,1766901814,8,4,4,283
135751139,63034,1761310518,6,3,2,208
112874083,23729,1766185898,2,1,2,157
109147245,43785,1764007313,9,5,2,65
120236020,25747,1765921768,10,5,2,214
114648531,43215,1765446655,3,2,2,281
142995215,56257,1763064599,2,1,2,159
119022897,59613,1762523179,6,3,2,237
100207204,65414,1767180672,12,1,2,140
118205952,24402,1765259376,4,2,2,254
140841578,42454,1760642368,4,2,2,45
110505940,54546,1766245642,1,1,2,222
116859660,72122,1764011923,9,5,2,210
100859693,42495,1766840793,3,2,2,110
123629576,88130,1765033369,9,5,2,12
106770206,86351,1765205162,1,1,2,299
149105728,31002,1765654408,1,1,2,194
132653796,89237,1763192974,1,1,2,269
134337227,27097,1766297915,12,1,2,130
133360681,37464,1764754839,12,1,1,244
103062386,70341,1765871498,12,1,1,232
145982018,57698,1764731365,3,2,2,16
119201887,41370,1765734621,1,1,2,189
117016134,40071,1766210651,9,5,3,70
110062926,29574,1766987563,6,3,2,142
145285903,24578,1764515189,1,1,2,15
133009548,18831,1765933647,7,4,2,79
115235720,42326,1763925325,1,1,1,270
141654529,62405,1764904556,3,2,2,69
108465700,28731,1763824255,9,5,2,122
148538504,32046,1764372524,10,5,2,128
110667474,17112,1763963235,2,1,2,53
132904299,58595,1765964684,11,2,2,289
108867079,16650,1765022920,7,4,2,171
147332087,66899,1765206913,11,2,1,35
116976088,71854,1763205443,11,2,2,175
104685204,57855,1766472118,4,2,2,68
140832306,62682,1765088139,7,4,2,208
135575680,60206,1763814318,12,1,2,22
105007962,51169,1762587736,12,1,2,66
119312871,85833,1766583282,3,2,2,203
120599441,23789,1762826356,12,1,2,73
134332005,49201,1761649727,5,3,1,871
143148390,52488,1763558750,5,3,2,931
123834132,45769,1766949766,12,1,2,87
121285446,84117,1765480783,6,3,2,84
115697110,13140,1764078378,8,4,2,176
123839091,83157,1762611429,3,2,2,153
120531987,53612,1765988133,4,2,2,143
117651210,39802,1765702023,10,5,2,272
136093713,82205,1763824287,4,2,2,19
128578037,12801,1763996945,10,5,2,134
129834901,52940,1765915985,12,1,2,25
144146250,14057,1764007131,10,5,2,241
103606041,16221,1766534289,10,5,2,259
130036744,22221,1761940800,9,5,2,38
139814671,63886,1763911724,10,5,2,155
108460159,16482,1764402306,12,1,2,286
126300774,34782,1764690280,12,1,2,182
135330411,51975,1765881714,7,4,2,230
139777359,22305,1766069670,8,4,2,18
132329125,60206,1766470443,9,5,3,139
148189900,15393,1766242631,7,4,2,38
141452680,25405,1765786377,5,3,2,613
143777303,30601,1766547918,1,1,3,145
138911286,77786,1763549368,5,3,2,342
118559660,62597,1766991243,4,2,3,58
144100691,40933,1766462547,5,3,2,514
138801705,88584,1761161193,5,3,2,863
124615241,54888,1765240496,11,2,1,196
132648405,68591,1765413491,10,5,1,72
107785153,76516,1766732915,12,1,2,26
112854731,22190,1766343947,10,5,2,210
105403070,27435,1765600421,6,3,3,215
113544205,27435,1762083802,11,2,2,237
143832100,30542,1766332492,5,3,2,387
149090179,63325,1762648904,8,4,2,139
138294965,54546,1763913348,11,2,2,77
130728344,25094,1763557901,2,1,3,43
132413214,76012,1765789493,1,1,4,84
147608674,13419,1767193683,8,4,2,129
120714025,55869,1762313138,7,4,2,24
110642340,20075,1766203785,1,1,1,100
116912331,39213,1764893337,12,1,2,284
126708071,63651,1766501331,1,1,2,26
111987772,82361,1766183768,1,1,2,284
111867562,11229,1763700334,10,5,2,188
127128349,12273,1763906563,5,3,1,754
117051597,30601,1765948859,1,1,2,19
148475903,66743,1761728570,9,5,2,251
111095205,88727,1764787391,8,4,2,293
147705874,16012,1767078983,4,2,2,211
137307131,80005,1760593582,3,2,2,77
106958993,49264,1764829042,11,2,2,67
122067395,25783,1764360965,6,3,2,131
134054034,50226,1765777936,7,4,2,113
120395862,39593,1766924987,9,5,2,53
111954408,48651,1766415323,6,3,2,198
133665328,79776,1766348512,4,2,1,69
118236840,60864,1763803101,3,2,2,59
136021210,37000,1764749684,6,3,2,289
116169555,85306,1765897428,3,2,2,179
129485726,27795,1763032503,3,2,2,208
131506455,41370,1765029322,6,3,2,87
137326242,51169,1764639258,2,1,2,277
122857551,78402,1765258974,12,1,2,162
111176995,82662,1765983176,5,3,2,337
134451289,12207,1764644859,12,1,1,118
135367675,11229,1766182674,9,5,2,207
126699040,69830,1764402683,8,4,2,266
106436465,50226,1766381278,10,5,2,178
103537206,51486,1766422468,2,1,2,156
132052010,19754,1763663913,5,3,3,630
100422160,22339,1764858680,1,1,1,258
121105501,71854,1765015428,2,1,4,12
133184843,34287,1762571114,12,1,3,89
116454310,36977,1765244982,8,4,3,195
125309936,85370,1766734794,2,1,4,134
102026853,22190,1767107455,10,5,4,128
137084031,50302,1762512315,3,2,2,183
112537396,23638,1763664849,2,1,2,209
145085099,71187,1765605924,5,3,1,507
114415735,65711,1765476648,6,3,2,137
130240371,15359,1760214901,6,3,2,214
129179090,40352,1766174651,11,2,2,299
114240952,24129,1766937145,2,1,2,268
142554361,24759,1761518559,5,3,3,806
134452732,74286,1766761860,11,2,2,133
130423996,21389,1766672490,3,2,2,286
126770605,10068,1766920043,11,2,3,258
136031752,73761,1766688016,7,4,2,126
148194278,19164,1765354250,7,4,2,191
148700551,73216,1766066892,12,1,2,225
108346946,21162,1766415981,8,4,2,144
107050357,13565,1763875541,6,3,2,173
114447490,37000,1761536421,4,2,2,236
135157711,58176,1766400590,8,4,1,295
100447581,19762,1765094358,7,4,2,43
149576951,24759,1762072494,3,2,2,295
148160927,12171,1766888780,2,1,2,148
126560784,30132,1764506322,5,3,2,412
113890626,58623,1766039807,8,4,2,156
112692000,78739,1765891023,3,2,3,283
138645052,40670,1764537102,6,3,2,151
128697319,22857,1765135980,6,3,2,23
116989839,31206,1766787452,7,4,2,94
144945142,85251,1764963846,6,3,2,268
140123919,16823,1767114170,11,2,3,141
102706359,19594,1766306822,6,3,2,108
126993734,47053,1761671054,9,5,2,260
133721066,34560,1766693684,8,4,3,256
112010605,81132,1767104067,10,5,2,157
103622445,36647,1761616899,12,1,2,174
145680409,58623,1765045321,9,5,2,179
129064973,10010,1766495662,10,5,2,294
141356263,53522,1764097025,10,5,2,168
112672557,16221,1766258686,11,2,2,242
114901251,29700,1766734150,7,4,2,67
114227919,60712,1762958649,1,1,3,252
149961206,39950,1765038266,8,4,2,268
138979611,61675,1765835598,5,3,3,318
106835872,89748,1764235609,10,5,3,159
122707328,18241,1766878843,7,4,2,279
116791605,19754,1766376774,9,5,1,244
116210057,17819,1760885166,9,5,2,89
134087724,50587,1767147516,4,2,2,150
127594492,18132,1766627435,10,5,2,171
104109085,15675,1766345869,11,2,2,25
145432318,89921,1765012916,6,3,2,155
139093081,48651,1764443699,6,3,3,238
127931229,15939,1764307136,9,5,2,116
142513553,16650,1766696069,4,2,2,270
105601558,75744,1762368277,7,4,2,226
124412250,10098,1765359863,3,2,2,246
117142902,23924,1761838218,4,2,2,34
145351640,68392,1766139750,1,1,1,237
126039321,20747,1761634014,1,1,2,192
142807817,66319,1766716036,4,2,2,109
141860607,17658,1766500341,3,2,2,34
128799871,61587,1763214707,12,1,2,13
100794525,31039,1761903956,3,2,2,222
127675744,59679,1762296920,12,1,2,238
121166173,72122,1763848418,12,1,2,95
114551662,80007,1766552823,7,4,2,223
145762738,58700,1765734492,10,5,2,271
122543501,84235,1764590477,7,4,2,245
127376752,60078,1764630081,6,3,2,30
120839184,33840,1762595109,11,2,2,222
146225453,24176,1766786150,8,4,2,103
144985078,22647,1763623190,7,4,2,73
129037479,13140,1765060816,12,1,4,93
138642767,10098,1764769413,11,2,2,216
145119865,83726,1763076366,3,2,2,285
120770123,84235,1766302681,3,2,1,237
109609539,82733,1767011366,3,2,2,235
124434509,16983,1761714299,10,5,2,93
128354603,25507,1763781712,4,2,2,87
116996207,42495,1762247025,7,4,1,61
125082794,66319,1765168763,8,4,2,234
115282042,43422,1765927749,5,3,2,648
126521149,43422,1763321844,5,3,2,897
145832167,58348,1764527160,12,1,1,218
126880069,89009,1763129240,8,4,2,262
126972230,35340,1762047073,2,1,2,96
106511862,37464,1764652300,10,5,2,259
125385784,54977,1766526152,9,5,2,177
107209612,35441,1763973700,12,1,2,281
100367720,76266,1767080604,12,1,2,233
127535261,48940,1765536958,6,3,2,232
110183261,24759,1766643931,8,4,2,293
134707948,21568,1766323814,10,5,3,69
133848971,88727,1765069052,4,2,2,102
130534500,12885,1766508630,8,4,1,130
130542404,85542,1762389758,10,5,2,70
146561476,84141,1763358803,12,1,1,221
135890634,34287,1764307100,6,3,1,248
109177711,75759,1766211824,3,2,1,201
102399122,58312,1764028798,3,2,2,294
103984476,51169,1765335116,10,5,2,180
131724462,38400,1764206824,1,1,2,172
147398839,65272,1764554495,11,2,1,146
109852964,82174,1766207943,12,1,2,279
149313992,52826,1766961239,9,5,2,76
119462639,55172,1766982870,8,4,2,130
147544048,71086,1766516329,4,2,2,28
149655120,53185,1764230492,2,1,2,176
128974789,24905,1765710951,4,2,2,230
147825492,60484,1764147247,5,3,2,368
105440827,79100,1764027876,6,3,1,31
118505866,12273,1762429734,9,5,2,135
146649549,63142,1762477961,11,2,2,130
121910243,53155,1764823734,8,4,2,284
143312104,82733,1767094406,10,5,2,148
113465440,70792,1766363973,6,3,2,225
130731634,50444,1764220278,11,2,2,14
118635030,46220,1767161330,2,1,2,113
139636842,82174,1764085337,6,3,2,104
134763574,39638,1765555525,8,4,3,277
111011096,68575,1765052680,4,2,2,184
112866918,72452,1764967442,10,5,2,58
121219987,84117,1764819579,9,5,2,119
108933900,33388,1765918949,10,5,4,151
129262704,52051,1766057764,11,2,2,166
115631826,71056,1766119728,12,1,2,153
147949907,53522,1765388323,1,1,2,240
116155946,38278,1766803482,12,1,2,78
149228200,54029,1762197086,9,5,2,121
123435850,72670,1766755418,3,2,2,101
104761484,54977,1765497594,12,1,2,171
137046005,33388,1766264454,5,3,1,745
108580390,73761,1767140483,7,4,2,258
121067897,65742,1764100343,11,2,2,175
106276304,40245,1764515309,10,5,2,100
101848175,49691,1765083699,8,4,2,195
101997350,32375,1765895693,1,1,3,114
142124560,34232,1762488579,7,4,2,207
115133469,15675,1765701062,6,3,3,22
105108461,25461,1764871935,7,4,2,202
124384611,82703,1763757086,9,5,2,277
122783186,55474,1764322129,6,3,2,152
140759986,70792,1764536369,7,4,2,28
148915578,70343,1762473773,6,3,2,74
105951513,83675,1767096719,6,3,2,285
103605155,25783,1766014822,6,3,2,173
143150311,64617,1766426299,6,3,2,125
139996460,82174,1765169032,4,2,2,219
145132789,60792,1766623782,5,3,1,890
114348792,30542,1764393690,3,2,2,245
147214677,50974,1764764192,3,2,2,105
103141914,51450,1766939626,4,2,1,129
130619800,81170,1766041312,10,5,2,217
128336170,48112,1763147819,2,1,2,279
115269667,37583,1765849743,4,2,2,112
122315095,68099,1766690860,7,4,2,38
140420361,77786,1762060503,4,2,2,117
133019967,34748,1766175072,6,3,2,61
121313126,34303,1765048502,7,4,2,235
138714367,50286,1766978809,10,5,2,157
109105435,56671,1762815633,11,2,2,62
128156554,28876,1765860359,7,4,2,106
136093266,55912,1763279986,1,1,2,246
100574510,74010,1766132551,2,1,1,292
114865175,25507,1763776720,12,1,2,143
115262473,31343,1767028257,1,1,1,176
120093101,49506,1766624265,1,1,2,236
127516339,23924,1765903913,2,1,2,282
133208830,54844,1765834649,8,4,2,137
116248052,76516,1766101058,7,4,2,262
141399495,83726,1765559906,9,5,1,215
115675860,62493,1762695148,11,2,2,114
146163219,34782,1762982971,5,3,2,475
128156319,82361,1765303770,5,3,1,535
148777098,86351,1761884145,11,2,2,209
126318385,66909,1764890985,2,1,2,245
133792158,12582,1765340043,3,2,2,64
126919787,85349,1766916595,9,5,2,261
132341230,88653,1765834232,4,2,3,229
144835275,75744,1765470816,1,1,2,266
129354951,55869,1764879594,3,2,1,159
142181645,21678,1764656380,1,1,3,204
108561400,88584,1760200617,7,4,2,111
139947580,16741,1766490252,3,2,4,239
141756897,82221,1765221024,12,1,2,142
136280215,31731,1766548140,1,1,2,151
135090176,41370,1765945863,4,2,2,172
108753345,64617,1765249586,11,2,3,187
143941135,15939,1764426617,7,4,2,174
136084167,69098,1765022420,6,3,2,132
116964767,53330,1765894481,8,4,2,243
104488734,85833,1767089052,10,5,2,94
102329186,10850,1766955344,5,3,2,837
109034150,16741,1765621723,1,1,1,225
110190271,23789,1766772614,12,1,2,39
112026320,67443,1765708739,3,2,2,210
121070161,12603,1766145242,10,5,2,295
123289213,36662,1766658628,10,5,2,137
102456399,22221,1765443299,7,4,2,189
120984271,85542,1766433134,7,4,2,77
139262306,53185,1767032879,1,1,2,90
113371254,10748,1765848077,3,2,1,72
141425673,21678,1766660024,9,5,2,123
119150079,66319,1765350864,11,2,2,131
129882319,53185,1766734177,1,1,2,188
120982371,18404,1763204015,5,3,2,380
113530233,60712,1766407400,7,4,2,138
116814809,40337,1763092939,2,1,3,96
122806808,25405,1764704681,9,5,2,264
146330018,86131,1767013602,10,5,2,288
113942403,87859,1763856159,4,2,2,125
100456844,34856,1761549650,9,5,2,296
114995168,48940,1766058837,1,1,2,78
144587593,41825,1767085818,9,5,2,134
122861152,58999,1759875026,10,5,2,262
124170284,48203,1761900837,7,4,2,238
105877113,17950,1762350717,11,2,2,241
112349963,63886,1766469795,3,2,2,283
136309175,56671,1765134478,2,1,2,231
146947027,14987,1764295442,5,3,1,604
125173922,37583,1761479255,5,3,2,427
122969212,88598,1766225340,7,4,2,187
130205058,58679,1762485089,9,5,2,289
100671581,40352,1766079018,12,1,2,14
125266388,53612,1764689914,5,3,2,438
107634714,62691,1766875927,6,3,2,109
140123530,19762,1764700940,11,2,2,174
127421791,88695,1765137268,8,4,2,15
140451076,31775,1763925093,11,2,1,175
147782049,13705,1766153948,2,1,2,257
100596126,81184,1764953050,8,4,2,193
123973364,87612,1765329363,5,3,2,393
112255497,89877,1764140472,11,2,3,246
148359715,47596,1765827586,2,1,2,242
122680806,60078,1762287807,1,1,2,108
122020097,83726,1762825938,12,1,2,111
127382236,14735,1764409371,7,4,2,102
139303471,86018,1762531472,8,4,2,270
100601084,23518,1761880073,10,5,2,196
129603998,45313,1766191268,1,1,2,265
103049594,69864,1760487951,6,3,1,10
130062504,89009,1767168482,5,3,2,466
100841672,22329,1762611408,5,3,2,598
129506012,29191,1760376232,8,4,2,18
135269168,22647,1764507059,2,1,2,168
134115640,12885,1765551617,5,3,2,937
103586916,74289,1766587735,1,1,4,130
133585394,40933,1767096177,7,4,2,111
134583624,35463,1764753734,7,4,2,78
123340619,61326,1765406900,7,4,2,214
122286690,66356,1764022429,2,1,2,231
118940061,85833,1764767982,6,3,1,139
136373856,32617,1764898741,8,4,2,21
112329781,69098,1762336264,7,4,2,40
119365866,37583,1764755110,11,2,2,246
103056721,53522,1766096702,9,5,2,213
119921133,54029,1761083120,6,3,4,258
109278229,31731,1765353843,1,1,2,251
142439083,79100,1766202351,5,3,3,730
140119847,85653,1763228381,5,3,2,414
124781213,56801,1766905806,2,1,2,47
143658191,79100,1766634744,4,2,2,17
140617929,49139,1762239153,9,5,2,219
126730510,43598,1766736967,10,5,2,34
133974398,37451,1763762756,2,1,1,131
105626512,29565,1765282849,3,2,2,49
109904683,60484,1766599563,10,5,2,48
113569079,38520,1765231864,10,5,2,272
116396124,57855,1766685893,9,5,2,50
147084080,80467,1764042278,2,1,2,217
103898909,14221,1766930687,12,1,1,146
111767913,56688,1765866089,2,1,2,124
108025372,81184,1764546895,9,5,2,162
110004897,52051,1764585902,1,1,2,201
120559015,63325,1766492876,6,3,3,183
144391116,69098,1759790156,7,4,2,281
117722694,31002,1765728340,3,2,2,159
104297489,25094,1765376440,8,4,2,81
116657053,56496,1766140737,10,5,2,221
148009768,16823,1765780738,7,4,2,94
105314610,19594,1766398247,3,2,2,130
123412356,72452,1764965303,12,1,2,102
103652491,80467,1765542780,1,1,2,240
124703066,70792,1763813380,8,4,2,39
112948101,13180,1766936999,5,3,1,521
121127853,71187,1766458179,1,1,3,161
118538534,46526,1765232575,3,2,2,291
115033250,66580,1763295734,4,2,2,116
107907655,10679,1765989372,3,2,2,137
119775786,47366,1766757019,2,1,2,19
146980991,39802,1766929885,7,4,3,115
136038791,39950,1763281920,6,3,2,227
113636833,61703,1765585934,3,2,2,27
123630760,56928,1764741253,9,5,2,56
135001391,16221,1765585706,5,3,3,807
128894867,20452,1767185935,10,5,2,243
119849311,54029,1764181405,2,1,4,238
114114232,14677,1763876059,1,1,2,185
129861320,32874,1763443995,7,4,2,266
126920320,30527,1762599665,10,5,2,243
132771691,60892,1766747535,5,3,2,385
143859220,31002,1766131689,5,3,1,621
120861650,27435,1766969816,6,3,2,54
121076432,21391,1761146302,7,4,2,56
121939677,12734,1764482293,11,2,1,203
139160463,33817,1765636418,12,1,2,272
102184452,44204,1766721548,5,3,2,577
136491924,13880,1767171600,6,3,2,57
141326877,88781,1764015450,2,1,4,264
149091272,12273,1764232686,5,3,2,840
129402599,52940,1767004850,5,3,2,710
102756344,58125,1763308395,7,4,2,263
142499727,50250,1766156318,11,2,2,75
110311760,49393,1764312081,9,5,2,144
126927401,49393,1765849391,1,1,2,32
141339909,49264,1766439847,9,5,2,140
137619387,56045,1762492696,8,4,2,257
141112619,22857,1765043627,8,4,2,259
141513078,75759,1764961935,9,5,2,184
118682773,20747,1761107843,8,4,2,269
107265695,65878,1763936238,8,4,2,148
134281616,81366,1766911856,8,4,2,17
129082503,72367,1764585396,4,2,1,108
130834138,29372,1766942912,3,2,2,193
148506750,54546,1762806020,3,2,3,60
129035372,72670,1764933516,4,2,1,136
145082739,73671,1766785442,7,4,2,126
147331296,18111,1766539080,7,4,1,14
119755220,77195,1766100584,11,2,2,90
145898848,39255,1766399645,2,1,2,35
147076886,82662,1764217696,11,2,2,112
149335451,41067,1762159383,3,2,4,102
149690417,42463,1766027898,8,4,2,20
140706774,53682,1764318416,11,2,2,205
123441975,58656,1767170345,5,3,1,803
113543691,17414,1765767175,9,5,2,124
137669595,61326,1767160606,2,1,2,224
145734369,51221,1762359388,3,2,4,263
143712522,11471,1764046009,12,1,4,118
130147751,82205,1763706096,10,5,2,199
110977753,22294,1762465999,1,1,2,73
147971260,16012,1767104879,12,1,2,290
104946318,67195,1765410802,8,4,1,89
147300991,75759,1764549896,5,3,3,644
118195315,87190,1766432412,4,2,2,58
146865653,41683,1766221967,12,1,2,299
132392366,65878,1765873726,2,1,3,178
121557790,59699,1765864642,1,1,2,178
108386083,22294,1764483073,8,4,3,14
116033406,69864,1765392588,1,1,2,21
103777966,53123,1761498225,9,5,2,280
148567518,24129,1765270987,12,1,1,94
108424965,54029,1762478068,4,2,2,201
121950299,53525,1764851493,8,4,1,202
106922485,72605,1761829135,7,4,2,236
114011638,18480,1761993304,2,1,2,186
102783114,71854,1765120204,8,4,2,60
131330491,63034,1762605467,6,3,2,174
111556268,22294,1764963830,12,1,2,270
149554292,40691,1765713723,3,2,2,289
113482609,14677,1763237147,4,2,2,148
140797639,33355,1764075124,2,1,4,183
104380873,66319,1765123758,2,1,2,238
102939438,54546,1764483653,1,1,2,179
132833482,23729,1765775880,9,5,1,26
104020849,25534,1764106402,8,4,2,166
116614089,14910,1764302103,11,2,1,61
131623930,37583,1765470376,12,1,2,180
121235766,24129,1765937726,6,3,2,35
137135989,27097,1766810628,6,3,2,285
113222762,48651,1762905992,6,3,2,151
132743834,60108,1761585854,7,4,2,182
133050974,83892,1765194474,6,3,3,151
147410136,39400,1766765366,12,1,2,149
141730009,11663,1765559023,11,2,1,116
100284305,66019,1765269030,3,2,2,230
139367783,53330,1766295000,4,2,2,14
127029532,71854,1764051963,6,3,2,104
119206569,32913,1767168284,8,4,3,233
145799773,21568,1767042926,2,1,2,156
141609699,14987,1765688698,6,3,1,83
128983831,88781,1766613791,8,4,2,223
149551768,88695,1763473368,8,4,2,13
102356625,70343,1763117297,6,3,2,175
118782239,69309,1766349750,1,1,1,153
108198145,16482,1763927274,3,2,2,42
120125970,17414,1766323137,1,1,2,49
147682952,40071,1765675783,6,3,2,32
147096840,49216,1765536771,9,5,3,282
115869028,14158,1762288421,3,2,2,214
122143273,69531,1764258707,11,2,2,81
126857550,87612,1764363242,12,1,2,250
147528655,30051,1761107831,8,4,2,44
134186742,48940,1765837955,12,1,4,265
146169189,65272,1765971758,1,1,3,204
138791578,70382,1766637585,9,5,3,29
107907290,52986,1766575036,9,5,3,71
106894443,36647,1761244638,1,1,1,132
105657380,81159,1763963020,7,4,2,199
148983198,71918,1767005259,4,2,3,223
106821237,86216,1766919056,2,1,2,211
138210130,56928,1762989582,12,1,2,143
106314516,73774,1765969181,1,1,2,263
112251093,81633,1765007463,10,5,2,68
134254827,48112,1765924184,9,5,3,215
107649148,72452,1764509343,4,2,1,24
114460255,16482,1764871819,8,4,1,239
140076783,75759,1767052249,1,1,2,16
140675864,54977,1766408030,11,2,2,172
147061578,28880,1765857180,2,1,2,201
108384457,89235,1766159681,4,2,2,118
103201142,43215,1766902636,1,1,2,215
141085840,12587,1766531571,7,4,2,15
104125654,20283,1765663119,2,1,2,194
104239462,26977,1766142708,3,2,2,290
108116865,79627,1765660583,8,4,3,184
100076253,32749,1762414437,3,2,1,96
140789649,15660,1766224025,7,4,2,235
127909554,32387,1767014573,9,5,2,103
144129448,23729,1766010717,4,2,2,230
102338717,83646,1765962052,2,1,2,53
107892356,14221,1767040078,12,1,3,291
141068212,38411,1766270746,12,1,3,76
133224876,61913,1765491168,7,4,2,84
136974383,86618,1766285406,7,4,2,45
123396977,51450,1766066389,3,2,3,197
114849884,15359,1759820555,11,2,2,177
108966404,60206,1763859826,7,4,4,129
135807864,14158,1764214733,8,4,3,223
124884704,14910,1763561708,6,3,2,56
143097834,52925,1763427907,1,1,2,154
139090878,76266,1764289181,8,4,2,179
126307683,29372,1762428181,7,4,2,118
134108008,67306,1765336610,5,3,2,361
104785492,19377,1767104448,6,3,2,290
129743727,32271,1765646578,6,3,2,257
107934071,23729,1766713099,5,3,2,473
144232914,56045,1760510723,7,4,2,34
144358618,68575,1766245895,5,3,2,716
136423397,50250,1765362606,2,1,2,177
137440927,58125,1763783265,4,2,3,12
140839344,15399,1766018024,12,1,2,263
147821653,36088,1763050579,1,1,3,148
112325409,39950,1765770866,2,1,2,121
123807407,56496,1765260047,2,1,2,54
126048704,63265,1760237097,12,1,2,124
103842496,19377,1765953024,5,3,2,875
130207848,10010,1766505489,9,5,2,299
122967563,81184,1764824227,4,2,2,178
133574035,86393,1765714250,5,3,2,577
113507798,10850,1764300650,11,2,2,183
115690402,31775,1765459073,6,3,1,236
122994827,40587,1766913651,8,4,2,222
104350793,58312,1762123741,3,2,3,231
118765739,25405,1766852473,9,5,1,236
116887681,40670,1763343707,10,5,2,73
103399633,63325,1761602808,12,1,2,227
141915576,81184,1766645131,3,2,4,167
106517724,72452,1763311400,8,4,2,30
103996470,64805,1765264212,8,4,2,288
142220694,60724,1763556871,2,1,2,189
149789940,47366,1766184933,3,2,2,198
129049912,57850,1767181582,6,3,2,141
138537481,31141,1766753303,9,5,3,35
122375046,42326,1763116354,4,2,2,141
112485848,18132,1766064563,7,4,2,228
112777293,12113,1765769653,10,5,2,259
140368890,40691,1764313399,9,5,2,17
109256497,16650,1766614080,2,1,2,281
104697506,88455,1762344190,3,2,3,265
112895984,81132,1766616966,8,4,2,171
103655010,76642,1766170813,3,2,2,267
121473134,58623,1767143235,3,2,2,225
121777999,82086,1766548944,9,5,2,205
120634101,19464,1766992128,11,2,2,106
130165258,10193,1766950101,4,2,1,93
120597298,73487,1766484592,8,4,1,137
101605995,42454,1763299292,11,2,2,279
143478610,77786,1764449602,7,4,4,261
109092931,15819,1765237967,2,1,2,256
131055270,51059,1766286414,7,4,3,97
125630758,32271,1766202615,4,2,2,255
140814671,52940,1766912259,11,2,2,75
112769434,15939,1762289914,11,2,2,204
134647312,18514,1765915974,10,5,2,223
144228071,42463,1764582985,4,2,2,253
135316974,88130,1762325071,11,2,2,285
128802427,86687,1765072958,12,1,2,76
122795196,38462,1765774747,12,1,4,184
124666469,89406,1766128051,12,1,2,56
129498347,71423,1766533532,8,4,2,38
126847280,18480,1761732110,9,5,3,106
146252470,83047,1762584079,10,5,3,240
149141872,61420,1766804879,11,2,1,26
149932787,13180,1763630741,12,1,2,254
139404973,86958,1764670734,12,1,2,44
117063929,84623,1765645807,5,3,1,395
129836169,10098,1764592547,5,3,4,359
118521839,22287,1764657619,9,5,2,194
141795446,85349,1766288989,2,1,2,227
136232949,73774,1766502409,8,4,2,185
139193066,32387,1763613919,12,1,2,178
135480008,49264,1764290776,3,2,2,72
137823401,31731,1765440145,11,2,2,144
132825361,14987,1766004882,5,3,2,592
103777478,79304,1765518382,2,1,2,27
140319772,74289,1766664435,12,1,2,299
129727297,24176,1764456203,4,2,2,168
117042120,16482,1765120895,12,1,2,172
106524475,35340,1766580839,1,1,2,275
143791855,11471,1764545736,4,2,1,76
130843052,18132,1764067408,3,2,1,13
115797981,71187,1762991096,8,4,2,160
116426810,27097,1766589923,9,5,1,204
108166676,23789,1765795834,12,1,2,145
107394129,15819,1764080745,10,5,1,264
138237502,21568,1767131435,10,5,2,14
138676242,20747,1762819877,1,1,1,185
127508475,34782,1764265006,5,3,2,799
146054231,59372,1765626943,8,4,2,295
146906399,70343,1762411381,4,2,1,113
110479478,78882,1766200560,1,1,4,192
126009831,36475,1766117556,4,2,2,263
114641661,39158,1765635020,8,4,1,91
141785145,66580,1763565883,11,2,2,103
149233772,88472,1764346086,12,1,2,27
123111313,64733,1764345963,8,4,1,137
132541022,10068,1761839660,6,3,3,140
126244407,72084,1764305688,5,3,2,748
105328859,73761,1765827754,12,1,2,196
100065376,22329,1765692785,12,1,2,198
123790375,24352,1766517804,12,1,2,77
126002892,58348,1765996499,9,5,2,287
112325198,38014,1766326746,3,2,2,259
112093060,26101,1766759146,4,2,2,281
120354974,60206,1765973379,3,2,3,240
136703058,46734,1766634765,4,2,3,284
106743776,24578,1762593529,6,3,4,103
128697714,31343,1766525120,3,2,2,116
146097699,42719,1764622536,10,5,2,76
122586527,22189,1766032036,9,5,2,169
142859494,26083,1762564809,8,4,2,72
128951844,88781,1765290341,7,4,2,20
148890542,41595,1762268962,2,1,3,234
128053372,79327,1763849526,11,2,1,193
128252876,38553,1766504068,6,3,4,20
108474116,30132,1767103035,6,3,2,289
134057151,61703,1767088623,7,4,2,92
123896374,10850,1765231522,5,3,2,597
136889844,13948,1765481427,3,2,1,285
117359329,10679,1764764977,10,5,1,17
142792068,38553,1766420745,2,1,2,218
143684982,19017,1765205616,9,5,2,297
111501882,17112,1766030336,4,2,2,199
136025556,36819,1762947102,1,1,2,170
107594829,59613,1766729810,8,4,1,87
149221247,54977,1763936110,6,3,2,258
124326005,87175,1766146781,5,3,2,413
115079303,18758,1763999438,9,5,2,63
112426617,53525,1766496474,8,4,2,260
120193121,18404,1764783484,5,3,2,432
111785311,60484,1764624976,3,2,2,237
140606462,55812,1765851769,7,4,2,50
143201064,19017,1766433927,10,5,1,258
109459534,26173,1765010967,5,3,4,850
110331316,15359,1762366610,6,3,2,295
149612064,31958,1765766002,7,4,3,195
118303358,51059,1766505495,6,3,2,162
138973862,85358,1765495498,5,3,1,590
146151468,85306,1765283725,7,4,2,80
145776588,76516,1766825199,6,3,2,156
116859741,31002,1766905461,10,5,2,278
131074632,85298,1766968027,1,1,2,169
129252594,56177,1767170702,12,1,2,246
133085162,22294,1767013095,5,3,2,749
139402826,25336,1763196878,3,2,2,205
140302316,71379,1766289331,2,1,2,60
110056521,41825,1766937029,10,5,2,230
136466048,19377,1765053157,6,3,1,210
113707630,39802,1766099873,5,3,1,450
133989424,85888,1765934116,4,2,2,223
138972762,50587,1766207607,2,1,2,130
143677791,52925,1764879258,4,2,1,157
123876277,86393,1764501527,10,5,1,250
101298086,71936,1761891257,11,2,2,266
137543164,47517,1765899242,6,3,2,254
131240852,23729,1766264944,3,2,2,190
136270912,20283,1759957403,11,2,2,95
104313828,10071,1763347315,7,4,3,129
116460020,48699,1763067670,6,3,2,79
122314767,63142,1765053250,12,1,2,181
147898443,17950,1761378286,12,1,1,131
112663728,49506,1766079622,9,5,2,77
139416587,88584,1767007590,11,2,2,136
147216735,21259,1765846027,3,2,3,59
142197088,11549,1763770202,9,5,2,193
112479383,16482,1761819269,5,3,2,378
114918991,85370,1765574400,10,5,2,274
136157555,13180,1759368462,3,2,2,235
141871747,79776,1766498944,1,1,2,120
106600477,44722,1763431019,6,3,4,250
106612913,85298,1765277311,9,5,2,163
122027514,12273,1764507388,3,2,2,58
112261677,56086,1766478144,11,2,2,245
106699613,35125,1766964162,6,3,1,251
114081826,14910,1766087174,9,5,2,84
148980186,33388,1766769876,9,5,2,160
143960852,53185,1764699306,6,3,1,217
116394308,36475,1763435128,11,2,2,125
126935928,17093,1765652253,12,1,2,105
124241683,58733,1764834827,10,5,2,195
121632669,72379,1761606364,3,2,2,80
106052148,41984,1765507909,2,1,2,39
105939362,82174,1766682909,12,1,2,57
133391422,44402,1762430754,1,1,2,185
133120344,14889,1765893527,12,1,2,290
106143151,79776,1766996267,5,3,1,441
132765293,88067,1765217242,4,2,3,204
111508592,23518,1760113862,12,1,2,264
145909126,57850,1766269934,8,4,2,51
123130925,41706,1767121603,6,3,2,194
111613688,58700,1766540625,12,1,2,282
133375953,70792,1765487049,1,1,2,34
133786770,76027,1766592735,12,1,2,154
138264955,41984,1765745689,8,4,2,247
119247193,79240,1762683082,3,2,2,174
129462166,55912,1762862269,4,2,2,64
149504330,80053,1761931832,12,1,2,98
126891999,64879,1766787217,12,1,2,226
116734898,63034,1761571303,4,2,2,264
108056049,37418,1766430124,5,3,2,931
130106667,25747,1760779997,6,3,2,78
