order_no,user_id,pay_type,pay_status,amount,gift_amount,real_amount,create_time,is_first_order
142180424,10010,3,2,97,0.97,97.97,1765693377,1
109485552,10068,1,4,166,1.66,167.66,1764696247,1
120728761,10068,3,2,76,0.76,76.76,1766261588,0
143853463,10071,5,5,339,3.39,342.39,1766989795,1
128146933,10098,5,5,362,3.62,365.62,1764955555,1
107353400,10098,4,4,260,2.6,262.6,1766883324,0
100467149,10193,3,2,354,3.54,357.54,1765262156,1
118094222,10309,4,4,221,2.21,223.21,1765616191,1
123041550,10309,5,3,175,1.75,176.75,1765821184,0
115271078,10309,4,3,350,3.5,353.5,1766336615,0
102712470,10309,4,5,193,1.93,194.93,1766728954,0
112867552,10419,2,5,181,1.81,182.81,1764902058,1
111418445,10419,4,4,249,2.49,251.49,1766124121,0
110410796,10494,1,2,172,1.72,173.72,1766666148,1
105478028,10494,1,4,346,3.46,349.46,1766683939,0
103013674,10576,2,1,386,3.86,389.86,1765417320,1
143989559,10679,1,4,117,1.17,118.17,1765303115,1
107207819,10748,2,NA,605,6.05,611.05,1766166288,1
136406330,10850,3,1,344,3.44,347.44,1766131692,1
107037798,11046,4,2,85,0.85,85.85,1765499121,1
121646653,11046,2,1,85,0.85,85.85,1766145656,0
132218169,11046,1,2,473,4.73,477.73,1766349005,0
123875956,11046,1,4,191,1.91,192.91,1766777060,0
146160321,11178,2,5,258,2.58,260.58,1764988810,1
146370136,11229,4,4,92,0.92,92.92,1765521844,1
118073540,11345,1,4,218,2.18,220.18,1766211882,1
147442829,11366,5,4,307,3.07,310.07,1764550711,1
117058539,11366,2,1,146,1.46,147.46,1764611641,0
104447972,11366,5,4,411,4.11,415.11,1764853171,0
148152755,11436,4,1,6036,60.36,6096.36,1764657185,1
121188210,11436,4,4,29002,290.02,29292.02,1764657670,0
130191952,11436,NA,5,3235,32.35,3267.35,1764679233,0
107630379,11436,3,4,3479,34.79,3513.79,1764765321,0
112466230,11436,4,4,5043,50.43,5093.43,1764936104,0
124665373,11436,4,2,4186,41.86,4227.86,1765335473,0
118023569,11436,5,2,2380,23.8,2403.8,1765559013,0
111487894,11436,2,4,41575,415.75,41990.75,1765609059,0
123918112,11436,3,4,2072,20.72,2092.72,1765653688,0
133295726,11436,5,2,3350,33.5,3383.5,1765752982,0
114320113,11436,5,4,6305,63.05,6368.05,1766343090,0
124580092,11436,4,2,5041,50.41,5091.41,1766423651,0
137311440,11436,1,4,57444,574.44,58018.44,1766577929,0
107750194,11436,2,4,6385,63.85,6448.85,1766901617,0
132467142,11436,1,4,4206,42.06,4248.06,1767013708,0
113097837,11471,1,5,242,2.42,244.42,1766250671,1
116125565,11549,2,2,375,3.75,378.75,1764742858,1
132120392,11549,5,5,115,1.15,116.15,1764893221,0
142185450,11549,5,2,137,1.37,138.37,1765666097,0
131645417,11549,1,2,497,4.97,501.97,1766411622,0
147703088,11646,2,5,436,4.36,440.36,1764764050,1
115519565,11646,4,2,1112,11.12,1123.12,1765206370,0
145000957,11646,3,4,403,4.03,407.03,1766665944,0
114643513,11663,2,2,252,2.52,254.52,1766187035,1
138966433,11713,5,4,305,3.05,308.05,1764898523,1
136040433,11723,3,4,148,1.48,149.48,1765215511,1
128777370,11723,4,4,104,1.04,105.04,1765652099,0
142884892,11818,2,2,247,2.47,249.47,1766146149,1
145583336,11818,3,NA,321,3.21,324.21,1766991880,0
134123202,11818,3,2,129,1.29,130.29,1767183481,0
112861822,12113,1,2,269,2.69,271.69,1765189861,1
146277033,12171,4,4,153,1.53,154.53,1766039412,1
132972585,12207,5,5,542,5.42,547.42,1765694409,1
127155447,12273,2,4,128,1.28,129.28,1765705933,1
118459175,12291,4,3,271,2.71,273.71,1766668193,1
129323059,12291,2,2,938,9.38,947.38,1767086279,0
100288741,12396,1,5,398,3.98,401.98,1765817841,1
112576626,12396,1,4,299,2.99,301.99,1765886764,0
135014315,12396,5,4,315,3.15,318.15,1766124667,0
107856992,12445,5,4,5016,50.16,5066.16,1764923960,1
120102916,12445,3,4,3206,32.06,3238.06,1765151725,0
101345950,12445,5,2,2251,22.51,2273.51,1765614200,0
119570494,12445,2,5,2281,22.81,2303.81,1765647178,0
116696615,12445,3,5,2580,25.8,2605.8,1765825143,0
136142673,12445,1,5,7087,70.87,7157.87,1766213669,0
132453005,12445,1,4,10428,104.28,10532.28,1766254910,0
104219909,12445,5,3,1962,19.62,1981.62,1766769413,0
115868653,12445,5,4,37382,373.82,37755.82,1766777631,0
125900569,12445,3,1,2073,20.73,2093.73,1766827397,0
116214192,12445,5,4,8960,89.6,9049.6,1766857601,0
109505816,12489,2,4,486,4.86,490.86,1764711582,1
113166356,12489,1,4,196,1.96,197.96,1764742254,0
101424678,12582,4,2,404,4.04,408.04,1764832634,1
133355701,12587,5,2,375,3.75,378.75,1765045585,1
105472295,12603,2,3,235,2.35,237.35,1764588303,1
124821185,12734,2,5,322,3.22,325.22,1765291822,1
111655797,12734,2,2,519,5.19,524.19,1767009653,0
147680643,12801,3,1,264,2.64,266.64,1764884262,1
120210032,12801,2,4,273,2.73,275.73,1764985965,0
147660797,12801,1,1,362,3.62,365.62,1767176678,0
134593537,12861,2,2,402,4.02,406.02,1764697064,1
114821286,12861,3,4,355,3.55,358.55,1765209374,0
109290270,12885,2,2,533,5.33,538.33,1765865570,1
111268487,13140,1,4,287,2.87,289.87,1764949294,1
144463221,13180,5,1,266,2.66,268.66,1765716686,1
145353782,13262,1,2,2592,25.92,2617.92,1764953596,1
135020587,13262,3,5,2817,28.17,2845.17,1764968187,0
107862130,13262,3,4,2703,27.03,2730.03,1765053888,0
110551880,13262,3,4,74403,744.03,75147.03,1765213299,0
126184706,13262,4,4,1307,13.07,1320.07,1765347701,0
102025099,13262,5,3,11561,115.61,11676.61,1765408689,0
124936534,13262,3,2,10985,109.85,11094.85,1765761089,0
127163863,13262,5,2,2030,20.3,2050.3,1765986738,0
101410630,13262,5,3,4640,46.4,4686.4,1766373024,0
105284306,13262,3,4,2505,25.05,2530.05,1766509964,0
105093061,13262,1,2,3373,33.73,3406.73,1766556375,0
125776139,13262,3,4,3132,31.32,3163.32,1766565471,0
106868803,13262,4,1,25660,256.6,25916.6,1766714137,0
103496250,13262,2,4,10403,104.03,10507.03,1766907401,0
131007580,13262,1,2,78447,784.47,79231.47,1767115503,0
142097475,13310,1,5,492,4.92,496.92,1765884489,1
142064280,13310,1,2,257,2.57,259.57,1766271183,0
139616338,13334,4,4,372,3.72,375.72,1766664155,1
129617897,13419,5,5,144,1.44,145.44,1765383922,1
134152165,13419,1,5,79,0.79,79.79,1766318508,0
147631281,13419,4,1,271,2.71,273.71,1766935917,0
129893917,13565,3,2,222,2.22,224.22,1766384445,1
106421319,13657,2,3,1394,13.94,1407.94,1764757538,1
111952636,13657,4,4,41410,414.1,41824.1,1765023859,0
144531125,13657,3,2,8908,89.08,8997.08,1765520093,0
112786459,13657,3,4,8889,88.89,8977.89,1765572925,0
149274049,13657,2,2,2152,21.52,2173.52,1765608488,0
103905528,13657,1,2,21652,216.52,21868.52,1765781497,0
115877715,13657,NA,5,23115,231.15,23346.15,1765787380,0
108917691,13657,4,4,2998,29.98,3027.98,1766164588,0
134103620,13657,4,4,17721,177.21,17898.21,1766556184,0
128959143,13657,1,4,2978,29.78,3007.78,1766581077,0
112513795,13657,5,4,1671,16.71,1687.71,1766902068,0
116074641,13879,3,4,254,2.54,256.54,1766212255,1
131744522,13880,2,2,290,2.9,292.9,1767126845,1
131233636,13948,2,2,281,2.81,283.81,1766384236,1
113815559,14057,1,4,286,2.86,288.86,1764550445,1
113696220,14057,2,5,316,3.16,319.16,1765017638,0
144289535,14158,5,2,175,1.75,176.75,1764950946,1
107696595,14167,3,2,14236,142.36,14378.36,1764569050,1
119407519,14167,3,2,82801,828.01,83629.01,1764764056,0
135022570,14167,1,2,3165,31.65,3196.65,1764766682,0
149750023,14167,4,4,2265,22.65,2287.65,1764821201,0
123978091,14167,5,4,2894,28.94,2922.94,1764879720,0
120913521,14167,4,4,63139,631.39,63770.39,1765022715,0
141186235,14167,3,2,25161,251.61,25412.61,1765111164,0
107602140,14167,2,4,49134,491.34,49625.34,1765250539,0
105436652,14167,3,2,35509,355.09,35864.09,1765435247,0
142478205,14167,5,4,8653,86.53,8739.53,1765475959,0
115211250,14167,3,2,1909,19.09,1928.09,1765562374,0
125349179,14167,2,2,5776,57.76,5833.76,1765735194,0
110145958,14167,2,2,2308,23.08,2331.08,1765737641,0
149926578,14167,2,2,1446,14.46,1460.46,1765866828,0
148786841,14167,1,4,3435,34.35,3469.35,1766038489,0
141600838,14167,3,4,48764,487.64,49251.64,1766039016,0
119530698,14167,1,5,955,9.55,964.55,1766842367,0
119701675,14167,2,4,4213,42.13,4255.13,1767092800,0
111072539,14262,1,4,282,2.82,284.82,1766213436,1
124709113,14464,4,3,299,2.99,301.99,1765242234,1
149004814,14464,5,2,206,2.06,208.06,1765714997,0
139114046,14464,3,2,375,3.75,378.75,1766492227,0
140251148,14464,2,4,90,0.9,90.9,1766711869,0
147980282,14616,5,2,52832,528.32,53360.32,1764593381,1
124904796,14616,5,5,15894,158.94,16052.94,1765285303,0
119171785,14616,3,2,3640,36.4,3676.4,1765387688,0
132447022,14616,5,2,4120,41.2,4161.2,1766059297,0
140191158,14616,1,5,15178,151.78,15329.78,1766090726,0
122387750,14616,3,4,3138,31.38,3169.38,1766161053,0
112052374,14616,1,2,3693,36.93,3729.93,1766319544,0
136873725,14616,3,2,10527,105.27,10632.27,1766355556,0
146099249,14616,5,2,4176,41.76,4217.76,1766588917,0
113698175,14616,3,4,25890,258.9,26148.9,1766960284,0
105590894,14616,5,2,9161,91.61,9252.61,1767064916,0
114305742,14675,2,4,16211,162.11,16373.11,1764744638,1
134014613,14675,1,5,11808,118.08,11926.08,1764916177,0
140328040,14675,5,5,4999,49.99,5048.99,1765059400,0
140458553,14675,2,4,6994,69.94,7063.94,1765344798,0
113898543,14675,3,2,1903,19.03,1922.03,1765497098,0
114840642,14675,5,2,14392,143.92,14535.92,1765518107,0
146034027,14675,5,4,13392,133.92,13525.92,1765520236,0
115125057,14675,4,2,8627,86.27,8713.27,1766019522,0
127549272,14675,2,4,7596,75.96,7671.96,1766059894,0
106947614,14675,4,2,2721,27.21,2748.21,1766078866,0
116925712,14675,5,4,915,9.15,924.15,1766099853,0
144789979,14675,2,4,925,9.25,934.25,1766116331,0
105313158,14675,3,2,1799,17.99,1816.99,1766250938,0
113335441,14675,5,1,2084,20.84,2104.84,1766317846,0
137649248,14675,NA,2,11078,110.78,11188.78,1766326215,0
109505187,14675,2,4,64413,644.13,65057.13,1766579679,0
102914997,14675,2,4,5351,53.51,5404.51,1766902952,0
135466928,14675,4,4,74125,741.25,74866.25,1767077260,0
136044202,14677,4,2,560,5.6,565.6,1764955356,1
105557280,14677,5,4,251,2.51,253.51,1766304960,0
141101349,14677,1,4,1160,11.6,1171.6,1766943740,0
114229016,14677,1,2,353,3.53,356.53,1767031294,0
144860668,14714,2,4,710,7.1,717.1,1764872551,1
144500667,14714,2,2,266,2.66,268.66,1765369636,0
148013496,14714,1,4,203,2.03,205.03,1766029237,0
111129559,14714,2,5,463,4.63,467.63,1766505261,0
131847468,14742,5,2,253,2.53,255.53,1765607390,1
131484758,14889,NA,4,337,3.37,340.37,1765903687,1
101149263,14889,4,1,477,4.77,481.77,1767010841,0
114112917,14910,2,4,84,0.84,84.84,1764937613,1
126481760,14910,NA,4,208,2.08,210.08,1765907318,0
125461192,14987,1,4,255,2.55,257.55,1765435035,1
118515914,15047,2,1,248,2.48,250.48,1764968869,1
130308054,15047,1,4,65,0.65,65.65,1765646036,0
111936307,15175,3,2,274,2.74,276.74,1766761461,1
128772833,15284,2,4,4549,45.49,4594.49,1764576343,1
126599383,15284,3,2,12495,124.95,12619.95,1764765275,0
140792071,15284,2,NA,16936,169.36,17105.36,1765174534,0
128442952,15284,1,4,70725,707.25,71432.25,1765337158,0
149502775,15284,2,2,1780,17.8,1797.8,1765346840,0
139946220,15284,5,2,100444,1004.44,101448.44,1765778889,0
126030568,15284,3,5,5658,56.58,5714.58,1765781447,0
112612754,15284,2,4,3540,35.4,3575.4,1765888540,0
118623100,15284,3,4,3131,31.31,3162.31,1766040139,0
134746191,15284,5,2,2821,28.21,2849.21,1766077491,0
123221232,15284,5,2,1087,10.87,1097.87,1766233651,0
133354299,15284,2,2,2207,22.07,2229.07,1766320123,0
147247771,15284,2,3,126984,1269.84,128253.84,1766414967,0
134883113,15284,5,2,37855,378.55,38233.55,1766474044,0
114267293,15284,5,4,9421,94.21,9515.21,1766731229,0
106627009,15284,4,2,2977,29.77,3006.77,1766770814,0
137516939,15284,3,2,5595,55.95,5650.95,1766963028,0
107900805,15284,4,4,16770,167.7,16937.7,1766990501,0
133174207,15284,3,2,16146,161.46,16307.46,1767077836,0
116039323,15284,3,3,1137,11.37,1148.37,1767116986,0
123194815,15359,4,5,231,2.31,233.31,1766077624,1
146071590,15393,3,2,360,3.6,363.6,1766516230,1
142781742,15399,2,2,334,3.34,337.34,1766026211,1
145252553,15422,3,1,879,8.79,887.79,1766394605,1
106265324,15422,2,5,258,2.58,260.58,1766463775,0
141056592,15660,3,5,924,9.24,933.24,1765195985,1
128195343,15660,5,4,172,1.72,173.72,1765387900,0
129648740,15675,1,4,245,2.45,247.45,1766103135,1
114839513,15819,1,2,289,2.89,291.89,1766637393,1
125370003,15936,2,2,13549,135.49,13684.49,1764568862,1
148375614,15936,3,4,16503,165.03,16668.03,1764608695,0
122330197,15936,4,2,2610,26.1,2636.1,1764662408,0
132865369,15936,5,4,9693,96.93,9789.93,1764675424,0
122280600,15936,1,2,2285,22.85,2307.85,1765089036,0
129739149,15936,1,2,36284,362.84,36646.84,1765607881,0
109804637,15936,2,5,2798,27.98,2825.98,1766037904,0
127247511,15936,2,4,10293,102.93,10395.93,1766158546,0
107144146,15936,4,4,12322,123.22,12445.22,1766241408,0
117303294,15936,3,1,22299,222.99,22521.99,1766400746,0
125376879,15936,5,2,5914,59.14,5973.14,1766462742,0
127802607,15936,5,4,2922,29.22,2951.22,1766479325,0
124881206,15936,3,1,31116,311.16,31427.16,1766921302,0
140820292,15936,4,2,4005,40.05,4045.05,1767098106,0
115987381,15936,1,4,2306,23.06,2329.06,1767115496,0
109641448,15939,5,3,110,1.1,111.1,1764923704,1
124514387,16126,4,1,159,1.59,160.59,1764829362,1
121564798,16143,3,2,2265,22.65,2287.65,1764752316,1
132251195,16143,4,4,35561,355.61,35916.61,1764798744,0
117599270,16143,4,2,12545,125.45,12670.45,1764851852,0
110239898,16143,1,2,20535,205.35,20740.35,1764936710,0
111386540,16143,5,2,5691,56.91,5747.91,1765128508,0
125673598,16143,4,2,1507,15.07,1522.07,1765129302,0
132832220,16143,5,2,4122,41.22,4163.22,1765174247,0
121683069,16143,3,3,93150,931.5,94081.5,1765220426,0
127122808,16143,4,2,980,9.8,989.8,1765472913,0
136676531,16143,4,4,2918,29.18,2947.18,1765646950,0
128426536,16143,5,5,40642,406.42,41048.42,1765652008,0
132897526,16143,4,2,1719,17.19,1736.19,1765735941,0
108372749,16143,3,2,1964,19.64,1983.64,1765866427,0
110520153,16143,5,5,2477,24.77,2501.77,1765906314,0
121084916,16143,2,2,74749,747.49,75496.49,1765992055,0
140122768,16143,4,5,10331,103.31,10434.31,1766305541,0
130958232,16143,1,4,1510,15.1,1525.1,1766321776,0
101342764,16143,3,4,13039,130.39,13169.39,1766492963,0
113185278,16143,4,4,24049,240.49,24289.49,1766942296,0
124349490,16143,4,4,3624,36.24,3660.24,1766990433,0
113884183,16143,2,NA,56662,566.62,57228.62,1767057989,0
120667004,16143,1,5,4286,42.86,4328.86,1767090548,0
113978779,16305,5,2,16156,161.56,16317.56,1764661444,1
126745618,16305,5,4,1087,10.87,1097.87,1764971897,0
149689195,16305,3,4,6176,61.76,6237.76,1765024172,0
145401895,16305,3,4,4401,44.01,4445.01,1765282113,0
144016733,16305,3,2,1118,11.18,1129.18,1765285646,0
111167759,16305,1,4,4543,45.43,4588.43,1765347220,0
120809630,16305,1,1,3597,35.97,3632.97,1765544348,0
130495378,16305,2,5,2483,24.83,2507.83,1765607736,0
144061660,16305,2,4,37346,373.46,37719.46,1765700316,0
138577300,16305,3,3,20024,200.24,20224.24,1765755285,0
104926869,16305,5,3,115448,1154.48,116602.48,1765779501,0
122067889,16305,3,4,61446,614.46,62060.46,1766078955,0
133517643,16305,NA,1,26006,260.06,26266.06,1766126295,0
137025426,16305,5,2,12644,126.44,12770.44,1766510220,0
134347098,16305,1,4,3523,35.23,3558.23,1766682874,0
101683220,16305,1,2,12621,126.21,12747.21,1766746845,0
120852198,16305,3,2,2592,25.92,2617.92,1766771220,0
136412129,16482,5,2,142,1.42,143.42,1765436256,1
129048752,16650,3,4,217,2.17,219.17,1766136861,1
122117600,16741,5,4,284,2.84,286.84,1766444272,1
125729058,16741,2,2,370,3.7,373.7,1767184104,0
104446759,16823,5,3,401,4.01,405.01,1764806505,1
119549965,16823,NA,2,375,3.75,378.75,1765346103,0
111512976,16823,1,2,517,5.17,522.17,1766964116,0
134583407,16983,5,2,1245,12.45,1257.45,1764594750,1
100846431,16983,5,1,118,1.18,119.18,1766232584,0
144710457,16983,5,2,295,2.95,297.95,1766735853,0
107350381,16983,3,2,150,1.5,151.5,1766858255,0
111414515,17066,5,4,312,3.12,315.12,1764547204,1
143241479,17066,4,1,463,4.63,467.63,1764610741,0
147468482,17066,4,3,327,3.27,330.27,1765472658,0
127275800,17066,3,2,919,9.19,928.19,1765785376,0
137198117,17093,5,2,274,2.74,276.74,1766316184,1
108163410,17095,1,2,56800,568,57368,1764622222,1
107008601,17095,3,2,18132,181.32,18313.32,1765058683,0
123022427,17095,1,2,1830,18.3,1848.3,1765168902,0
127673975,17095,1,5,9248,92.48,9340.48,1765214986,0
149014161,17095,3,4,86604,866.04,87470.04,1765380311,0
141945098,17095,4,3,11748,117.48,11865.48,1765439810,0
125295766,17095,4,2,2588,25.88,2613.88,1765951892,0
141721371,17095,5,1,8182,81.82,8263.82,1765973152,0
100747800,17095,5,2,2819,28.19,2847.19,1766204964,0
113502517,17095,3,2,2664,26.64,2690.64,1766434787,0
134046053,17095,2,2,39984,399.84,40383.84,1766753029,0
139523687,17095,2,5,875,8.75,883.75,1766764822,0
107875671,17095,4,2,3531,35.31,3566.31,1767185317,0
100063045,17112,3,4,203,2.03,205.03,1764868059,1
124695068,17144,2,4,341,3.41,344.41,1764628276,1
139549989,17144,4,2,476,4.76,480.76,1766244987,0
104155632,17337,2,4,282,2.82,284.82,1764869712,1
146162223,17337,1,2,240,2.4,242.4,1766215841,0
145403212,17337,2,4,341,3.41,344.41,1766647204,0
130475651,17414,4,2,299,2.99,301.99,1764580899,1
146026266,17414,2,4,172,1.72,173.72,1765065952,0
127513582,17448,4,4,588,5.88,593.88,1764524567,1
125209970,17522,4,5,229,2.29,231.29,1766230060,1
102692867,17522,5,2,87,0.87,87.87,1766660143,0
141929776,17611,3,3,198,1.98,199.98,1766597720,1
101286128,17639,2,1,434,4.34,438.34,1765775521,1
135908967,17658,1,2,548,5.48,553.48,1765258852,1
113833888,17660,1,2,165,1.65,166.65,1764764641,1
128564073,17819,5,4,278,2.78,280.78,1765247412,1
102336467,17819,2,2,140,1.4,141.4,1765923346,0
130231369,17850,3,4,5831,58.31,5889.31,1764655737,1
112202142,17850,5,2,788,7.88,795.88,1765025424,0
146160162,17850,3,2,18459,184.59,18643.59,1765129825,0
119397742,17850,1,5,1853,18.53,1871.53,1765320153,0
122223450,17850,2,2,24472,244.72,24716.72,1765375978,0
138179114,17850,5,4,1975,19.75,1994.75,1765434233,0
118157839,17850,3,2,1196,11.96,1207.96,1765672698,0
115358784,17850,1,4,4820,48.2,4868.2,1765770678,0
101104022,17850,4,2,14679,146.79,14825.79,1765882352,0
110778386,17850,2,2,83615,836.15,84451.15,1766067798,0
129198774,17850,2,4,8683,86.83,8769.83,1766185673,0
130055179,17850,4,5,2042,20.42,2062.42,1766297021,0
139124720,17850,4,NA,1637,16.37,1653.37,1766384124,0
104074680,17850,2,2,1304,13.04,1317.04,1766401383,0
114115315,17850,4,2,1202,12.02,1214.02,1766702766,0
149855578,17850,5,2,2567,25.67,2592.67,1766753055,0
142124455,17850,2,2,11200,112,11312,1766866827,0
107330166,17850,1,5,5629,56.29,5685.29,1766908385,0
124341027,17850,4,3,1448,14.48,1462.48,1767029537,0
133691775,17850,3,4,14656,146.56,14802.56,1767161474,0
114779608,17853,5,2,346,3.46,349.46,1767098421,1
120305890,18111,2,2,295,2.95,297.95,1765978176,1
125359694,18132,4,4,521,5.21,526.21,1764532930,1
108608846,18132,5,5,180,1.8,181.8,1766065442,0
120728257,18223,3,1,232,2.32,234.32,1765514896,1
146156499,18241,2,4,136,1.36,137.36,1765608259,1
149346339,18241,5,2,298,2.98,300.98,1766336453,0
131717697,18241,2,4,274,2.74,276.74,1766727594,0
119946564,18404,3,2,220,2.2,222.2,1766253242,1
134284408,18465,5,2,396,3.96,399.96,1765753271,1
121781791,18465,5,1,196,1.96,197.96,1765908190,0
130334401,18480,3,4,620,6.2,626.2,1765176639,1
120557341,18514,3,1,143,1.43,144.43,1764665272,1
149908457,18585,3,2,3561,35.61,3596.61,1764918793,1
131506034,18585,3,1,49216,492.16,49708.16,1765092194,0
120905011,18585,3,2,5316,53.16,5369.16,1765196022,0
148626814,18585,3,2,9794,97.94,9891.94,1765428986,0
145774228,18585,1,5,5080,50.8,5130.8,1765732132,0
113289265,18585,4,5,5914,59.14,5973.14,1765889916,0
107511918,18585,4,2,3935,39.35,3974.35,1766441453,0
107297622,18585,2,2,40954,409.54,41363.54,1766656112,0
148168828,18585,4,2,74749,747.49,75496.49,1766664967,0
125619750,18585,2,2,1648,16.48,1664.48,1766864509,0
145878813,18585,1,4,116267,1162.67,117429.67,1767016389,0
125605859,18585,1,2,4582,45.82,4627.82,1767182808,0
140376707,18722,5,4,210,2.1,212.1,1765696236,1
120508421,18758,1,4,244,2.44,246.44,1764678490,1
138954690,18795,3,4,4430,44.3,4474.3,1764572471,1
126903843,18795,4,5,1913,19.13,1932.13,1764846746,0
141937565,18795,3,2,30121,301.21,30422.21,1765260094,0
126591051,18795,5,2,1682,16.82,1698.82,1765325676,0
145333316,18795,4,4,1678,16.78,1694.78,1765334484,0
114099043,18795,1,2,2415,24.15,2439.15,1765473418,0
111971665,18795,2,2,1463,14.63,1477.63,1765714999,0
135785515,18795,4,2,5043,50.43,5093.43,1766117587,0
118498686,18795,1,2,19802,198.02,20000.02,1766386701,0
135204122,18795,5,2,3895,38.95,3933.95,1766499698,0
100382271,18795,4,4,2934,29.34,2963.34,1766649251,0
141431347,18795,5,3,69956,699.56,70655.56,1766682623,0
136129256,18795,4,2,2518,25.18,2543.18,1766792799,0
121699782,18795,4,2,8646,86.46,8732.46,1766806083,0
129043742,18795,3,2,10594,105.94,10699.94,1767012267,0
149188998,18795,3,4,2723,27.23,2750.23,1767137937,0
121692161,18810,5,2,125,1.25,126.25,1766250091,1
131783175,18810,3,1,515,5.15,520.15,1766406318,0
131110482,18831,5,4,156,1.56,157.56,1766146130,1
146637566,18831,3,3,160,1.6,161.6,1766212793,0
140207829,18882,1,1,265,2.65,267.65,1765462971,1
148827031,19017,1,4,481,4.81,485.81,1765051398,1
117814814,19017,1,4,592,5.92,597.92,1766556193,0
117827023,19053,2,5,119,1.19,120.19,1765024698,1
111093629,19053,4,5,283,2.83,285.83,1765200087,0
111072071,19053,1,3,162,1.62,163.62,1765487307,0
132849403,19164,2,2,325,3.25,328.25,1766232795,1
141298930,19377,NA,4,346,3.46,349.46,1765732007,1
129238344,19431,4,2,11954,119.54,12073.54,1764555067,1
105173082,19431,4,5,3050,30.5,3080.5,1764677729,0
146378776,19431,3,2,2304,23.04,2327.04,1764696871,0
119083879,19431,1,3,3074,30.74,3104.74,1765024176,0
102302115,19431,1,3,12891,128.91,13019.91,1765029371,0
149224158,19431,4,4,5252,52.52,5304.52,1765138376,0
108613759,19431,3,4,13678,136.78,13814.78,1765216116,0
122166938,19431,4,3,1479,14.79,1493.79,1765368333,0
141344046,19431,3,2,3796,37.96,3833.96,1765819787,0
110739566,19431,4,4,9499,94.99,9593.99,1765891862,0
106678950,19431,4,4,16948,169.48,17117.48,1765952477,0
107300737,19431,3,2,2766,27.66,2793.66,1766220313,0
105966494,19431,1,2,7237,72.37,7309.37,1766274963,0
126099634,19431,3,5,53165,531.65,53696.65,1766343594,0
103518543,19431,4,2,1210,12.1,1222.1,1766637005,0
134843727,19431,5,2,32025,320.25,32345.25,1766648009,0
106306596,19431,3,2,8031,80.31,8111.31,1766828961,0
149577777,19431,2,4,2099,20.99,2119.99,1766872897,0
118800482,19431,2,2,991,9.91,1000.91,1766889999,0
119459149,19431,4,5,3614,36.14,3650.14,1766962844,0
107020993,19431,3,4,72364,723.64,73087.64,1767064374,0
106473897,19431,1,4,6836,68.36,6904.36,1767131765,0
142756211,19431,5,5,80221,802.21,81023.21,1767134736,0
147728499,19464,2,5,190,1.9,191.9,1766669025,1
124452105,19594,2,3,217,2.17,219.17,1766127401,1
124705797,19754,4,2,395,3.95,398.95,1764714227,1
105429985,19754,1,5,272,2.72,274.72,1765041633,0
108479358,19754,4,5,290,2.9,292.9,1765092330,0
121388790,19762,5,2,316,3.16,319.16,1764978899,1
121859645,19762,3,4,344,3.44,347.44,1765468000,0
110670232,19762,2,2,113,1.13,114.13,1766107791,0
125640410,19762,5,4,198,1.98,199.98,1766558161,0
124058774,19949,5,2,4023,40.23,4063.23,1764762237,1
133811307,19949,1,5,13370,133.7,13503.7,1764803635,0
105740002,19949,2,2,3118,31.18,3149.18,1764837229,0
141749040,19949,1,4,11125,111.25,11236.25,1764998060,0
115998448,19949,1,1,1278,12.78,1290.78,1765007838,0
125426951,19949,5,5,11563,115.63,11678.63,1765011711,0
108834921,19949,4,4,19470,194.7,19664.7,1765244849,0
103620763,19949,4,5,4123,41.23,4164.23,1765370298,0
147178619,19949,5,4,8612,86.12,8698.12,1765543412,0
139445300,19949,3,4,3327,33.27,3360.27,1765543857,0
137780214,19949,4,2,5686,56.86,5742.86,1765676708,0
133115253,19949,3,4,2999,29.99,3028.99,1765955465,0
114530543,19949,3,4,1625,16.25,1641.25,1766009949,0
123546789,19949,4,2,1759,17.59,1776.59,1766300086,0
118826500,19949,3,4,5650,56.5,5706.5,1766385095,0
123096290,19949,2,4,3235,32.35,3267.35,1766491970,0
142257661,19949,3,3,2237,22.37,2259.37,1766910753,0
125304377,19949,4,2,1479,14.79,1493.79,1767182855,0
136023067,19999,3,2,510,5.1,515.1,1765056920,1
117350486,19999,2,5,126,1.26,127.26,1766080312,0
117657937,19999,5,2,393,3.93,396.93,1767010395,0
141669270,20175,4,NA,234,2.34,236.34,1764870438,1
107824590,20224,2,4,152,1.52,153.52,1767183360,1
105689365,20283,4,4,376,3.76,379.76,1765543109,1
107500980,20283,1,1,194,1.94,195.94,1766213153,0
101794634,20283,1,2,477,4.77,481.77,1766542623,0
125146190,20452,1,1,315,3.15,318.15,1766730817,1
107777755,20477,4,4,496,4.96,500.96,1765831974,1
126050014,20477,4,3,447,4.47,451.47,1767193918,0
148352883,20548,1,3,130,1.3,131.3,1766291932,1
123857727,20548,2,2,89,0.89,89.89,1766300263,0
142915864,20548,3,2,120,1.2,121.2,1766862775,0
121114198,20747,3,2,486,4.86,490.86,1765206392,1
144541545,20747,4,5,73,0.73,73.73,1766321697,0
124746218,20833,5,5,87,0.87,87.87,1764880245,1
105091575,20833,4,1,341,3.41,344.41,1765197186,0
115998729,20833,5,2,349,3.49,352.49,1765397578,0
104696227,20833,1,4,276,2.76,278.76,1765574525,0
103232995,20833,2,2,818,8.18,826.18,1766011946,0
110606029,20840,4,4,153,1.53,154.53,1765498754,1
122632836,20840,1,2,206,2.06,208.06,1765636460,0
106875529,20844,5,2,303,3.03,306.03,1766141955,1
139951737,20984,1,2,125,1.25,126.25,1765650598,1
121145079,21046,3,5,592,5.92,597.92,1764572558,1
111291903,21046,1,NA,101,1.01,102.01,1764696325,0
100011723,21046,4,5,207,2.07,209.07,1765459773,0
131544126,21162,5,2,252,2.52,254.52,1765382605,1
112967914,21162,5,2,103,1.03,104.03,1766319841,0
130259571,21163,4,2,345,3.45,348.45,1764744223,1
128306649,21163,2,2,339,3.39,342.39,1765784084,0
117795149,21163,1,2,204,2.04,206.04,1766751523,0
148615519,21163,1,1,340,3.4,343.4,1767030249,0
118493659,21184,5,3,352,3.52,355.52,1766471703,1
121969981,21259,1,NA,147,1.47,148.47,1764852153,1
147339656,21259,2,4,68,0.68,68.68,1765658931,0
103204815,21259,2,2,713,7.13,720.13,1766731178,0
139169413,21389,2,2,534,5.34,539.34,1765521702,1
131704864,21391,1,4,133,1.33,134.33,1765300068,1
121368334,21391,2,4,92,0.92,92.92,1766638584,0
144083343,21568,5,3,213,2.13,215.13,1766757282,1
120315154,21678,2,1,220,2.2,222.2,1765541078,1
127916959,21731,3,4,15996,159.96,16155.96,1764523250,1
148802404,21731,4,4,2011,20.11,2031.11,1764868090,0
109473886,21731,4,2,8511,85.11,8596.11,1765197316,0
136623146,21731,5,2,10825,108.25,10933.25,1765543696,0
129387293,21731,1,4,4970,49.7,5019.7,1765734126,0
122008819,21731,3,2,43832,438.32,44270.32,1765865495,0
116244301,21731,2,1,1846,18.46,1864.46,1765907957,0
133063326,21731,2,4,36819,368.19,37187.19,1766038720,0
132324434,21731,3,4,1750,17.5,1767.5,1766128817,0
109466641,21731,5,2,10032,100.32,10132.32,1766337740,0
113253769,21731,1,4,11537,115.37,11652.37,1766510791,0
139185030,21731,2,5,28919,289.19,29208.19,1766559845,0
132142526,21731,1,5,2932,29.32,2961.32,1766768066,0
136646165,21731,2,2,803,8.03,811.03,1766782517,0
103075160,21731,4,4,85950,859.5,86809.5,1767029421,0
117785192,21731,5,2,17746,177.46,17923.46,1767160939,0
146690413,22135,4,3,92018,920.18,92938.18,1764524597,1
148679180,22135,5,4,1510,15.1,1525.1,1765087954,0
130348372,22135,3,4,15066,150.66,15216.66,1765120985,0
140271542,22135,NA,2,1236,12.36,1248.36,1765303090,0
149934592,22135,2,4,48603,486.03,49089.03,1765370701,0
144009667,22135,1,4,3268,32.68,3300.68,1765630422,0
110629002,22135,2,2,5851,58.51,5909.51,1765692662,0
109008644,22135,4,2,1921,19.21,1940.21,1765725027,0
130347431,22135,2,4,7580,75.8,7655.8,1765733575,0
144169584,22135,5,3,5441,54.41,5495.41,1765975549,0
126069411,22135,5,5,12587,125.87,12712.87,1766211907,0
144522613,22135,4,5,11494,114.94,11608.94,1766276454,0
116387610,22135,5,3,22749,227.49,22976.49,1766337686,0
112581652,22135,5,4,18876,188.76,19064.76,1766451350,0
128457719,22135,2,2,9381,93.81,9474.81,1766469973,0
105155437,22135,2,5,57737,577.37,58314.37,1766729827,0
124405127,22135,1,2,2769,27.69,2796.69,1766856480,0
125922999,22189,4,1,195,1.95,196.95,1765479236,1
111315329,22190,3,2,256,2.56,258.56,1766172072,1
133277237,22221,3,5,133,1.33,134.33,1766875864,1
145291115,22227,1,2,5793,57.93,5850.93,1764526934,1
126876760,22227,2,4,2723,27.23,2750.23,1764623564,0
133640880,22227,3,2,77577,775.77,78352.77,1764839054,0
110559138,22227,4,5,2907,29.07,2936.07,1765075752,0
129206768,22227,4,4,2185,21.85,2206.85,1765211228,0
107664089,22227,2,2,87530,875.3,88405.3,1765300553,0
119331123,22227,4,4,3413,34.13,3447.13,1765551314,0
103458607,22227,1,4,2814,28.14,2842.14,1765646464,0
127261280,22227,1,1,15486,154.86,15640.86,1765819450,0
129350572,22227,2,2,15053,150.53,15203.53,1766061828,0
115840366,22227,4,5,5925,59.25,5984.25,1766074386,0
106358091,22227,1,2,2834,28.34,2862.34,1766077537,0
142008438,22227,1,2,19526,195.26,19721.26,1766317240,0
104322135,22227,4,2,10689,106.89,10795.89,1766342555,0
132824425,22227,1,2,18387,183.87,18570.87,1766388454,0
133254138,22227,2,4,3453,34.53,3487.53,1766432171,0
122564561,22227,2,2,3275,32.75,3307.75,1766753479,0
125902229,22227,2,5,11903,119.03,12022.03,1766817173,0
114193195,22227,5,3,2808,28.08,2836.08,1767027264,0
120152127,22227,1,2,1899,18.99,1917.99,1767132892,0
123468550,22294,1,2,165,1.65,166.65,1766691624,1
118561976,22305,5,5,215,2.15,217.15,1765865443,1
103743642,22305,1,3,293,2.93,295.93,1767115587,0
109124114,22329,1,2,404,4.04,408.04,1765465618,1
112640155,22329,4,1,212,2.12,214.12,1766252198,0
118666681,22339,1,2,437,4.37,441.37,1764611036,1
126357059,22339,4,4,310,3.1,313.1,1765239969,0
105756429,22339,1,2,326,3.26,329.26,1766154211,0
119998472,22565,2,1,332,3.32,335.32,1765542988,1
118717221,22647,1,2,170,1.7,171.7,1764698236,1
115798274,22773,5,2,194,1.94,195.94,1764524304,1
133124172,22857,NA,4,345,3.45,348.45,1766208364,1
122152874,23025,3,2,17086,170.86,17256.86,1765156195,1
109901377,23025,1,2,3571,35.71,3606.71,1765176455,0
128272415,23025,4,2,16729,167.29,16896.29,1765431681,0
104731592,23025,5,4,3309,33.09,3342.09,1765645693,0
101163583,23025,4,4,2488,24.88,2512.88,1765712214,0
123820085,23025,5,2,2345,23.45,2368.45,1766147444,0
137422695,23025,1,4,16104,161.04,16265.04,1766558659,0
144807365,23025,4,1,12254,122.54,12376.54,1766595745,0
106193715,23025,3,2,2039,20.39,2059.39,1766812569,0
115950188,23025,1,NA,2600,26,2626,1766961876,0
142252350,23025,1,2,22281,222.81,22503.81,1766990465,0
128976046,23195,2,4,254,2.54,256.54,1764974490,1
145556043,23357,2,4,2283,22.83,2305.83,1764695330,1
125413720,23357,4,2,66697,666.97,67363.97,1764709682,0
144918093,23357,2,2,1840,18.4,1858.4,1765066659,0
127518651,23357,4,4,13504,135.04,13639.04,1765168737,0
135384262,23357,5,2,11374,113.74,11487.74,1765346571,0
125970829,23357,1,4,3203,32.03,3235.03,1765412648,0
130334843,23357,2,2,13495,134.95,13629.95,1765429121,0
130630053,23357,2,3,15590,155.9,15745.9,1765442521,0
149508584,23357,2,5,953,9.53,962.53,1765554130,0
147756130,23357,4,4,39001,390.01,39391.01,1765673063,0
144677784,23357,2,4,9940,99.4,10039.4,1765681642,0
129685921,23357,3,4,5386,53.86,5439.86,1765777076,0
124319957,23357,4,4,13267,132.67,13399.67,1765905667,0
110894001,23357,2,4,52435,524.35,52959.35,1766158668,0
126729813,23357,3,4,1960,19.6,1979.6,1766492877,0
125005076,23357,3,2,4838,48.38,4886.38,1766738644,0
109453255,23357,1,NA,3554,35.54,3589.54,1766751339,0
133396733,23357,2,2,2270,22.7,2292.7,1766815415,0
141360420,23357,3,2,5158,51.58,5209.58,1767165911,0
142643132,23357,5,4,3954,39.54,3993.54,1767182963,0
106867070,23499,2,2,19092,190.92,19282.92,1764524044,1
139564111,23499,1,4,21196,211.96,21407.96,1764591520,0
131138866,23499,5,2,2911,29.11,2940.11,1764695068,0
127969576,23499,5,5,3617,36.17,3653.17,1764718044,0
106900221,23499,3,5,23577,235.77,23812.77,1764780776,0
127838917,23499,3,5,2969,29.69,2998.69,1764828702,0
120924162,23499,1,2,4738,47.38,4785.38,1764867891,0
107226733,23499,4,3,3429,34.29,3463.29,1764868311,0
147908499,23499,4,4,11293,112.93,11405.93,1765011396,0
137037151,23499,2,3,2818,28.18,2846.18,1765111599,0
144170937,23499,3,2,1651,16.51,1667.51,1765216759,0
114594985,23499,1,4,1742,17.42,1759.42,1765342486,0
123586408,23499,5,2,1311,13.11,1324.11,1765630329,0
100578417,23499,1,4,104194,1041.94,105235.94,1765734349,0
116124860,23499,1,4,4233,42.33,4275.33,1765734956,0
144060003,23499,3,4,5971,59.71,6030.71,1765784042,0
135801459,23499,5,3,7072,70.72,7142.72,1765837877,0
127732058,23499,3,2,3887,38.87,3925.87,1765994279,0
128444027,23499,4,NA,2266,22.66,2288.66,1766128656,0
121746720,23499,5,4,1793,17.93,1810.93,1766578610,0
123835751,23499,4,4,77085,770.85,77855.85,1766591310,0
101928817,23499,4,2,2694,26.94,2720.94,1766680380,0
106794932,23499,4,2,7402,74.02,7476.02,1766693890,0
103105181,23499,5,1,4353,43.53,4396.53,1766731123,0
136632457,23499,5,3,2466,24.66,2490.66,1766810107,0
145173118,23499,5,4,2385,23.85,2408.85,1766855349,0
113831392,23499,1,2,5334,53.34,5387.34,1766947106,0
137714638,23518,2,3,186,1.86,187.86,1764582561,1
104965550,23518,3,1,186,1.86,187.86,1764777306,0
120816998,23531,3,2,48603,486.03,49089.03,1765302600,1
131822729,23531,4,2,68697,686.97,69383.97,1765454668,0
124059634,23531,3,5,2918,29.18,2947.18,1765700195,0
137581667,23531,4,4,2216,22.16,2238.16,1765814051,0
108102940,23531,4,NA,3548,35.48,3583.48,1766298107,0
103033503,23531,1,3,788,7.88,795.88,1766320450,0
114819872,23531,3,4,2688,26.88,2714.88,1766580382,0
141715252,23531,3,1,1700,17,1717,1766581683,0
111244891,23531,2,2,3383,33.83,3416.83,1766728885,0
131016593,23531,5,4,3663,36.63,3699.63,1767096281,0
137732038,23638,2,2,543,5.43,548.43,1765778593,1
144317939,23667,2,5,211,2.11,213.11,1764651323,1
116828198,23729,3,5,215,2.15,217.15,1766492970,1
139555221,23729,5,1,471,4.71,475.71,1767075088,0
123118659,23729,3,5,137,1.37,138.37,1767150595,0
134522708,23789,3,4,785,7.85,792.85,1766333653,1
102471163,23924,NA,4,620,6.2,626.2,1764590189,1
100054803,23924,5,1,100,1,101,1765457113,0
117138040,23956,1,2,16408,164.08,16572.08,1764679345,1
122537388,23956,1,1,1435,14.35,1449.35,1764697607,0
118803715,23956,3,2,32025,320.25,32345.25,1764831944,0
106736155,23956,2,2,40742,407.42,41149.42,1765002220,0
135149450,23956,4,2,1481,14.81,1495.81,1765517692,0
135130979,23956,5,2,25098,250.98,25348.98,1765734479,0
134584505,23956,4,NA,4309,43.09,4352.09,1765821269,0
111772926,23956,1,4,6546,65.46,6611.46,1766009436,0
135978522,23956,3,4,1541,15.41,1556.41,1766023592,0
120319626,23956,4,2,4501,45.01,4546.01,1766471187,0
113915775,23956,3,4,3177,31.77,3208.77,1766498850,0
122125595,23956,4,2,6209,62.09,6271.09,1766665673,0
117749867,23956,2,1,13754,137.54,13891.54,1767114331,0
126957363,23956,4,NA,3837,38.37,3875.37,1767165266,0
110933290,23985,4,1,32328,323.28,32651.28,1764752226,1
102697241,23985,5,3,74918,749.18,75667.18,1764858713,0
115335974,23985,1,5,12755,127.55,12882.55,1765022799,0
106768887,23985,1,2,5493,54.93,5547.93,1765389138,0
130331594,23985,4,4,16386,163.86,16549.86,1765421499,0
132167208,23985,1,1,4461,44.61,4505.61,1765520772,0
117690439,23985,2,2,10198,101.98,10299.98,1765711912,0
108484175,23985,3,2,9418,94.18,9512.18,1765905440,0
119914572,23985,1,4,9448,94.48,9542.48,1765922638,0
135839037,23985,1,4,15920,159.2,16079.2,1765990600,0
144325086,23985,3,2,2019,20.19,2039.19,1766121417,0
138655101,23985,2,4,904,9.04,913.04,1766124028,0
133866867,23985,3,5,3218,32.18,3250.18,1766238314,0
132176209,23985,4,4,15384,153.84,15537.84,1766595826,0
137102572,23985,1,4,2557,25.57,2582.57,1766690608,0
104760795,23985,1,2,3611,36.11,3647.11,1766751419,0
129629437,23985,2,2,5058,50.58,5108.58,1766752146,0
122134241,24176,2,2,305,3.05,308.05,1765478968,1
121328134,24176,4,5,268,2.68,270.68,1765650395,0
133010514,24196,2,4,3402,34.02,3436.02,1765025566,1
120577421,24196,3,4,13906,139.06,14045.06,1765132087,0
147025659,24196,5,2,3769,37.69,3806.69,1765281713,0
118043089,24196,5,2,5817,58.17,5875.17,1765298862,0
147933914,24196,1,4,86735,867.35,87602.35,1765349680,0
113462885,24196,5,4,5718,57.18,5775.18,1765544406,0
127848442,24196,5,1,1798,17.98,1815.98,1765645519,0
107350533,24196,4,2,17321,173.21,17494.21,1765925690,0
147562836,24196,2,2,62591,625.91,63216.91,1766183834,0
133894442,24196,5,5,2587,25.87,2612.87,1766298379,0
139855056,24196,5,4,5168,51.68,5219.68,1766401190,0
147613194,24196,NA,4,1489,14.89,1503.89,1767181245,0
146775562,24352,1,4,647,6.47,653.47,1764742094,1
121930749,24354,2,2,283,2.83,285.83,1765479849,1
146942689,24402,5,4,196,1.96,197.96,1764728106,1
133129945,24402,2,5,189,1.89,190.89,1765852448,0
136183753,24445,3,2,260,2.6,262.6,1764620134,1
147907094,24445,1,4,812,8.12,820.12,1764678009,0
105986874,24445,4,1,410,4.1,414.1,1765057694,0
144959833,24445,1,3,521,5.21,526.21,1766995058,0
132317042,24485,1,1,241,2.41,243.41,1767162615,1
129058686,24499,4,3,244,2.44,246.44,1766492675,1
139580943,24551,2,5,289,2.89,291.89,1765109789,1
103154291,24578,5,4,83,0.83,83.83,1764870951,1
134245459,24578,4,2,188,1.88,189.88,1766339273,0
147118809,24582,2,4,668,6.68,674.68,1764673317,1
143414064,24725,4,2,199,1.99,200.99,1764638142,1
148118549,24725,4,3,195,1.95,196.95,1764648537,0
108510207,24725,1,5,335,3.35,338.35,1764683851,0
131219317,24725,2,2,344,3.44,347.44,1765795914,0
115154555,24725,4,5,347,3.47,350.47,1766113150,0
106856185,24725,3,2,345,3.45,348.45,1766487659,0
121282188,24759,2,2,558,5.58,563.58,1766372198,1
116550157,24905,2,4,334,3.34,337.34,1766682799,1
149799653,25094,3,3,306,3.06,309.06,1766855945,1
141445488,25135,2,2,19313,193.13,19506.13,1764679385,1
106476546,25135,5,4,38891,388.91,39279.91,1764756329,0
116659823,25135,3,4,3664,36.64,3700.64,1764783713,0
115853517,25135,2,5,56001,560.01,56561.01,1765992489,0
118619273,25135,2,1,3308,33.08,3341.08,1766078888,0
122519119,25135,3,5,9613,96.13,9709.13,1766106182,0
138062980,25135,2,3,1442,14.42,1456.42,1766164831,0
125279012,25135,5,2,39022,390.22,39412.22,1766206143,0
142031158,25135,3,2,24382,243.82,24625.82,1766339756,0
105640336,25135,4,2,13519,135.19,13654.19,1766386051,0
135324758,25135,2,5,6386,63.86,6449.86,1766398284,0
131282452,25135,2,4,4950,49.5,4999.5,1766407898,0
140978818,25135,2,1,3569,35.69,3604.69,1766493728,0
112479034,25135,2,4,3002,30.02,3032.02,1766714831,0
116895964,25135,4,4,2133,21.33,2154.33,1766729601,0
104729806,25135,3,2,56771,567.71,57338.71,1766730915,0
124868944,25135,1,2,4600,46,4646,1766784434,0
146867953,25135,1,4,7708,77.08,7785.08,1767115683,0
129261669,25336,2,4,244,2.44,246.44,1767183059,1
130694039,25339,4,4,4491,44.91,4535.91,1764616147,1
116980586,25339,2,1,3075,30.75,3105.75,1764741693,0
120311346,25339,3,4,1123,11.23,1134.23,1764917798,0
127470351,25339,1,2,21375,213.75,21588.75,1765023768,0
139690053,25339,1,2,2678,26.78,2704.78,1765089726,0
143108589,25339,1,5,25934,259.34,26193.34,1765387915,0
134975950,25339,4,5,1176,11.76,1187.76,1765543883,0
120013000,25339,3,4,2431,24.31,2455.31,1765606811,0
118940029,25339,3,4,8342,83.42,8425.42,1765609080,0
116781755,25339,5,4,37987,379.87,38366.87,1765779405,0
134937914,25339,1,2,3748,37.48,3785.48,1765858811,0
139147787,25339,1,1,10785,107.85,10892.85,1765920242,0
115404895,25339,2,2,1144,11.44,1155.44,1766213801,0
122707919,25339,1,2,39001,390.01,39391.01,1766300707,0
110391815,25339,4,2,2917,29.17,2946.17,1766406754,0
105531563,25339,4,4,3113,31.13,3144.13,1766559486,0
146101639,25339,4,2,57955,579.55,58534.55,1766646836,0
129128698,25339,2,4,12650,126.5,12776.5,1766695552,0
104472019,25339,2,4,13098,130.98,13228.98,1766833680,0
111202056,25339,3,5,2410,24.1,2434.1,1767114170,0
101453228,25339,1,4,16191,161.91,16352.91,1767163068,0
100826664,25405,5,3,388,3.88,391.88,1764752473,1
108051890,25405,1,2,259,2.59,261.59,1765731807,0
133226216,25461,5,3,378,3.78,381.78,1765277874,1
110752098,25507,2,1,393,3.93,396.93,1766944664,1
144891335,25525,1,4,132,1.32,133.32,1765367570,1
101606597,25525,3,4,312,3.12,315.12,1766971380,0
130625688,25536,2,2,302,3.02,305.02,1765592864,1
130611762,25536,5,2,638,6.38,644.38,1766770161,0
112003892,25747,4,4,117,1.17,118.17,1765111860,1
120279877,25783,5,2,533,5.33,538.33,1764610026,1
130344406,25854,5,4,273,2.73,275.73,1765606396,1
119784409,25854,5,2,105,1.05,106.05,1765647853,0
143426138,25878,1,2,4150,41.5,4191.5,1764646142,1
110709919,25878,5,4,1999,19.99,2018.99,1764954986,0
111829828,25878,4,1,4869,48.69,4917.69,1765001502,0
102630864,25878,4,4,5882,58.82,5940.82,1765195552,0
113838660,25878,5,2,6539,65.39,6604.39,1765249729,0
108005261,25878,1,1,75508,755.08,76263.08,1765276296,0
120617028,25878,2,4,1713,17.13,1730.13,1765308684,0
120067976,25878,1,1,2583,25.83,2608.83,1765335571,0
117822748,25878,2,2,19323,193.23,19516.23,1765866152,0
144981121,25878,3,2,5578,55.78,5633.78,1766078865,0
100456902,25878,2,5,2021,20.21,2041.21,1766251202,0
121828206,25878,3,2,94829,948.29,95777.29,1766467939,0
106260892,25878,5,4,1593,15.93,1608.93,1766479037,0
135030024,25878,4,2,4164,41.64,4205.64,1766512019,0
123201222,25878,3,3,2094,20.94,2114.94,1766598629,0
144854694,25878,3,2,11053,110.53,11163.53,1766666840,0
102940373,25878,5,1,2950,29.5,2979.5,1766864781,0
148920796,25878,3,4,1652,16.52,1668.52,1766937513,0
121058914,25878,3,4,5180,51.8,5231.8,1767019674,0
100274001,25878,2,2,22851,228.51,23079.51,1767021592,0
111528518,25878,1,4,4752,47.52,4799.52,1767107817,0
131356541,25878,1,2,49178,491.78,49669.78,1767184318,0
121062590,25882,5,2,231,2.31,233.31,1766208741,1
131631115,25882,1,4,377,3.77,380.77,1766615604,0
117566142,25885,5,4,311,3.11,314.11,1765177170,1
135017074,26013,5,5,328,3.28,331.28,1765992065,1
103874743,26032,3,4,110,1.1,111.1,1765841140,1
131362383,26032,4,2,406,4.06,410.06,1766491976,0
118592440,26075,4,3,183,1.83,184.83,1764936288,1
125878903,26075,1,5,224,2.24,226.24,1765389545,0
109648835,26075,5,2,108,1.08,109.08,1765455488,0
113096040,26075,1,5,297,2.97,299.97,1765536354,0
141352094,26101,4,5,119,1.19,120.19,1765715669,1
121900600,26101,5,4,283,2.83,285.83,1765723962,0
137905863,26101,2,2,160,1.6,161.6,1766866682,0
145649717,26160,4,4,4650,46.5,4696.5,1764609154,1
113663935,26160,3,4,2345,23.45,2368.45,1764916441,0
106434218,26160,2,2,4796,47.96,4843.96,1765008223,0
134776829,26160,2,2,1992,19.92,2011.92,1765168462,0
107594656,26160,2,2,76007,760.07,76767.07,1765298382,0
140255801,26160,1,4,4281,42.81,4323.81,1765303724,0
142187592,26160,4,4,942,9.42,951.42,1765322424,0
104580714,26160,2,4,4114,41.14,4155.14,1765344786,0
105601118,26160,5,2,2472,24.72,2496.72,1765472846,0
119149249,26160,4,2,1308,13.08,1321.08,1765608343,0
134749271,26160,3,4,2850,28.5,2878.5,1765792001,0
138750369,26160,2,4,16221,162.21,16383.21,1765905012,0
142890033,26160,3,2,1000,10,1010,1765976118,0
100024899,26160,4,1,9237,92.37,9329.37,1766100859,0
145002076,26160,2,4,5110,51.1,5161.1,1766147815,0
124132212,26160,3,2,12639,126.39,12765.39,1766204536,0
115574762,26160,5,5,18761,187.61,18948.61,1766251099,0
108072381,26160,5,2,2643,26.43,2669.43,1766443427,0
136360230,26160,5,1,4115,41.15,4156.15,1766625658,0
125266537,26160,5,2,36838,368.38,37206.38,1766682760,0
149356227,26160,4,2,2431,24.31,2455.31,1766773768,0
134643816,26160,2,3,1642,16.42,1658.42,1766793859,0
108357336,26160,1,4,2665,26.65,2691.65,1766804276,0
103930982,26160,1,5,34516,345.16,34861.16,1766840584,0
125583681,26160,5,2,25354,253.54,25607.54,1767013190,0
133921505,26160,5,2,11504,115.04,11619.04,1767030615,0
135213039,26173,3,4,174,1.74,175.74,1764808832,1
100811267,26173,4,2,230,2.3,232.3,1764838259,0
106413466,26508,4,5,6423,64.23,6487.23,1764555538,1
125010006,26508,4,3,4516,45.16,4561.16,1764655318,0
125577804,26508,4,2,2294,22.94,2316.94,1764696492,0
107481788,26508,3,4,60897,608.97,61505.97,1764789742,0
146505949,26508,4,5,2489,24.89,2513.89,1765065196,0
139525919,26508,1,4,15315,153.15,15468.15,1765176095,0
134696625,26508,1,2,12924,129.24,13053.24,1765518276,0
119347433,26508,1,2,21262,212.62,21474.62,1765629352,0
135304543,26508,2,4,1958,19.58,1977.58,1765650140,0
100763711,26508,4,2,55757,557.57,56314.57,1765694994,0
111574563,26508,5,2,2619,26.19,2645.19,1766067297,0
112923297,26508,4,4,3890,38.9,3928.9,1766209581,0
124952411,26508,2,4,25788,257.88,26045.88,1766623402,0
127456640,26508,5,4,2167,21.67,2188.67,1766665000,0
125079411,26508,1,5,111808,1118.08,112926.08,1766941628,0
122481528,26775,4,1,150,1.5,151.5,1765714662,1
140150924,26775,3,2,74,0.74,74.74,1766923363,0
101919787,26977,5,3,306,3.06,309.06,1766192020,1
106271610,27063,4,5,147,1.47,148.47,1766752507,1
117588471,27097,2,5,205,2.05,207.05,1764759581,1
114388773,27097,4,3,249,2.49,251.49,1766031635,0
107251146,27097,2,2,201,2.01,203.01,1766544766,0
116664810,27233,4,1,373,3.73,376.73,1765149250,1
113510307,27435,1,3,634,6.34,640.34,1764525296,1
131977918,27742,3,1,54502,545.02,55047.02,1764836179,1
142468449,27742,4,4,16231,162.31,16393.31,1764851265,0
100297760,27742,2,2,3617,36.17,3653.17,1764979009,0
140402757,27742,3,2,3321,33.21,3354.21,1765494022,0
100309301,27742,5,4,6110,61.1,6171.1,1765543330,0
128526516,27742,5,3,6820,68.2,6888.2,1765734395,0
124792252,27742,2,4,6984,69.84,7053.84,1765781013,0
139935149,27742,1,5,21507,215.07,21722.07,1765803080,0
139581934,27742,2,4,2687,26.87,2713.87,1766098122,0
134872449,27742,3,5,1906,19.06,1925.06,1766290544,0
105381447,27742,2,2,24149,241.49,24390.49,1766354711,0
104380969,27742,2,2,13087,130.87,13217.87,1766504128,0
117302124,27742,5,4,1553,15.53,1568.53,1766597508,0
115033439,27742,5,2,5825,58.25,5883.25,1766970902,0
139191379,27742,1,2,120624,1206.24,121830.24,1766989735,0
130055587,27742,2,1,1187,11.87,1198.87,1767084804,0
122566340,27742,3,2,9707,97.07,9804.07,1767103462,0
137899598,27765,3,2,281,2.81,283.81,1766125332,1
133465792,27765,5,2,132,1.32,133.32,1767163709,0
108184160,27795,3,2,364,3.64,367.64,1764788033,1
104400247,27795,2,5,107,1.07,108.07,1765041190,0
136684543,27865,3,4,8267,82.67,8349.67,1764607062,1
130956389,27865,4,2,21769,217.69,21986.69,1764697059,0
115703367,27865,5,4,1951,19.51,1970.51,1764769887,0
108984645,27865,1,2,1349,13.49,1362.49,1764880769,0
117262293,27865,2,4,20116,201.16,20317.16,1765032601,0
123743235,27865,1,1,20635,206.35,20841.35,1765185008,0
138287932,27865,1,4,6583,65.83,6648.83,1765435287,0
106345635,27865,1,4,14490,144.9,14634.9,1765990852,0
107648558,27865,1,4,2842,28.42,2870.42,1766108868,0
135801991,27865,3,1,25396,253.96,25649.96,1766366370,0
126964817,27865,4,2,42273,422.73,42695.73,1766498171,0
146152439,27865,1,2,19746,197.46,19943.46,1766509878,0
117938242,27865,4,1,10749,107.49,10856.49,1766731787,0
109278368,27865,3,4,9226,92.26,9318.26,1766839262,0
115456230,27865,5,2,10357,103.57,10460.57,1766876620,0
137195746,27865,3,4,3654,36.54,3690.54,1767161495,0
117431393,28222,1,4,409,4.09,413.09,1764677871,1
117923114,28222,1,4,228,2.28,230.28,1764849801,0
145314136,28337,3,1,185,1.85,186.85,1765101907,1
141369578,28337,5,1,88,0.88,88.88,1766665714,0
111775332,28340,2,4,242,2.42,244.42,1764571077,1
136665165,28340,4,1,386,3.86,389.86,1765949399,0
129553087,28340,5,5,221,2.21,223.21,1767030026,0
134506313,28352,3,5,285,2.85,287.85,1765695218,1
134448401,28405,1,2,488,4.88,492.88,1765849005,1
106971509,28405,4,4,434,4.34,438.34,1765854201,0
117705448,28505,4,4,1944,19.44,1963.44,1764597643,1
143984978,28505,1,3,5611,56.11,5667.11,1764600001,0
102241478,28505,3,4,3292,32.92,3324.92,1764676610,0
146588293,28505,4,4,2888,28.88,2916.88,1764786249,0
129658651,28505,1,NA,2944,29.44,2973.44,1764803270,0
118436793,28505,1,2,15008,150.08,15158.08,1765495161,0
130788384,28505,2,2,22942,229.42,23171.42,1765541703,0
107589689,28505,1,2,5980,59.8,6039.8,1765579367,0
103916659,28505,2,5,92660,926.6,93586.6,1765779194,0
129368634,28505,3,4,16439,164.39,16603.39,1765822551,0
115943967,28505,1,NA,3960,39.6,3999.6,1765914999,0
135915333,28505,3,3,95639,956.39,96595.39,1766466428,0
138303416,28505,5,2,701,7.01,708.01,1766911560,0
120008773,28505,2,1,7985,79.85,8064.85,1767012604,0
123118728,28505,5,4,12535,125.35,12660.35,1767075214,0
119134578,28564,5,2,303,3.03,306.03,1764554472,1
121796427,28564,5,5,440,4.4,444.4,1766424818,0
112359849,28864,2,4,287,2.87,289.87,1765519179,1
147545877,28864,1,2,484,4.84,488.84,1766450625,0
129899924,28876,2,1,277,2.77,279.77,1765904762,1
127017354,28876,1,4,520,5.2,525.2,1766392563,0
102680892,28876,1,2,175,1.75,176.75,1766585744,0
127090379,28876,1,1,633,6.33,639.33,1767018025,0
112391891,28880,3,3,331,3.31,334.31,1767125320,1
134855791,29191,1,2,367,3.67,370.67,1765689752,1
112567479,29240,3,4,247,2.47,249.47,1765089335,1
133347866,29240,4,1,288,2.88,290.88,1767093341,0
147724939,29282,4,4,133,1.33,134.33,1766748932,1
131382196,29372,4,1,362,3.62,365.62,1766512521,1
131929971,29387,2,4,1701,17.01,1718.01,1764811144,1
137045863,29387,1,2,52806,528.06,53334.06,1764914205,0
128902599,29387,4,3,8227,82.27,8309.27,1765060273,0
104165181,29387,3,2,1889,18.89,1907.89,1765073028,0
140983470,29387,3,2,1952,19.52,1971.52,1765112548,0
114355449,29387,1,2,2334,23.34,2357.34,1765197204,0
129272480,29387,2,2,43613,436.13,44049.13,1765475543,0
101661767,29387,5,2,2709,27.09,2736.09,1765778697,0
123977057,29387,1,4,5582,55.82,5637.82,1765914461,0
145771730,29387,1,2,29812,298.12,30110.12,1766060563,0
138050164,29387,3,2,6805,68.05,6873.05,1766221240,0
127944027,29387,2,5,28616,286.16,28902.16,1766365665,0
130312777,29387,2,4,3996,39.96,4035.96,1766528385,0
106320374,29387,4,4,26706,267.06,26973.06,1766720559,0
108622243,29387,4,2,3393,33.93,3426.93,1766733979,0
147269527,29387,3,4,7053,70.53,7123.53,1767047301,0
101160194,29565,5,4,173,1.73,174.73,1765262886,1
117799673,29565,2,4,562,5.62,567.62,1765676075,0
119655467,29574,2,2,268,2.68,270.68,1765547546,1
114523836,29574,4,1,190,1.9,191.9,1766191799,0
130838697,29700,5,4,160,1.6,161.6,1765371112,1
119071812,29700,5,2,425,4.25,429.25,1766321912,0
118981359,29808,1,2,264,2.64,266.64,1766578936,1
101296550,29849,2,4,111475,1114.75,112589.75,1764563258,1
148158574,29849,1,2,6408,64.08,6472.08,1764601775,0
101681824,29849,1,2,3999,39.99,4038.99,1764639480,0
148912953,29849,2,5,76007,760.07,76767.07,1764717973,0
146524205,29849,4,4,81140,811.4,81951.4,1764744883,0
101063955,29849,1,4,1815,18.15,1833.15,1764851648,0
115494126,29849,4,2,2311,23.11,2334.11,1764905659,0
133504066,29849,1,2,10050,100.5,10150.5,1764988157,0
114575473,29849,4,2,60139,601.39,60740.39,1765018591,0
112710238,29849,5,2,2506,25.06,2531.06,1765128043,0
119337185,29849,1,4,3360,33.6,3393.6,1765203863,0
110623156,29849,2,4,55049,550.49,55599.49,1765210369,0
124738951,29849,5,3,2808,28.08,2836.08,1765229923,0
115605869,29849,1,2,44822,448.22,45270.22,1765386892,0
106332331,29849,1,2,3204,32.04,3236.04,1765939481,0
127448928,29849,3,2,3218,32.18,3250.18,1765949170,0
110192280,29849,2,2,1816,18.16,1834.16,1766078508,0
132633266,29849,3,4,953,9.53,962.53,1766143540,0
111867743,29849,2,3,35949,359.49,36308.49,1766259551,0
124285219,29849,4,4,2440,24.4,2464.4,1766297778,0
135916163,29849,5,2,33241,332.41,33573.41,1766319157,0
146173889,29849,NA,2,9707,97.07,9804.07,1766453804,0
107703201,29849,1,2,5651,56.51,5707.51,1766509260,0
140890744,29849,5,2,7574,75.74,7649.74,1766720114,0
130908148,29859,3,4,439,4.39,443.39,1765129563,1
141558735,29992,1,4,114,1.14,115.14,1764763733,1
147013720,29992,5,4,185,1.85,186.85,1766300020,0
139837274,29995,1,5,6471,64.71,6535.71,1764568954,1
108620416,29995,3,4,3930,39.3,3969.3,1764575444,0
135443039,29995,4,2,1903,19.03,1922.03,1764704287,0
115598020,29995,2,1,13967,139.67,14106.67,1764726410,0
139845607,29995,4,2,20357,203.57,20560.57,1764833116,0
125006330,29995,1,2,2244,22.44,2266.44,1765213626,0
141552086,29995,3,4,5141,51.41,5192.41,1765512476,0
141330867,29995,4,2,10438,104.38,10542.38,1765541778,0
122284122,29995,2,2,1965,19.65,1984.65,1765581055,0
122327301,29995,3,4,73376,733.76,74109.76,1765756161,0
113996970,29995,5,2,5080,50.8,5130.8,1765803408,0
135061043,29995,1,5,72492,724.92,73216.92,1765905467,0
147633814,29995,2,2,2746,27.46,2773.46,1765974918,0
108453671,29995,2,4,4203,42.03,4245.03,1766489930,0
130163637,29995,4,2,3625,36.25,3661.25,1766565786,0
101592330,29995,3,1,10412,104.12,10516.12,1766730376,0
121727553,29995,1,4,11225,112.25,11337.25,1766760423,0
136042129,29995,4,4,17810,178.1,17988.1,1766944152,0
136381912,29995,3,2,5552,55.52,5607.52,1766945733,0
112207160,29995,4,4,8511,85.11,8596.11,1767009861,0
129643726,29995,5,2,39723,397.23,40120.23,1767099472,0
129549874,29995,2,2,3326,33.26,3359.26,1767146099,0
129363038,30051,5,NA,408,4.08,412.08,1766944777,1
107477863,30053,3,5,461,4.61,465.61,1764657044,1
117009077,30053,5,1,272,2.72,274.72,1766816153,0
122309631,30093,2,4,3594,35.94,3629.94,1764559897,1
138542739,30093,2,4,5507,55.07,5562.07,1764982468,0
128410791,30093,4,4,6869,68.69,6937.69,1765109658,0
104103134,30093,1,1,2371,23.71,2394.71,1765109885,0
100713799,30093,1,2,21944,219.44,22163.44,1765213177,0
125722743,30093,3,2,4172,41.72,4213.72,1765315826,0
100102061,30093,5,3,2680,26.8,2706.8,1765387710,0
137202176,30093,NA,2,1066,10.66,1076.66,1765401733,0
104331889,30093,5,4,7921,79.21,8000.21,1765542265,0
145087652,30093,4,3,2944,29.44,2973.44,1765786133,0
144413779,30093,5,2,3124,31.24,3155.24,1765998623,0
127938471,30093,1,2,10634,106.34,10740.34,1766161719,0
146935063,30093,3,2,2356,23.56,2379.56,1766321923,0
144046922,30093,3,5,25246,252.46,25498.46,1766412104,0
142862026,30093,5,5,1579,15.79,1594.79,1766458940,0
105876988,30093,3,4,6492,64.92,6556.92,1766522102,0
107360152,30093,1,2,79944,799.44,80743.44,1766607531,0
147298313,30093,3,2,54058,540.58,54598.58,1766857068,0
148132585,30093,1,5,2592,25.92,2617.92,1766957843,0
101065267,30132,1,4,221,2.21,223.21,1765025596,1
140492047,30165,1,2,364,3.64,367.64,1765262441,1
121504010,30166,4,2,415,4.15,419.15,1764850374,1
146786803,30273,4,4,132,1.32,133.32,1765043776,1
146467458,30273,4,1,383,3.83,386.83,1766598685,0
128081412,30465,4,3,202,2.02,204.02,1764766061,1
123306107,30465,4,4,337,3.37,340.37,1766947185,0
136150921,30465,NA,1,325,3.25,328.25,1766990447,0
147406580,30527,4,4,295,2.95,297.95,1765099557,1
137420968,30527,1,5,185,1.85,186.85,1766153461,0
145474842,30542,1,2,341,3.41,344.41,1766380526,1
128763088,30542,1,1,348,3.48,351.48,1767107049,0
130679012,30543,2,2,477,4.77,481.77,1764591640,1
133056687,30543,5,1,307,3.07,310.07,1765965938,0
100255765,30601,2,2,358,3.58,361.58,1766097270,1
101783765,30601,5,2,325,3.25,328.25,1766152217,0
126352421,30601,2,3,346,3.46,349.46,1766728994,0
108815494,30601,4,5,228,2.28,230.28,1766790805,0
128131119,30601,5,4,422,4.22,426.22,1766956435,0
146087041,30871,5,2,547,5.47,552.47,1766995076,1
138799172,30901,NA,1,628,6.28,634.28,1766991501,1
111297186,31002,2,2,155,1.55,156.55,1766320200,1
137100096,31039,3,4,430,4.3,434.3,1764658029,1
105920293,31141,2,3,301,3.01,304.01,1765631941,1
146308286,31194,2,1,135,1.35,136.35,1765075027,1
127838758,31206,5,5,172,1.72,173.72,1766283443,1
129689682,31343,1,4,318,3.18,321.18,1766161145,1
122299029,31398,4,3,85,0.85,85.85,1766299205,1
104510994,31403,4,4,239,2.39,241.39,1764792524,1
110279253,31403,1,4,240,2.4,242.4,1767194064,0
127200120,31431,1,2,1097,10.97,1107.97,1765176913,1
107009834,31431,5,4,324,3.24,327.24,1765300809,0
126999208,31558,5,4,533,5.33,538.33,1765778544,1
131361225,31558,4,4,223,2.23,225.23,1766843413,0
147766513,31646,4,2,324,3.24,327.24,1766580840,1
109933543,31646,3,2,944,9.44,953.44,1767054299,0
109694229,31646,5,2,364,3.64,367.64,1767096777,0
121428592,31689,4,2,282,2.82,284.82,1764712379,1
102240695,31689,4,2,194,1.94,195.94,1765013994,0
145668463,31689,4,2,625,6.25,631.25,1765128782,0
107340159,31731,NA,2,112,1.12,113.12,1765001303,1
146771826,31731,5,4,117,1.17,118.17,1767097346,0
125626659,31775,3,1,227,2.27,229.27,1766300154,1
101626995,31920,3,3,127,1.27,128.27,1765089052,1
121222115,31920,3,2,307,3.07,310.07,1766848048,0
141462521,31958,1,4,200,2,202,1764569281,1
128287098,31974,3,4,382,3.82,385.82,1765110663,1
108529257,32046,5,4,262,2.62,264.62,1765070429,1
137256033,32046,3,4,99,0.99,99.99,1765593439,0
135086489,32046,2,4,172,1.72,173.72,1766730060,0
102996090,32046,1,5,177,1.77,178.77,1766988267,0
138655804,32155,1,5,586,5.86,591.86,1764936662,1
139964466,32155,3,1,602,6.02,608.02,1765166807,0
149414680,32271,4,4,576,5.76,581.76,1766494367,1
144306439,32375,2,3,1195,11.95,1206.95,1765742720,1
119658114,32375,3,2,128,1.28,129.28,1766837779,0
109815641,32387,4,2,130,1.3,131.3,1765393982,1
112403240,32387,5,4,257,2.57,259.57,1766926909,0
134412400,32462,2,4,40740,407.4,41147.4,1764634854,1
121773725,32462,1,2,39032,390.32,39422.32,1764822230,0
140703453,32462,3,2,925,9.25,934.25,1764877536,0
107834550,32462,1,5,9751,97.51,9848.51,1765019013,0
147045727,32462,3,4,10593,105.93,10698.93,1765109241,0
136723436,32462,3,2,3572,35.72,3607.72,1765434834,0
115300728,32462,3,2,2318,23.18,2341.18,1765638320,0
108456877,32462,3,1,12687,126.87,12813.87,1765800011,0
109175216,32462,5,4,13421,134.21,13555.21,1765940065,0
146836573,32462,3,2,35533,355.33,35888.33,1766127150,0
115265186,32462,3,2,1197,11.97,1208.97,1766205069,0
147634152,32462,2,4,97618,976.18,98594.18,1766962146,0
128506494,32467,2,5,11967,119.67,12086.67,1764783592,1
136117343,32467,2,5,36838,368.38,37206.38,1764864413,0
131507948,32467,2,4,652,6.52,658.52,1765094183,0
149754294,32467,1,3,49925,499.25,50424.25,1765303086,0
112665289,32467,3,4,12710,127.1,12837.1,1765604411,0
123946182,32467,4,5,1087,10.87,1097.87,1765641021,0
123783849,32467,2,4,2350,23.5,2373.5,1765645783,0
101262648,32467,5,4,8889,88.89,8977.89,1766166022,0
100925758,32467,5,2,2765,27.65,2792.65,1766490489,0
141656706,32467,3,3,70528,705.28,71233.28,1766512363,0
135009882,32467,5,4,1507,15.07,1522.07,1766667503,0
101783950,32467,1,2,2889,28.89,2917.89,1766685486,0
137125539,32467,3,2,4838,48.38,4886.38,1766691121,0
104911076,32539,2,1,108,1.08,109.08,1767164127,1
109819280,32660,1,4,201,2.01,203.01,1765693135,1
101885260,32660,2,5,356,3.56,359.56,1766146133,0
101255772,32772,3,2,3931,39.31,3970.31,1764651002,1
140523051,32772,4,4,5695,56.95,5751.95,1764916755,0
110223137,32772,2,4,1833,18.33,1851.33,1764997490,0
117666613,32772,4,2,3643,36.43,3679.43,1765023805,0
137795582,32772,4,4,22858,228.58,23086.58,1765024668,0
114009125,32772,1,2,49996,499.96,50495.96,1765025134,0
135450924,32772,2,2,2869,28.69,2897.69,1765163073,0
149181835,32772,1,2,3507,35.07,3542.07,1765544762,0
149320451,32772,4,4,1231,12.31,1243.31,1765559890,0
120156958,32772,4,4,15064,150.64,15214.64,1765608279,0
129734258,32772,2,2,1466,14.66,1480.66,1765617726,0
148826417,32772,5,2,2729,27.29,2756.29,1765648497,0
131783858,32772,4,2,58365,583.65,58948.65,1766037949,0
123808476,32772,3,5,1590,15.9,1605.9,1766365021,0
117997036,32772,1,5,3306,33.06,3339.06,1766391961,0
115874266,32772,1,4,25502,255.02,25757.02,1766414538,0
113265117,32772,4,4,1052,10.52,1062.52,1766569806,0
102682737,32772,4,2,2136,21.36,2157.36,1766664327,0
114367177,32772,1,4,72575,725.75,73300.75,1766671500,0
124419591,32874,3,2,134,1.34,135.34,1765648420,1
128182803,32880,2,3,134,1.34,135.34,1764677172,1
108057668,32913,1,2,367,3.67,370.67,1764665078,1
113278637,32913,5,3,139,1.39,140.39,1764777233,0
108420051,33107,4,2,106,1.06,107.06,1765002666,1
127871265,33107,5,2,187,1.87,188.87,1766808110,0
100696443,33352,5,5,10214,102.14,10316.14,1764736839,1
131059968,33352,1,2,2057,20.57,2077.57,1764743404,0
147705601,33352,4,2,3349,33.49,3382.49,1764850024,0
142972651,33352,3,4,1251,12.51,1263.51,1764852532,0
117293330,33352,2,4,5368,53.68,5421.68,1765004015,0
144443306,33352,5,4,7878,78.78,7956.78,1765088487,0
107122949,33352,5,3,17768,177.68,17945.68,1765346847,0
117857607,33352,2,2,964,9.64,973.64,1765471320,0
144175418,33352,4,2,10877,108.77,10985.77,1765503679,0
117171555,33352,3,2,44516,445.16,44961.16,1765601518,0
136916310,33352,1,2,2025,20.25,2045.25,1766077351,0
123774921,33352,3,4,11336,113.36,11449.36,1766241104,0
134619000,33352,5,3,75091,750.91,75841.91,1766499020,0
132575161,33352,4,5,1695,16.95,1711.95,1766832717,0
114631868,33352,1,3,4879,48.79,4927.79,1767013033,0
110519308,33352,1,2,2933,29.33,2962.33,1767185032,0
115322039,33355,3,5,164,1.64,165.64,1765082025,1
115883106,33388,4,4,805,8.05,813.05,1765957933,1
116024223,33456,1,4,152,1.52,153.52,1765457868,1
106773395,33456,3,5,378,3.78,381.78,1767161566,0
122133959,33468,4,4,56866,568.66,57434.66,1764683289,1
148368122,33468,2,2,1902,19.02,1921.02,1764783679,0
108575169,33468,5,2,47075,470.75,47545.75,1765057945,0
124986817,33468,4,3,11498,114.98,11612.98,1765113782,0
131721881,33468,3,2,2868,28.68,2896.68,1765570715,0
123353173,33468,5,5,3357,33.57,3390.57,1765775682,0
101473237,33468,4,4,11428,114.28,11542.28,1766224982,0
140860984,33468,5,2,2968,29.68,2997.68,1766558321,0
115245670,33468,2,2,1273,12.73,1285.73,1766704021,0
127548715,33468,1,2,3757,37.57,3794.57,1766729091,0
147181897,33468,3,4,883,8.83,891.83,1766811489,0
144833693,33468,2,2,11416,114.16,11530.16,1766904892,0
144504068,33468,1,2,5866,58.66,5924.66,1766996609,0
131456182,33468,3,2,3117,31.17,3148.17,1767080744,0
139895948,33548,2,4,224,2.24,226.24,1767066737,1
109730750,33607,4,2,365,3.65,368.65,1764916813,1
118466206,33607,4,4,299,2.99,301.99,1765482394,0
115873679,33742,2,4,759,7.59,766.59,1764828181,1
140404803,33784,5,2,1726,17.26,1743.26,1764590400,1
135862868,33784,5,2,7258,72.58,7330.58,1764680835,0
135674374,33784,1,1,13919,139.19,14058.19,1764893945,0
114586626,33784,2,3,1060,10.6,1070.6,1765025440,0
128591683,33784,3,4,1548,15.48,1563.48,1765025664,0
106656699,33784,1,2,19313,193.13,19506.13,1765224614,0
145689484,33784,2,4,79309,793.09,80102.09,1765380416,0
148917982,33784,5,1,2576,25.76,2601.76,1765391853,0
136389753,33784,2,4,36842,368.42,37210.42,1765430926,0
136045835,33784,3,2,7603,76.03,7679.03,1765639011,0
123630145,33784,3,5,1381,13.81,1394.81,1765953170,0
106056690,33784,1,3,1572,15.72,1587.72,1766080088,0
102715089,33784,4,4,3758,37.58,3795.58,1766728005,0
122821644,33784,2,2,3155,31.55,3186.55,1766813055,0
136336446,33784,4,2,901,9.01,910.01,1766928297,0
128331903,33784,3,2,1737,17.37,1754.37,1767115057,0
100935561,33784,5,2,4278,42.78,4320.78,1767155435,0
127755386,33817,1,4,860,8.6,868.6,1765889108,1
112618071,33840,4,2,287,2.87,289.87,1766287598,1
103897607,33840,2,2,389,3.89,392.89,1766634833,0
134044660,33840,2,2,119,1.19,120.19,1767032370,0
129802722,33903,4,2,2452,24.52,2476.52,1764554994,1
100705490,33903,5,5,3595,35.95,3630.95,1764747076,0
131734532,33903,1,2,15369,153.69,15522.69,1764908481,0
124462303,33903,3,2,21375,213.75,21588.75,1764954993,0
149529385,33903,3,2,4051,40.51,4091.51,1765075130,0
111123669,33903,2,2,13112,131.12,13243.12,1765158687,0
127555352,33903,3,4,121095,1210.95,122305.95,1765186557,0
144386402,33903,4,3,27262,272.62,27534.62,1765474472,0
127321114,33903,5,2,12336,123.36,12459.36,1765987275,0
140882101,33903,1,2,2661,26.61,2687.61,1766212074,0
104291614,33903,3,2,17867,178.67,18045.67,1766406121,0
120515546,33903,2,4,1394,13.94,1407.94,1766559456,0
134581003,33903,1,2,4554,45.54,4599.54,1766580726,0
121273751,33903,2,2,1243,12.43,1255.43,1766816223,0
139144918,33903,2,5,25823,258.23,26081.23,1767185909,0
131563773,34001,1,5,3360,33.6,3393.6,1764818727,1
131716008,34001,5,2,2497,24.97,2521.97,1764828076,0
100665995,34001,5,4,16314,163.14,16477.14,1765300272,0
143273649,34001,3,1,2786,27.86,2813.86,1765693311,0
102577153,34001,5,3,46177,461.77,46638.77,1765693977,0
103392687,34001,1,4,6410,64.1,6474.1,1765992699,0
124008259,34001,4,2,846,8.46,854.46,1766036378,0
121482185,34001,4,2,1729,17.29,1746.29,1766183561,0
132158464,34001,4,3,3079,30.79,3109.79,1766320852,0
104388358,34001,4,4,13166,131.66,13297.66,1767122569,0
127075038,34001,4,5,15116,151.16,15267.16,1767177116,0
102823519,34001,5,4,18218,182.18,18400.18,1767194569,0
132566480,34232,3,4,827,8.27,835.27,1764828707,1
111231754,34287,2,1,380,3.8,383.8,1764640045,1
136354287,34359,4,5,203,2.03,205.03,1766557027,1
139133461,34554,4,5,307,3.07,310.07,1765598141,1
146823614,34554,2,4,416,4.16,420.16,1766069400,0
142552424,34560,1,1,89,0.89,89.89,1765693927,1
123096616,34579,3,2,75091,750.91,75841.91,1764658713,1
143571112,34579,5,4,85495,854.95,86349.95,1764766147,0
117544043,34579,2,2,3361,33.61,3394.61,1764855678,0
146067656,34579,2,1,14825,148.25,14973.25,1764935309,0
108584656,34579,2,2,13351,133.51,13484.51,1765425845,0
100350357,34579,2,4,1083,10.83,1093.83,1765905762,0
144910385,34579,1,2,6356,63.56,6419.56,1766857120,0
113746484,34748,NA,1,323,3.23,326.23,1767148707,1
129957506,34782,3,3,238,2.38,240.38,1766213110,1
141690200,34856,1,4,212,2.12,214.12,1764841940,1
148026325,34856,3,4,700,7,707,1766077642,0
141030084,34948,2,4,349,3.49,352.49,1764857801,1
129753447,35081,2,2,1130,11.3,1141.3,1765730919,1
117748626,35081,3,2,787,7.87,794.87,1765931243,0
145926229,35081,5,4,167,1.67,168.67,1767168117,0
132274335,35125,3,5,455,4.55,459.55,1767138782,1
131479547,35340,2,2,377,3.77,380.77,1765954700,1
125504797,35441,5,5,181,1.81,182.81,1766624632,1
107810052,35441,4,3,364,3.64,367.64,1767076405,0
138408362,35446,2,3,403,4.03,407.03,1764666805,1
122417482,35446,5,4,205,2.05,207.05,1765539733,0
120484582,35463,2,2,88,0.88,88.88,1765086719,1
114497486,35463,2,4,402,4.02,406.02,1765972573,0
106448404,35463,4,5,600,6,606,1766540351,0
128962146,35627,1,1,17352,173.52,17525.52,1764690990,1
124788517,35627,1,5,53795,537.95,54332.95,1764912020,0
136825016,35627,4,2,2077,20.77,2097.77,1765022657,0
115645521,35627,3,2,916,9.16,925.16,1765646401,0
130026533,35627,5,2,1390,13.9,1403.9,1766025620,0
102715300,35627,4,4,761,7.61,768.61,1766130668,0
124056634,35627,1,1,3011,30.11,3041.11,1766165571,0
111941669,35627,1,2,857,8.57,865.57,1766182108,0
128339807,35627,5,2,9226,92.26,9318.26,1766212982,0
149748522,35627,5,2,7646,76.46,7722.46,1766458281,0
107402465,35627,5,4,49178,491.78,49669.78,1766567608,0
139719865,35627,4,2,2576,25.76,2601.76,1766595741,0
146349586,35627,5,2,18195,181.95,18376.95,1767010083,0
109275846,35627,2,2,4579,45.79,4624.79,1767075127,0
131125209,35627,2,2,12552,125.52,12677.52,1767161875,0
117346599,35694,5,2,339,3.39,342.39,1766452703,1
148210085,35750,5,2,2161,21.61,2182.61,1764880409,1
101152083,35750,5,3,1798,17.98,1815.98,1765090590,0
110536743,35750,3,2,11850,118.5,11968.5,1765522434,0
104595647,35750,1,5,4411,44.11,4455.11,1765555802,0
137613193,35750,5,1,25098,250.98,25348.98,1765807484,0
131013849,35750,4,5,3535,35.35,3570.35,1765838644,0
131934804,35750,1,NA,2890,28.9,2918.9,1765865195,0
129510866,35750,3,4,1382,13.82,1395.82,1766020363,0
146819059,35750,5,2,2974,29.74,3003.74,1766352130,0
137910246,35750,5,2,10040,100.4,10140.4,1766474632,0
117284456,35750,3,2,1209,12.09,1221.09,1766595414,0
147954057,35750,2,4,14105,141.05,14246.05,1766687217,0
102136455,35750,5,4,1894,18.94,1912.94,1766838766,0
135049785,35750,5,4,50066,500.66,50566.66,1766882117,0
107815746,35750,1,5,8433,84.33,8517.33,1767012618,0
102379744,35750,5,1,64552,645.52,65197.52,1767117659,0
108220064,35750,2,3,2185,21.85,2206.85,1767133393,0
122981806,35930,2,4,738,7.38,745.38,1764679906,1
124413951,35930,5,4,246,2.46,248.46,1764784029,0
133528588,36088,1,2,640,6.4,646.4,1764589263,1
102302860,36475,4,5,634,6.34,640.34,1765434318,1
107475121,36647,1,2,179,1.79,180.79,1764729017,1
131103310,36647,4,4,328,3.28,331.28,1766579565,0
146527113,36647,3,2,309,3.09,312.09,1767184593,0
109209087,36662,NA,2,205,2.05,207.05,1765004224,1
114054391,36662,1,2,352,3.52,355.52,1766132456,0
135998932,36755,2,2,231,2.31,233.31,1765483702,1
128463005,36819,1,3,214,2.14,216.14,1766877557,1
138230169,36977,5,2,504,5.04,509.04,1767075577,1
108910550,37000,5,4,254,2.54,256.54,1765409122,1
138055690,37000,2,1,660,6.6,666.6,1766683715,0
116009909,37023,5,2,229,2.29,231.29,1766097959,1
115836642,37023,3,5,294,2.94,296.94,1766960493,0
110662713,37107,4,4,519,5.19,524.19,1766354502,1
142622701,37156,3,2,347,3.47,350.47,1766157779,1
109305388,37167,2,2,2207,22.07,2229.07,1764642781,1
141972702,37167,2,2,992,9.92,1001.92,1764850470,0
104395604,37167,4,2,66778,667.78,67445.78,1764979924,0
117023298,37167,5,2,48746,487.46,49233.46,1765040517,0
104248196,37167,3,4,1396,13.96,1409.96,1765197793,0
146950683,37167,3,4,70188,701.88,70889.88,1765473953,0
104092896,37167,1,3,13240,132.4,13372.4,1765571268,0
137531114,37167,3,2,15134,151.34,15285.34,1765701209,0
132559730,37167,1,4,118140,1181.4,119321.4,1765749858,0
122488080,37167,3,5,2985,29.85,3014.85,1765870794,0
114877693,37167,1,5,1731,17.31,1748.31,1766095136,0
111512958,37167,2,2,3603,36.03,3639.03,1766147318,0
104323870,37167,2,2,5329,53.29,5382.29,1766226329,0
106866761,37167,5,4,2769,27.69,2796.69,1766315661,0
102251836,37167,3,4,27023,270.23,27293.23,1766645305,0
141391030,37167,4,2,3800,38,3838,1766970263,0
142561385,37167,3,4,4472,44.72,4516.72,1766999984,0
135198454,37167,5,2,4147,41.47,4188.47,1767044406,0
135448529,37167,NA,2,7524,75.24,7599.24,1767081584,0
116254714,37220,4,4,214,2.14,216.14,1765601349,1
144926890,37258,2,4,14387,143.87,14530.87,1764653526,1
115904273,37258,3,2,3625,36.25,3661.25,1764784158,0
104453952,37258,4,2,9337,93.37,9430.37,1764915591,0
115957183,37258,3,2,1210,12.1,1222.1,1765565323,0
121293697,37258,3,NA,2413,24.13,2437.13,1765630999,0
142935405,37258,3,4,20803,208.03,21011.03,1765746588,0
100894444,37258,3,2,10537,105.37,10642.37,1766125398,0
123533104,37258,3,2,2730,27.3,2757.3,1766225073,0
104113728,37258,2,2,2141,21.41,2162.41,1766402164,0
125132076,37258,1,3,3475,34.75,3509.75,1766456331,0
132614464,37258,4,4,4024,40.24,4064.24,1766507822,0
113178795,37258,3,2,4243,42.43,4285.43,1766510205,0
110403853,37258,3,2,1763,17.63,1780.63,1766643163,0
140411426,37258,4,4,14433,144.33,14577.33,1766664470,0
115900574,37258,2,2,9104,91.04,9195.04,1766673571,0
113611362,37284,3,4,136,1.36,137.36,1766305514,1
129018676,37418,2,4,892,8.92,900.92,1765919443,1
146772764,37451,2,4,87,0.87,87.87,1766730687,1
143954434,37464,3,1,260,2.6,262.6,1765100372,1
127122863,37579,2,5,166,1.66,167.66,1765862493,1
125881277,37579,1,2,197,1.97,198.97,1766079043,0
121979067,37583,2,2,354,3.54,357.54,1764630159,1
117744320,37583,4,5,171,1.71,172.71,1766711294,0
107885629,37655,3,2,3941,39.41,3980.41,1764612938,1
148462109,37655,3,4,1951,19.51,1970.51,1764697097,0
109960611,37655,5,4,2616,26.16,2642.16,1764995613,0
139425442,37655,5,4,6052,60.52,6112.52,1765196124,0
132266927,37655,3,5,8549,85.49,8634.49,1765560214,0
116573579,37655,5,4,3077,30.77,3107.77,1765562249,0
132312996,37655,2,2,64012,640.12,64652.12,1765586969,0
113182857,37655,4,1,12409,124.09,12533.09,1765600802,0
104861450,37655,4,2,1407,14.07,1421.07,1765637855,0
149446117,37655,2,5,3761,37.61,3798.61,1765964367,0
116519936,37655,2,5,22056,220.56,22276.56,1766030762,0
102590570,37655,1,4,6410,64.1,6474.1,1766060579,0
140167848,37655,4,2,92660,926.6,93586.6,1766406362,0
126658681,37655,5,4,953,9.53,962.53,1766683758,0
106919265,37655,5,2,2641,26.41,2667.41,1766755834,0
136534264,37655,4,3,2194,21.94,2215.94,1766818317,0
103455486,37655,3,4,780,7.8,787.8,1766857853,0
120480542,37655,3,2,1933,19.33,1952.33,1766890094,0
124917754,37655,4,2,5894,58.94,5952.94,1766923218,0
140325035,37655,3,1,23651,236.51,23887.51,1767077596,0
117677488,37655,4,4,2093,20.93,2113.93,1767124426,0
139499237,37841,1,5,93,0.93,93.93,1766778338,1
124892346,37884,1,4,112,1.12,113.12,1765113209,1
146284099,38014,2,2,66,0.66,66.66,1765094552,1
146994486,38014,2,1,408,4.08,412.08,1765908108,0
133740320,38088,2,1,106,1.06,107.06,1765543454,1
133842283,38088,3,4,186,1.86,187.86,1766170518,0
119914799,38088,5,2,420,4.2,424.2,1766577858,0
105634255,38152,3,4,286,2.86,288.86,1765129733,1
140137391,38167,5,5,697,6.97,703.97,1765892746,1
142295433,38167,5,1,359,3.59,362.59,1766124516,0
140214663,38212,5,2,186,1.86,187.86,1764759841,1
103736258,38278,4,2,291,2.91,293.91,1765780060,1
130685059,38297,5,4,413,4.13,417.13,1765370634,1
116623426,38297,4,4,185,1.85,186.85,1766297204,0
122239522,38400,1,4,260,2.6,262.6,1765111433,1
134969382,38400,2,5,611,6.11,617.11,1766385169,0
109672226,38400,5,1,288,2.88,290.88,1766472869,0
102496135,38411,5,4,140,1.4,141.4,1766856159,1
109150150,38429,5,5,1199,11.99,1210.99,1765127445,1
142390343,38457,3,2,235,2.35,237.35,1766292378,1
116745023,38457,4,5,372,3.72,375.72,1766378596,0
119644097,38457,3,4,163,1.63,164.63,1766694819,0
123350195,38462,NA,2,183,1.83,184.83,1765051395,1
139762250,38516,5,2,1266,12.66,1278.66,1765744594,1
136659676,38520,4,4,399,3.99,402.99,1765174186,1
136680513,38553,2,3,313,3.13,316.13,1765608647,1
131180929,38553,4,2,473,4.73,477.73,1765748651,0
118840721,38556,4,2,2711,27.11,2738.11,1764634739,1
149710892,38556,1,3,70218,702.18,70920.18,1764893316,0
136879742,38556,4,NA,5877,58.77,5935.77,1765719257,0
147577694,38556,2,2,1185,11.85,1196.85,1765911982,0
143411728,38556,4,5,7932,79.32,8011.32,1766092915,0
141194469,38556,2,2,2687,26.87,2713.87,1766126338,0
146658977,38556,1,4,48089,480.89,48569.89,1766275223,0
121209939,38556,5,2,2229,22.29,2251.29,1766423013,0
108809509,38556,1,4,1971,19.71,1990.71,1766430371,0
113720978,38556,5,2,3580,35.8,3615.8,1766455665,0
145932463,38556,3,5,11748,117.48,11865.48,1766767281,0
121721376,38556,2,4,2902,29.02,2931.02,1766855209,0
120562684,38556,4,NA,12296,122.96,12418.96,1767034520,0
145793944,38977,5,2,629,6.29,635.29,1766333464,1
119901103,38977,5,4,118,1.18,119.18,1766697815,0
123297204,39032,4,4,365,3.65,368.65,1766616951,1
133742499,39141,4,1,234,2.34,236.34,1764530158,1
103649887,39158,2,4,165,1.65,166.65,1764640587,1
122826633,39158,1,1,576,5.76,581.76,1765368632,0
129739350,39158,5,1,313,3.13,316.13,1766713236,0
145334815,39213,3,2,308,3.08,311.08,1765214152,1
143983017,39217,5,2,568,5.68,573.68,1765198420,1
110296715,39255,5,1,321,3.21,324.21,1766473548,1
103612049,39255,1,2,656,6.56,662.56,1766942694,0
115988736,39352,5,2,188,1.88,189.88,1765112225,1
132447269,39352,5,3,96,0.96,96.96,1766905185,0
147096554,39400,1,2,323,3.23,326.23,1766015802,1
119836091,39400,1,3,398,3.98,401.98,1766338758,0
138478600,39402,4,3,12190,121.9,12311.9,1764742905,1
100185181,39402,4,2,1351,13.51,1364.51,1765193372,0
108509809,39402,NA,2,61090,610.9,61700.9,1765516002,0
129192635,39402,5,2,6474,64.74,6538.74,1765607319,0
139703263,39402,2,2,1752,17.52,1769.52,1765904843,0
144104282,39402,2,2,12813,128.13,12941.13,1765993891,0
103065282,39402,5,2,62499,624.99,63123.99,1766040749,0
138770611,39402,1,4,3593,35.93,3628.93,1766255529,0
103341638,39402,4,5,4049,40.49,4089.49,1766537939,0
123577361,39402,5,2,1889,18.89,1907.89,1767097860,0
125235903,39593,4,3,420,4.2,424.2,1766320808,1
101307808,39611,5,2,13838,138.38,13976.38,1764570632,1
105136157,39611,4,2,4596,45.96,4641.96,1764571964,0
106198492,39611,4,5,1091,10.91,1101.91,1764781881,0
137189933,39611,1,4,2363,23.63,2386.63,1765001420,0
131862675,39611,2,4,3088,30.88,3118.88,1765133327,0
129284467,39611,2,2,3229,32.29,3261.29,1765173692,0
110776887,39611,2,4,4679,46.79,4725.79,1765474785,0
136850644,39611,3,4,1734,17.34,1751.34,1765700121,0
101389216,39611,5,1,12702,127.02,12829.02,1765705899,0
108111989,39611,4,4,15965,159.65,16124.65,1765780996,0
132416430,39611,4,2,11552,115.52,11667.52,1765827237,0
112017871,39611,3,4,3729,37.29,3766.29,1765875354,0
142717645,39611,3,4,4123,41.23,4164.23,1765975895,0
114029398,39611,4,2,1766,17.66,1783.66,1766297400,0
124060564,39611,4,2,9144,91.44,9235.44,1766645850,0
112732213,39611,3,2,3158,31.58,3189.58,1766752536,0
128483142,39611,4,1,1978,19.78,1997.78,1766789087,0
141725717,39611,3,2,16530,165.3,16695.3,1766943870,0
135573820,39611,3,3,5312,53.12,5365.12,1767012441,0
118024100,39611,5,2,3438,34.38,3472.38,1767013153,0
101317321,39611,3,2,1514,15.14,1529.14,1767115387,0
106571276,39611,5,2,12103,121.03,12224.03,1767184136,0
141951541,39638,4,4,229,2.29,231.29,1766915265,1
131417353,39754,1,5,10697,106.97,10803.97,1764657228,1
130540048,39754,1,1,19599,195.99,19794.99,1764688803,0
107058292,39754,2,4,1110,11.1,1121.1,1764784633,0
127016586,39754,3,2,3196,31.96,3227.96,1764957465,0
107072915,39754,4,2,3236,32.36,3268.36,1765176429,0
113447445,39754,5,5,2534,25.34,2559.34,1765208152,0
129231328,39754,3,4,13068,130.68,13198.68,1765456983,0
110768343,39754,5,1,6258,62.58,6320.58,1765669875,0
131914178,39754,4,5,3656,36.56,3692.56,1766060966,0
104780271,39754,1,2,2279,22.79,2301.79,1766135504,0
144793869,39754,4,2,2617,26.17,2643.17,1766270949,0
101146918,39754,1,4,7963,79.63,8042.63,1766275490,0
140250244,39754,2,4,13975,139.75,14114.75,1766337812,0
144406755,39754,2,4,56866,568.66,57434.66,1766425325,0
124086106,39754,3,2,6654,66.54,6720.54,1766573508,0
113531551,39754,4,4,5172,51.72,5223.72,1766598735,0
135527221,39754,3,4,9921,99.21,10020.21,1766628379,0
135786232,39754,5,4,15669,156.69,15825.69,1766645557,0
111784101,39754,1,2,43085,430.85,43515.85,1766807500,0
141967005,39802,2,2,154,1.54,155.54,1766654423,1
134385278,39934,3,4,283,2.83,285.83,1764573188,1
148405653,39934,3,2,470,4.7,474.7,1765262014,0
147745251,39934,2,4,360,3.6,363.6,1766060218,0
133773615,39950,4,1,203,2.03,205.03,1765174423,1
120954602,40071,3,3,154,1.54,155.54,1766112337,1
148241953,40245,5,5,381,3.81,384.81,1764699798,1
143940916,40245,5,2,564,5.64,569.64,1766372895,0
146206681,40284,3,2,18943,189.43,19132.43,1764610697,1
118379070,40284,5,2,14340,143.4,14483.4,1764679297,0
144194191,40284,4,5,2086,20.86,2106.86,1764956994,0
133534253,40284,2,2,59381,593.81,59974.81,1765162141,0
121319437,40284,3,4,3657,36.57,3693.57,1765176249,0
120735345,40284,1,4,14102,141.02,14243.02,1765334788,0
139004893,40284,2,4,53725,537.25,54262.25,1765590630,0
123688141,40284,2,2,2293,22.93,2315.93,1765607625,0
142836404,40284,1,4,6157,61.57,6218.57,1765618750,0
142765310,40284,2,2,4041,40.41,4081.41,1765914998,0
135465201,40284,5,2,1327,13.27,1340.27,1766061716,0
113632140,40284,3,5,16587,165.87,16752.87,1766599635,0
145550609,40284,3,4,2850,28.5,2878.5,1766716057,0
112387925,40284,3,NA,2836,28.36,2864.36,1766828523,0
101627709,40284,4,1,3571,35.71,3606.71,1767020767,0
103591697,40337,5,1,374,3.74,377.74,1765957131,1
140256138,40352,2,3,380,3.8,383.8,1766729958,1
138592073,40472,2,1,3248,32.48,3280.48,1764667940,1
108104554,40472,1,2,1015,10.15,1025.15,1764781963,0
106197253,40472,5,2,2220,22.2,2242.2,1764829736,0
114428157,40472,5,2,2181,21.81,2202.81,1765126968,0
149431601,40472,3,2,70783,707.83,71490.83,1765221775,0
142143353,40472,2,2,1580,15.8,1595.8,1765975482,0
145371000,40472,1,4,2970,29.7,2999.7,1766082710,0
125922532,40472,4,4,10086,100.86,10186.86,1766110149,0
103270987,40472,5,2,58721,587.21,59308.21,1766124103,0
102787798,40472,2,5,1265,12.65,1277.65,1766146122,0
138056994,40472,3,4,10792,107.92,10899.92,1766250271,0
102169823,40472,2,2,6442,64.42,6506.42,1766394660,0
139269147,40472,4,4,4023,40.23,4063.23,1766583990,0
147937777,40472,1,5,4158,41.58,4199.58,1766661365,0
147188697,40472,5,2,2738,27.38,2765.38,1766794343,0
115333567,40472,3,4,32485,324.85,32809.85,1767076695,0
145525087,40472,3,4,1781,17.81,1798.81,1767091076,0
119866706,40472,3,1,1332,13.32,1345.32,1767119196,0
143571068,40477,2,5,335,3.35,338.35,1766166913,1
101255022,40579,2,4,145,1.45,146.45,1765075103,1
146985390,40579,3,2,167,1.67,168.67,1766173646,0
115955024,40579,1,4,94,0.94,94.94,1766926367,0
132102906,40587,2,2,294,2.94,296.94,1765404429,1
113287194,40587,2,2,340,3.4,343.4,1767182660,0
148365356,40597,2,4,540,5.4,545.4,1765550293,1
110087471,40691,2,3,124,1.24,125.24,1765905350,1
132946583,40691,1,2,235,2.35,237.35,1766228447,0
135424953,40691,5,2,452,4.52,456.52,1766449456,0
119785024,40933,5,4,277,2.77,279.77,1765543182,1
127477739,40945,3,3,194,1.94,195.94,1764522248,1
129026367,41067,5,4,508,5.08,513.08,1764591336,1
118913912,41067,4,2,107,1.07,108.07,1765665787,0
110902154,41223,5,4,9326,93.26,9419.26,1764830086,1
103156951,41223,1,4,16258,162.58,16420.58,1765210981,0
131253760,41223,2,2,14208,142.08,14350.08,1765267708,0
126586135,41223,4,4,3239,32.39,3271.39,1765268800,0
106269845,41223,1,4,2930,29.3,2959.3,1766224426,0
121782202,41223,1,5,2822,28.22,2850.22,1766247303,0
103071167,41223,3,2,2551,25.51,2576.51,1766250990,0
127183553,41223,2,4,5041,50.41,5091.41,1766422890,0
134795994,41223,4,4,3252,32.52,3284.52,1766557426,0
144935222,41223,2,1,13835,138.35,13973.35,1766559137,0
117520926,41223,1,2,2692,26.92,2718.92,1766643391,0
141578179,41223,1,4,1525,15.25,1540.25,1766723135,0
129693052,41223,2,2,4003,40.03,4043.03,1767107494,0
126514149,41247,3,2,219,2.19,221.19,1765521033,1
124164777,41247,4,4,170,1.7,171.7,1767183053,0
116231427,41370,5,4,139,1.39,140.39,1765841743,1
146854079,41570,5,3,314,3.14,317.14,1765347193,1
125431443,41570,1,4,636,6.36,642.36,1766408296,0
117613957,41595,1,2,241,2.41,243.41,1766855995,1
106027505,41683,2,3,274,2.74,276.74,1765629827,1
134878063,41813,3,2,412,4.12,416.12,1766051535,1
148770478,41813,2,5,155,1.55,156.55,1766683803,0
104216432,41825,5,1,208,2.08,210.08,1764869845,1
142068526,41825,1,2,413,4.13,417.13,1764885685,0
127391396,41825,1,1,260,2.6,262.6,1766856313,0
138196315,41948,2,2,168,1.68,169.68,1765090687,1
145086954,41948,4,2,748,7.48,755.48,1766072272,0
123697456,41984,4,2,259,2.59,261.59,1765203461,1
146678974,41995,1,4,1662,16.62,1678.62,1764814278,1
112880514,41995,1,4,9928,99.28,10027.28,1764843441,0
114277208,41995,4,2,6759,67.59,6826.59,1764915845,0
100076871,41995,3,1,17086,170.86,17256.86,1765145730,0
120735223,41995,5,4,2964,29.64,2993.64,1765348367,0
121468133,41995,NA,2,13051,130.51,13181.51,1765387904,0
140949402,41995,3,4,79697,796.97,80493.97,1765455655,0
119427589,41995,2,4,7484,74.84,7558.84,1765531440,0
123187285,41995,3,4,2401,24.01,2425.01,1765645839,0
147318825,41995,2,3,12483,124.83,12607.83,1765902131,0
107219854,41995,4,2,2402,24.02,2426.02,1766038812,0
125653582,41995,4,2,970,9.7,979.7,1766077217,0
104402087,41995,1,2,1934,19.34,1953.34,1766193171,0
133231791,41995,1,2,1832,18.32,1850.32,1766259909,0
147429627,41995,1,4,2706,27.06,2733.06,1766319127,0
112024881,41995,4,2,13348,133.48,13481.48,1766440777,0
145472033,41995,1,5,16069,160.69,16229.69,1766515538,0
115336931,41995,1,4,10574,105.74,10679.74,1766731551,0
140693397,41995,3,4,2236,22.36,2258.36,1767065077,0
133582977,41995,3,2,2936,29.36,2965.36,1767117358,0
145177603,42018,4,4,260,2.6,262.6,1766847480,1
121167794,42454,2,4,248,2.48,250.48,1765629870,1
133090131,42454,2,4,302,3.02,305.02,1767145375,0
123088164,42463,1,2,143,1.43,144.43,1765819837,1
139136548,42495,3,2,352,3.52,355.52,1766737178,1
147326091,42495,3,2,184,1.84,185.84,1766910483,0
134685803,42525,5,3,252,2.52,254.52,1765022776,1
134082209,42525,2,2,160,1.6,161.6,1765467309,0
115691357,42719,4,4,432,4.32,436.32,1765371330,1
139474379,42776,5,4,177,1.77,178.77,1765386683,1
110228935,42776,3,1,424,4.24,428.24,1766408900,0
126587291,42776,5,4,649,6.49,655.49,1767128153,0
143504688,42776,5,2,831,8.31,839.31,1767161714,0
101822115,42987,5,4,1387,13.87,1400.87,1765087963,1
109007868,42987,1,2,5508,55.08,5563.08,1765128877,0
123667752,42987,3,2,1491,14.91,1505.91,1765574737,0
108134030,42987,2,2,2281,22.81,2303.81,1765608845,0
108685284,42987,5,2,2000,20,2020,1765686537,0
140345712,42987,3,2,6765,67.65,6832.65,1765872373,0
124284267,42987,1,2,38577,385.77,38962.77,1766125134,0
138101454,42987,5,2,1172,11.72,1183.72,1766164811,0
134671957,42987,3,4,17225,172.25,17397.25,1766418409,0
117688931,42987,4,4,61932,619.32,62551.32,1766573230,0
117459184,42987,5,4,74201,742.01,74943.01,1766675350,0
134747586,42987,4,4,16607,166.07,16773.07,1767077649,0
137960908,43011,3,3,198,1.98,199.98,1765516917,1
124920587,43011,2,5,274,2.74,276.74,1765606190,0
103719025,43215,1,2,224,2.24,226.24,1764656022,1
128632822,43215,5,4,277,2.77,279.77,1765559361,0
114262107,43314,5,4,14923,149.23,15072.23,1764525286,1
126133911,43314,5,2,13731,137.31,13868.31,1764754992,0
148965097,43314,3,2,848,8.48,856.48,1764784494,0
124379087,43314,4,2,1731,17.31,1748.31,1764864471,0
138500541,43314,4,5,2288,22.88,2310.88,1765119563,0
115253923,43314,2,2,93899,938.99,94837.99,1765159180,0
134705814,43314,1,2,1033,10.33,1043.33,1765297263,0
103134458,43314,5,2,1938,19.38,1957.38,1765540379,0
129062283,43314,1,2,29732,297.32,30029.32,1765820937,0
141346130,43314,5,1,2809,28.09,2837.09,1766402877,0
104606234,43314,3,3,9808,98.08,9906.08,1766460587,0
122280799,43314,1,2,3569,35.69,3604.69,1766753065,0
125536153,43314,5,4,3353,33.53,3386.53,1766972006,0
141423532,43314,2,2,17451,174.51,17625.51,1767015404,0
123474387,43314,1,2,15552,155.52,15707.52,1767164051,0
110146649,43422,1,4,206,2.06,208.06,1765648520,1
140957909,43422,NA,5,104,1.04,105.04,1766289804,0
108801446,43463,5,2,485,4.85,489.85,1765537115,1
143937596,43568,4,4,42175,421.75,42596.75,1764613091,1
131107186,43568,4,NA,1032,10.32,1042.32,1764938397,0
130133508,43568,4,5,2961,29.61,2990.61,1764957391,0
124195490,43568,3,2,2301,23.01,2324.01,1765056679,0
115365227,43568,2,2,5503,55.03,5558.03,1765129790,0
100477811,43568,2,4,1889,18.89,1907.89,1765261331,0
148069073,43568,4,4,4191,41.91,4232.91,1765473815,0
148900929,43568,4,2,4451,44.51,4495.51,1765840332,0
144825957,43568,1,2,1899,18.99,1917.99,1765904661,0
120989677,43568,1,2,14417,144.17,14561.17,1766263677,0
142999668,43568,2,2,1978,19.78,1997.78,1766491273,0
131415121,43568,1,4,2871,28.71,2899.71,1766594605,0
101080753,43568,1,4,2025,20.25,2045.25,1766731958,0
141660883,43568,2,1,27266,272.66,27538.66,1766924565,0
143317662,43568,3,NA,19915,199.15,20114.15,1767107654,0
102092654,43568,2,2,20188,201.88,20389.88,1767158651,0
145396573,43598,4,4,293,2.93,295.93,1766720151,1
103910810,43785,4,2,260,2.6,262.6,1765405343,1
109395595,43785,4,2,178,1.78,179.78,1766099438,0
141723486,43785,1,2,214,2.14,216.14,1767099222,0
107050733,43902,4,2,228,2.28,230.28,1766871903,1
139814439,44091,5,2,103,1.03,104.03,1766324514,1
130903160,44091,3,5,228,2.28,230.28,1766941486,0
103778853,44204,3,4,488,4.88,492.88,1764546632,1
113998563,44204,5,2,260,2.6,262.6,1765375480,0
116379587,44402,4,2,1231,12.31,1243.31,1765136710,1
119074421,44402,2,2,1091,10.91,1101.91,1765772536,0
103739533,44722,3,3,119,1.19,120.19,1764679265,1
102959750,45312,1,4,190,1.9,191.9,1765505231,1
122218438,45312,2,5,96,0.96,96.96,1766125954,0
132944700,45312,1,3,526,5.26,531.26,1766392311,0
109569638,45313,1,2,703,7.03,710.03,1765262535,1
128665274,45313,5,2,338,3.38,341.38,1766232021,0
114880590,45313,3,4,879,8.79,887.79,1766977970,0
136344077,45337,3,4,176,1.76,177.76,1765734763,1
125606056,45337,2,2,413,4.13,417.13,1766026622,0
101884178,45474,5,NA,15112,151.12,15263.12,1764575811,1
148448604,45474,2,5,2986,29.86,3015.86,1764678695,0
117111410,45474,4,2,2951,29.51,2980.51,1764714540,0
119917383,45474,4,2,4747,47.47,4794.47,1764852176,0
149900866,45474,1,3,5686,56.86,5742.86,1765064315,0
136963545,45474,2,4,48471,484.71,48955.71,1765261237,0
146191146,45474,1,4,3510,35.1,3545.1,1765381022,0
116158804,45474,2,5,59676,596.76,60272.76,1765667771,0
105925297,45474,2,2,2710,27.1,2737.1,1765668161,0
105484818,45474,3,2,73734,737.34,74471.34,1766020672,0
140508612,45474,4,4,10203,102.03,10305.03,1766167049,0
138952779,45474,4,5,8794,87.94,8881.94,1766386654,0
133584887,45474,3,2,2407,24.07,2431.07,1766646391,0
104028076,45474,4,NA,90327,903.27,91230.27,1766944064,0
132182047,45474,4,2,8276,82.76,8358.76,1766973968,0
136225762,45474,5,3,1126,11.26,1137.26,1767098907,0
126586334,45491,3,2,107,1.07,108.07,1765508181,1
103388088,45494,3,4,441,4.41,445.41,1765777205,1
147242893,45715,2,2,3549,35.49,3584.49,1764675293,1
125086039,45715,5,5,4315,43.15,4358.15,1764696457,0
143043576,45715,4,2,77815,778.15,78593.15,1764736122,0
125189894,45715,1,2,4077,40.77,4117.77,1764782931,0
107326930,45715,5,2,40499,404.99,40903.99,1764906680,0
145193376,45715,4,1,10622,106.22,10728.22,1764954413,0
124521015,45715,4,2,1174,11.74,1185.74,1765022472,0
136416904,45715,2,4,44693,446.93,45139.93,1765090583,0
127382389,45715,3,4,1719,17.19,1736.19,1765129921,0
100075487,45715,3,4,11887,118.87,12005.87,1765369719,0
100505652,45715,1,4,1577,15.77,1592.77,1765954185,0
108278641,45715,5,4,2060,20.6,2080.6,1766299865,0
116477985,45715,2,2,4218,42.18,4260.18,1766423118,0
114439227,45715,5,2,10456,104.56,10560.56,1766425264,0
112282233,45715,4,2,2475,24.75,2499.75,1766751496,0
108217075,45715,4,4,55119,551.19,55670.19,1766803657,0
109453569,45715,4,4,5426,54.26,5480.26,1766904197,0
124175714,45715,1,3,115448,1154.48,116602.48,1766962381,0
110039174,45715,5,4,6053,60.53,6113.53,1767099474,0
109975210,45769,1,5,559,5.59,564.59,1765163018,1
149940296,45769,2,4,230,2.3,232.3,1766593005,0
112913963,45938,2,2,160,1.6,161.6,1765701632,1
108213592,45993,2,4,5316,53.16,5369.16,1764519276,1
142361267,45993,3,4,1944,19.44,1963.44,1764792741,0
136351903,45993,4,2,2528,25.28,2553.28,1764808620,0
141401162,45993,2,4,11649,116.49,11765.49,1764915302,0
107737991,45993,5,2,4612,46.12,4658.12,1765246162,0
132239105,45993,3,2,2566,25.66,2591.66,1765554679,0
117497989,45993,5,4,921,9.21,930.21,1765559214,0
103727494,45993,5,3,10607,106.07,10713.07,1765609102,0
109444220,45993,5,4,24798,247.98,25045.98,1765779486,0
102670613,45993,3,2,11504,115.04,11619.04,1765818161,0
100968683,45993,3,1,2439,24.39,2463.39,1765818683,0
105211404,45993,2,2,9520,95.2,9615.2,1765818868,0
111870121,45993,1,3,5255,52.55,5307.55,1766365013,0
131990371,45993,4,4,1596,15.96,1611.96,1766384005,0
124169342,45993,4,4,5080,50.8,5130.8,1766413123,0
100573740,45993,5,2,5210,52.1,5262.1,1766437733,0
136805584,45993,4,4,12622,126.22,12748.22,1766486584,0
122200774,45993,3,2,1863,18.63,1881.63,1766557107,0
122102774,45993,4,4,4092,40.92,4132.92,1766658380,0
147707590,46216,5,4,711,7.11,718.11,1767077457,1
108526973,46220,5,4,142,1.42,143.42,1765043709,1
112336708,46323,1,2,104784,1047.84,105831.84,1764522417,1
142231836,46323,4,2,28244,282.44,28526.44,1764764485,0
149973552,46323,2,4,5802,58.02,5860.02,1765128298,0
117474039,46323,1,4,35075,350.75,35425.75,1765299951,0
126002503,46323,1,5,3321,33.21,3354.21,1765392513,0
110872839,46323,4,4,1997,19.97,2016.97,1765629415,0
102896037,46323,1,2,2581,25.81,2606.81,1766093042,0
125134666,46323,3,2,55435,554.35,55989.35,1766249779,0
120829619,46323,1,5,61661,616.61,62277.61,1766512854,0
116941550,46323,1,2,18454,184.54,18638.54,1766683232,0
145162388,46323,1,2,2175,21.75,2196.75,1766804805,0
131181058,46323,3,4,2694,26.94,2720.94,1766972678,0
121255371,46323,3,2,8156,81.56,8237.56,1767071261,0
145121608,46323,2,4,11381,113.81,11494.81,1767075217,0
139678725,46323,1,4,2294,22.94,2316.94,1767139813,0
112929022,46425,3,2,89436,894.36,90330.36,1764656704,1
141785924,46425,2,3,33241,332.41,33573.41,1764695499,0
108261598,46425,3,2,2614,26.14,2640.14,1765552588,0
116671991,46425,3,2,2819,28.19,2847.19,1765587832,0
118158075,46425,1,4,26221,262.21,26483.21,1765629704,0
112655936,46425,3,3,3423,34.23,3457.23,1765636495,0
122540490,46425,4,2,103537,1035.37,104572.37,1765753633,0
114208132,46425,1,2,1949,19.49,1968.49,1765822975,0
108038834,46425,4,2,4653,46.53,4699.53,1765887337,0
109581338,46425,3,4,3697,36.97,3733.97,1766050825,0
142426903,46425,3,4,7942,79.42,8021.42,1766079051,0
145106093,46425,1,4,33253,332.53,33585.53,1766329221,0
115796240,46425,5,3,104576,1045.76,105621.76,1766337368,0
142030880,46425,3,2,4073,40.73,4113.73,1766390094,0
137076022,46425,2,5,2841,28.41,2869.41,1766477987,0
113258162,46425,1,4,3234,32.34,3266.34,1766523663,0
132108349,46425,3,5,9080,90.8,9170.8,1766620209,0
101980660,46425,2,2,14171,141.71,14312.71,1766683114,0
134720292,46425,5,NA,4391,43.91,4434.91,1766716192,0
114023988,46425,NA,4,3529,35.29,3564.29,1766752742,0
103392500,46425,3,2,87287,872.87,88159.87,1767162619,0
131710193,46526,NA,4,292,2.92,294.92,1765478158,1
135132294,46526,5,3,293,2.93,295.93,1766296948,0
105007026,46734,4,3,283,2.83,285.83,1766566154,1
146726107,46766,2,1,404,4.04,408.04,1764759406,1
115280651,46766,2,1,117,1.17,118.17,1765669667,0
145249681,46766,1,4,233,2.33,235.33,1766091309,0
148700150,46817,5,2,8511,85.11,8596.11,1764590690,1
100691806,46817,3,1,3136,31.36,3167.36,1764953725,0
101715516,46817,4,3,18761,187.61,18948.61,1765096018,0
137425971,46817,2,4,5058,50.58,5108.58,1765525249,0
105190834,46817,1,2,4116,41.16,4157.16,1765952671,0
136407441,46817,5,5,2089,20.89,2109.89,1766059183,0
135655147,46817,2,4,27888,278.88,28166.88,1766090062,0
102818993,46817,3,5,2148,21.48,2169.48,1766253385,0
118953430,46817,5,4,3999,39.99,4038.99,1766428392,0
137084438,46817,4,3,81610,816.1,82426.1,1766578795,0
107448208,46817,3,2,9676,96.76,9772.76,1766772043,0
133863368,46817,4,4,1001,10.01,1011.01,1767117594,0
128226396,46826,2,4,332,3.32,335.32,1766405187,1
126430503,46866,1,5,1394,13.94,1407.94,1764763475,1
149577245,46866,1,3,4543,45.43,4588.43,1764772122,0
138871090,46866,5,4,3887,38.87,3925.87,1764849831,0
136156695,46866,5,2,12558,125.58,12683.58,1765367841,0
123841328,46866,2,2,1345,13.45,1358.45,1765560596,0
117595648,46866,5,2,893,8.93,901.93,1765587455,0
103203570,46866,1,2,1491,14.91,1505.91,1766039290,0
138352869,46866,4,4,1016,10.16,1026.16,1766062529,0
128593745,46866,1,5,1644,16.44,1660.44,1766210646,0
141267166,46866,5,4,48987,489.87,49476.87,1766509895,0
123385299,46866,4,4,5218,52.18,5270.18,1767003799,0
140397822,46866,2,2,1732,17.32,1749.32,1767093871,0
113361240,46866,2,3,16359,163.59,16522.59,1767184823,0
123153079,47053,1,2,124,1.24,125.24,1765938828,1
144298342,47053,5,4,92,0.92,92.92,1766250897,0
146158463,47053,4,3,100,1,101,1766854319,0
103464916,47282,1,5,431,4.31,435.31,1766556878,1
105105932,47366,5,3,422,4.22,426.22,1765760632,1
135039358,47517,5,4,236,2.36,238.36,1764875081,1
127964149,47517,2,3,413,4.13,417.13,1765733349,0
123069970,47596,1,5,455,4.55,459.55,1765213189,1
139000545,47596,4,NA,154,1.54,155.54,1766917409,0
103225986,47971,3,5,12735,127.35,12862.35,1764852105,1
137401232,47971,1,4,2008,20.08,2028.08,1764956263,0
114971246,47971,5,4,64696,646.96,65342.96,1765023596,0
145352340,47971,2,4,1846,18.46,1864.46,1765368822,0
115051213,47971,1,4,3987,39.87,4026.87,1765376426,0
105553695,47971,1,5,9752,97.52,9849.52,1765852880,0
147604730,47971,3,2,1477,14.77,1491.77,1765880058,0
149643823,47971,2,4,11935,119.35,12054.35,1766040388,0
100044403,47971,4,2,35645,356.45,36001.45,1766423065,0
127166823,47971,5,3,3132,31.32,3163.32,1766613390,0
133691206,47971,3,3,2405,24.05,2429.05,1766750551,0
110423857,47971,1,2,2413,24.13,2437.13,1766771999,0
127076964,47971,4,4,63342,633.42,63975.42,1766816350,0
100913638,47971,2,3,9553,95.53,9648.53,1766914374,0
126728372,48081,3,4,117,1.17,118.17,1766252922,1
112361243,48112,3,4,174,1.74,175.74,1766080052,1
134238177,48112,4,1,136,1.36,137.36,1766724466,0
101869210,48203,3,2,153,1.53,154.53,1766436892,1
141323483,48204,2,2,62237,622.37,62859.37,1764655583,1
127793865,48204,3,2,15337,153.37,15490.37,1764702340,0
115107417,48204,5,4,4806,48.06,4854.06,1765284194,0
135392961,48204,3,4,2686,26.86,2712.86,1765560758,0
141613338,48204,4,5,1324,13.24,1337.24,1766294584,0
147703593,48204,4,4,13724,137.24,13861.24,1766473759,0
112420787,48204,3,2,3294,32.94,3326.94,1766580038,0
105467817,48204,5,4,3257,32.57,3289.57,1766730456,0
133316815,48204,2,1,40742,407.42,41149.42,1766769955,0
131592203,48204,5,2,10573,105.73,10678.73,1766923640,0
106249501,48204,1,2,52261,522.61,52783.61,1766943134,0
143906562,48204,2,2,79981,799.81,80780.81,1766944265,0
100955349,48331,1,4,22851,228.51,23079.51,1765175457,1
122215044,48331,2,4,1659,16.59,1675.59,1765190787,0
128455559,48331,2,4,1751,17.51,1768.51,1765289068,0
139246241,48331,3,4,840,8.4,848.4,1765640246,0
102432258,48331,1,3,1135,11.35,1146.35,1765643473,0
107257314,48331,3,2,1216,12.16,1228.16,1765659441,0
144660519,48331,1,NA,3637,36.37,3673.37,1765945990,0
125105287,48331,3,4,2711,27.11,2738.11,1766039461,0
116603724,48331,2,2,14390,143.9,14533.9,1766099084,0
116728777,48331,5,2,27701,277.01,27978.01,1766253517,0
112168617,48331,5,4,15020,150.2,15170.2,1766608154,0
137251379,48331,3,2,60744,607.44,61351.44,1766624728,0
137946208,48331,4,4,94246,942.46,95188.46,1766995446,0
133565440,48331,2,4,14725,147.25,14872.25,1767030317,0
124967073,48331,1,2,90896,908.96,91804.96,1767101786,0
116155981,48651,3,4,337,3.37,340.37,1765253098,1
125213342,48693,2,5,67914,679.14,68593.14,1764782122,1
104595711,48693,2,3,21975,219.75,22194.75,1765130487,0
140671078,48693,1,2,2150,21.5,2171.5,1765208251,0
112122207,48693,1,2,3205,32.05,3237.05,1765389428,0
102200882,48693,2,4,66189,661.89,66850.89,1765420372,0
147989563,48693,2,5,9498,94.98,9592.98,1765485842,0
101688339,48693,4,2,1174,11.74,1185.74,1765918347,0
149683611,48693,2,5,13008,130.08,13138.08,1766040285,0
105137220,48693,5,4,4555,45.55,4600.55,1766377865,0
123899136,48693,3,2,2870,28.7,2898.7,1766439933,0
130749276,48693,1,5,48959,489.59,49448.59,1766470556,0
109912329,48693,1,4,3971,39.71,4010.71,1766521594,0
111718922,48693,4,4,63759,637.59,64396.59,1766551120,0
135030513,48693,2,2,2829,28.29,2857.29,1766798952,0
144891814,48693,5,1,2785,27.85,2812.85,1766817834,0
115587286,48693,5,1,38398,383.98,38781.98,1766838667,0
118979266,48693,4,4,5855,58.55,5913.55,1767035245,0
116934838,48693,5,4,1021,10.21,1031.21,1767115195,0
117730164,48693,4,2,2505,25.05,2530.05,1767161005,0
106527605,48699,5,3,161,1.61,162.61,1766512995,1
112265513,48700,3,2,3349,33.49,3382.49,1764572306,1
138427548,48700,NA,2,1259,12.59,1271.59,1764751609,0
125967530,48700,NA,2,2440,24.4,2464.4,1764909773,0
149534036,48700,1,2,28090,280.9,28370.9,1765095857,0
128184391,48700,1,2,46816,468.16,47284.16,1765282666,0
124888972,48700,4,4,14599,145.99,14744.99,1765392588,0
119375905,48700,4,2,69955,699.55,70654.55,1765474467,0
119657548,48700,3,4,3572,35.72,3607.72,1765541480,0
101618270,48700,3,2,1264,12.64,1276.64,1765606629,0
128438766,48700,1,4,11921,119.21,12040.21,1765700696,0
143259843,48700,4,4,49570,495.7,50065.7,1765705766,0
141669557,48700,3,4,23662,236.62,23898.62,1765818637,0
108402424,48700,1,3,86735,867.35,87602.35,1765906880,0
107335830,48700,3,4,8272,82.72,8354.72,1766210891,0
128289804,48700,4,5,3148,31.48,3179.48,1766315775,0
138337673,48700,5,3,24903,249.03,25152.03,1766347048,0
133580521,48700,3,3,13567,135.67,13702.67,1766501512,0
144870812,48700,1,2,3738,37.38,3775.38,1766600188,0
127341432,48700,3,3,2870,28.7,2898.7,1766855935,0
124496774,48700,1,2,3225,32.25,3257.25,1766945209,0
120074407,48700,2,4,63478,634.78,64112.78,1767008306,0
143925061,48700,4,NA,2184,21.84,2205.84,1767017000,0
140325726,48700,1,4,3913,39.13,3952.13,1767029715,0
127065392,48700,3,2,7161,71.61,7232.61,1767096914,0
146538159,48813,1,1,124,1.24,125.24,1766577888,1
148478222,48827,4,4,846,8.46,854.46,1764526410,1
119512981,48827,3,1,452,4.52,456.52,1766511447,0
130239313,48840,4,2,640,6.4,646.4,1764578791,1
117241156,48840,5,4,113,1.13,114.13,1766266534,0
105629047,48851,2,2,234,2.34,236.34,1764744805,1
116663223,48851,2,2,450,4.5,454.5,1765801117,0
135616355,48940,1,5,397,3.97,400.97,1765976280,1
139446066,49118,2,4,126,1.26,127.26,1765562081,1
114388567,49118,4,1,278,2.78,280.78,1766124295,0
126046817,49139,1,5,184,1.84,185.84,1765647683,1
145902545,49139,3,4,126,1.26,127.26,1766161182,0
123223518,49173,5,4,569,5.69,574.69,1765174632,1
127553844,49201,4,2,490,4.9,494.9,1764856296,1
117955353,49201,2,4,424,4.24,428.24,1767146767,0
148258194,49216,1,4,575,5.75,580.75,1764744959,1
122207105,49216,5,3,120,1.2,121.2,1764829758,0
110957001,49216,4,4,163,1.63,164.63,1765502611,0
101608072,49216,2,3,110,1.1,111.1,1765590000,0
104554000,49216,3,1,250,2.5,252.5,1765692796,0
141862038,49227,5,2,364,3.64,367.64,1765540911,1
113026932,49264,4,3,410,4.1,414.1,1766424258,1
127694293,49264,NA,3,580,5.8,585.8,1767018545,0
147244016,49287,5,5,202,2.02,204.02,1765455834,1
127091162,49355,2,2,485,4.85,489.85,1765741635,1
102729373,49355,5,3,489,4.89,493.89,1765783716,0
129054253,49355,3,3,375,3.75,378.75,1766421827,0
137991713,49355,3,2,623,6.23,629.23,1766426078,0
149423317,49355,3,5,150,1.5,151.5,1766879413,0
141660935,49355,1,2,533,5.33,538.33,1766942375,0
129411285,49364,1,2,599,5.99,604.99,1764764368,1
109959743,49364,1,2,300,3,303,1765247626,0
132900507,49393,1,2,111,1.11,112.11,1764728537,1
106154392,49506,5,2,480,4.8,484.8,1766424610,1
136701454,49691,4,2,215,2.15,217.15,1764658438,1
140453950,49691,4,2,274,2.74,276.74,1765043121,0
140606653,49691,3,4,102,1.02,103.02,1765347215,0
129959123,49691,1,2,298,2.98,300.98,1765350512,0
116815514,49691,5,4,149,1.49,150.49,1767115266,0
146939627,49928,3,2,20714,207.14,20921.14,1764593778,1
131973043,49928,3,5,5670,56.7,5726.7,1764774496,0
113229060,49928,3,4,956,9.56,965.56,1764784622,0
137813003,49928,3,3,4470,44.7,4514.7,1764812533,0
126475781,49928,5,2,2566,25.66,2591.66,1764853577,0
108574740,49928,1,2,3318,33.18,3351.18,1764869694,0
131104054,49928,2,5,6468,64.68,6532.68,1765189657,0
134672665,49928,1,4,3792,37.92,3829.92,1765954409,0
147715825,49928,2,2,4371,43.71,4414.71,1765973506,0
119061835,49928,1,2,63464,634.64,64098.64,1766022292,0
106290647,49928,4,2,24235,242.35,24477.35,1766487393,0
136464817,49928,5,2,76768,767.68,77535.68,1766507893,0
141662447,49928,2,4,2718,27.18,2745.18,1766519803,0
130443433,49928,2,2,3323,33.23,3356.23,1766740097,0
118877940,49928,5,4,44522,445.22,44967.22,1766769515,0
118791751,49928,2,4,3422,34.22,3456.22,1766813285,0
132678803,49928,2,4,1980,19.8,1999.8,1766975069,0
132829690,49928,2,2,3580,35.8,3615.8,1767040647,0
148151740,49928,2,5,17716,177.16,17893.16,1767135977,0
116425115,49928,1,2,2304,23.04,2327.04,1767185937,0
143355049,50082,2,2,3625,36.25,3661.25,1764851236,1
132784742,50082,4,4,53335,533.35,53868.35,1764966290,0
101447469,50082,1,5,42099,420.99,42519.99,1765089227,0
136435207,50082,5,4,5335,53.35,5388.35,1765148470,0
144065995,50082,5,5,1803,18.03,1821.03,1765371151,0
124953532,50082,5,2,1370,13.7,1383.7,1765371220,0
116387034,50082,2,2,50329,503.29,50832.29,1765407761,0
123750851,50082,3,4,3877,38.77,3915.77,1765409002,0
117690545,50082,3,2,15125,151.25,15276.25,1765469341,0
148365514,50082,4,5,4247,42.47,4289.47,1765878181,0
148143640,50082,1,4,8320,83.2,8403.2,1765941728,0
111113378,50082,2,2,2231,22.31,2253.31,1766250292,0
128006992,50082,2,2,6186,61.86,6247.86,1766578930,0
135318398,50082,1,2,3165,31.65,3196.65,1766825939,0
116456015,50082,1,4,1769,17.69,1786.69,1766926035,0
134481893,50082,2,2,3531,35.31,3566.31,1766946244,0
143499411,50082,1,4,3784,37.84,3821.84,1767152671,0
147742866,50150,1,1,276,2.76,278.76,1765022430,1
116945791,50208,5,4,213,2.13,215.13,1766758543,1
125212015,50208,2,2,621,6.21,627.21,1767148314,0
126270243,50226,2,2,452,4.52,456.52,1764744990,1
149637155,50250,4,5,135,1.35,136.35,1766198884,1
141628130,50286,5,4,641,6.41,647.41,1766370813,1
149268802,50286,5,1,163,1.63,164.63,1766768805,0
123049811,50302,3,2,292,2.92,294.92,1764602239,1
129700874,50302,4,4,125,1.25,126.25,1764898042,0
100236543,50310,5,1,209,2.09,211.09,1765023812,1
135252852,50310,3,3,165,1.65,166.65,1765347240,0
113961336,50390,2,4,207,2.07,209.07,1765571049,1
132776744,50390,4,2,93,0.93,93.93,1765937917,0
116670045,50390,NA,2,197,1.97,198.97,1766658931,0
130312236,50390,2,5,124,1.24,125.24,1766904708,0
148215256,50444,4,4,255,2.55,257.55,1764583553,1
149328908,50444,2,5,239,2.39,241.39,1766173259,0
114922980,50587,2,4,264,2.64,266.64,1765002873,1
100193896,50587,4,4,354,3.54,357.54,1766023201,0
128518990,50726,4,2,2994,29.94,3023.94,1764590739,1
109279135,50726,4,5,22218,222.18,22440.18,1764599161,0
123022995,50726,4,2,9728,97.28,9825.28,1764936214,0
127388613,50726,1,4,47060,470.6,47530.6,1765098823,0
102249570,50726,4,2,120624,1206.24,121830.24,1765129246,0
133568308,50726,1,2,4584,45.84,4629.84,1765205577,0
147573416,50726,4,4,7303,73.03,7376.03,1765350505,0
137438673,50726,5,2,1392,13.92,1405.92,1765433679,0
143195983,50726,4,2,2337,23.37,2360.37,1765543198,0
146131472,50726,5,4,3291,32.91,3323.91,1766036937,0
136449331,50726,5,2,8993,89.93,9082.93,1766291447,0
111722265,50726,4,4,101227,1012.27,102239.27,1766383630,0
142608394,50726,2,2,4028,40.28,4068.28,1766566522,0
100902103,50726,4,3,74634,746.34,75380.34,1766753317,0
123626775,50726,3,2,49917,499.17,50416.17,1766769915,0
134780113,50726,3,5,83624,836.24,84460.24,1767185051,0
116915459,50873,4,4,239,2.39,241.39,1766685167,1
138533234,50960,1,1,130,1.3,131.3,1764888251,1
119589284,50960,1,4,294,2.94,296.94,1766372434,0
106832307,50966,2,4,620,6.2,626.2,1765129657,1
108782159,50966,2,2,393,3.93,396.93,1767171917,0
120995056,50974,2,1,183,1.83,184.83,1765905133,1
135551437,50974,2,2,309,3.09,312.09,1767028719,0
121988476,51059,4,5,376,3.76,379.76,1766491897,1
112383729,51059,1,4,184,1.84,185.84,1766524150,0
130685526,51059,1,1,259,2.59,261.59,1767012526,0
121727108,51120,1,4,274,2.74,276.74,1765003802,1
120358029,51120,1,2,264,2.64,266.64,1765554190,0
130489776,51120,3,4,427,4.27,431.27,1767182254,0
123333040,51169,1,1,383,3.83,386.83,1764744445,1
123650067,51279,4,2,11448,114.48,11562.48,1764611603,1
138651788,51279,2,5,3628,36.28,3664.28,1764830997,0
134979405,51279,4,4,2423,24.23,2447.23,1764916571,0
118429979,51279,1,5,36436,364.36,36800.36,1765022430,0
137791539,51279,3,2,19345,193.45,19538.45,1765166933,0
110856096,51279,3,2,17737,177.37,17914.37,1765798137,0
115268439,51279,4,4,49025,490.25,49515.25,1765955036,0
146206014,51279,2,2,1506,15.06,1521.06,1766126866,0
126415441,51279,5,1,12487,124.87,12611.87,1766147062,0
144985139,51279,5,4,18374,183.74,18557.74,1766212001,0
136339429,51279,5,4,2301,23.01,2324.01,1766233789,0
131915672,51279,2,4,4300,43,4343,1766359372,0
116526234,51279,3,2,3025,30.25,3055.25,1766426307,0
112960114,51279,1,4,73478,734.78,74212.78,1766607651,0
115118031,51279,5,2,1256,12.56,1268.56,1766645717,0
145399822,51279,5,4,2977,29.77,3006.77,1766818121,0
134090674,51279,2,2,2543,25.43,2568.43,1766923426,0
131337203,51279,2,2,91529,915.29,92444.29,1767183570,0
146891683,51279,4,1,4522,45.22,4567.22,1767183822,0
101129237,51306,2,2,326,3.26,329.26,1764945356,1
149447447,51431,NA,1,948,9.48,957.48,1766941901,1
102501624,51450,1,3,306,3.06,309.06,1766617207,1
107834256,51486,1,2,166,1.66,167.66,1766472624,1
111538674,51829,2,2,115,1.15,116.15,1764936578,1
107778387,51975,2,2,285,2.85,287.85,1765732126,1
125836684,51975,1,2,106,1.06,107.06,1766309887,0
123814807,51975,4,5,334,3.34,337.34,1766838237,0
127275726,52018,2,1,132,1.32,133.32,1765656744,1
130685689,52018,2,5,340,3.4,343.4,1766754399,0
133031972,52018,4,2,189,1.89,190.89,1767070379,0
126706552,52051,2,3,424,4.24,428.24,1766818762,1
102277605,52051,3,1,260,2.6,262.6,1766977765,0
133449112,52281,2,2,105,1.05,106.05,1764742114,1
135750434,52281,4,2,304,3.04,307.04,1766202016,0
126472212,52281,1,2,395,3.95,398.95,1766339963,0
108499848,52315,2,2,3603,36.03,3639.03,1764722776,1
141120092,52315,5,4,2141,21.41,2162.41,1764764464,0
128855770,52315,5,4,9755,97.55,9852.55,1764939456,0
134940141,52315,2,1,2562,25.62,2587.62,1765176788,0
133415843,52315,5,4,1489,14.89,1503.89,1765368717,0
129182682,52315,2,3,1287,12.87,1299.87,1765433966,0
132143831,52315,4,4,7402,74.02,7476.02,1765560135,0
129384286,52315,5,2,3456,34.56,3490.56,1766096555,0
136334805,52315,1,2,2161,21.61,2182.61,1766109596,0
104455726,52315,5,4,43388,433.88,43821.88,1766298577,0
111009029,52315,2,4,2221,22.21,2243.21,1766546567,0
129798999,52315,5,NA,1200,12,1212,1766774384,0
123726293,52315,1,4,715,7.15,722.15,1766818186,0
141636149,52315,NA,4,40001,400.01,40401.01,1766857140,0
129743799,52315,4,2,18023,180.23,18203.23,1766944281,0
142293361,52315,4,5,3640,36.4,3676.4,1766949184,0
105382912,52315,1,5,1760,17.6,1777.6,1767010880,0
119110330,52445,4,3,346,3.46,349.46,1765542753,1
139536503,52445,1,4,399,3.99,402.99,1765862530,0
133601591,52445,4,2,321,3.21,324.21,1766598522,0
103475697,52488,4,5,150,1.5,151.5,1766061512,1
133567151,52494,4,2,359,3.59,362.59,1765132587,1
109924265,52494,5,5,210,2.1,212.1,1766235592,0
120010999,52525,1,2,164,1.64,165.64,1767116589,1
144347967,52659,1,1,97,0.97,97.97,1765301843,1
139683734,52923,4,2,4173,41.73,4214.73,1764556856,1
107450297,52923,5,4,22296,222.96,22518.96,1764741546,0
113946356,52923,2,2,56760,567.6,57327.6,1764790812,0
134793063,52923,5,4,4080,40.8,4120.8,1764799396,0
117678393,52923,5,4,24385,243.85,24628.85,1764831240,0
108057474,52923,1,2,2037,20.37,2057.37,1765021796,0
112573260,52923,1,2,13143,131.43,13274.43,1765248274,0
119993684,52923,2,3,11126,111.26,11237.26,1765288321,0
110397655,52923,2,4,32381,323.81,32704.81,1765435466,0
107268999,52923,4,2,821,8.21,829.21,1765569354,0
144444336,52923,2,2,2951,29.51,2980.51,1765645271,0
119003439,52923,3,4,3190,31.9,3221.9,1765769867,0
109047282,52923,4,2,5809,58.09,5867.09,1765991468,0
123019639,52923,3,4,9560,95.6,9655.6,1766004853,0
119080362,52923,NA,4,9944,99.44,10043.44,1766570206,0
138036515,52923,5,4,5686,56.86,5742.86,1766943675,0
145574274,52940,3,4,104,1.04,105.04,1766286931,1
107337927,52986,5,3,153,1.53,154.53,1765263566,1
107536737,53123,2,4,76,0.76,76.76,1766752987,1
112018475,53151,4,1,319,3.19,322.19,1765608844,1
108200962,53155,4,2,307,3.07,310.07,1764953078,1
106529602,53185,4,4,914,9.14,923.14,1765863793,1
122631938,53185,2,3,436,4.36,440.36,1767183030,0
108025838,53298,2,4,367,3.67,370.67,1765386517,1
141600895,53298,5,5,316,3.16,319.16,1766146043,0
110325464,53318,4,5,1183,11.83,1194.83,1766337255,1
105581568,53330,1,1,156,1.56,157.56,1766424874,1
123327854,53330,5,1,231,2.31,233.31,1766588558,0
134649419,53330,2,5,170,1.7,171.7,1766728697,0
138149043,53411,3,2,3769,37.69,3806.69,1764674790,1
135796740,53411,4,4,4312,43.12,4355.12,1764679691,0
140751688,53411,2,5,78246,782.46,79028.46,1764782043,0
132792551,53411,5,5,1871,18.71,1889.71,1764894992,0
119444902,53411,4,4,4572,45.72,4617.72,1764996770,0
144756936,53411,2,2,34151,341.51,34492.51,1765002613,0
102386091,53411,1,4,4783,47.83,4830.83,1765153149,0
142104658,53411,4,4,10474,104.74,10578.74,1765301019,0
110331644,53411,1,2,12148,121.48,12269.48,1765594465,0
145958217,53411,2,2,3425,34.25,3459.25,1765694084,0
121632549,53411,1,2,25052,250.52,25302.52,1765780972,0
145576751,53411,2,2,8639,86.39,8725.39,1766113675,0
105762757,53411,4,1,61156,611.56,61767.56,1766224968,0
101315382,53411,3,4,1118,11.18,1129.18,1766546546,0
139460516,53411,1,5,3344,33.44,3377.44,1766819794,0
145575925,53411,1,2,1954,19.54,1973.54,1766856619,0
116328222,53411,4,5,5911,59.11,5970.11,1766986955,0
129141716,53461,5,5,322,3.22,325.22,1765406559,1
125036994,53477,4,4,396,3.96,399.96,1765787179,1
126399856,53522,1,4,190,1.9,191.9,1764917050,1
139206049,53522,1,5,788,7.88,795.88,1765388074,0
129217385,53525,3,2,569,5.69,574.69,1765142038,1
118071185,53525,4,2,217,2.17,219.17,1766099890,0
145654643,53612,5,4,913,9.13,922.13,1764582659,1
139287323,53612,4,5,140,1.4,141.4,1765715721,0
137141067,53682,3,2,381,3.81,384.81,1765972883,1
146125332,53682,2,4,176,1.76,177.76,1766078632,0
149644037,54028,1,4,187,1.87,188.87,1766055510,1
111954261,54028,5,4,791,7.91,798.91,1766579064,0
104152079,54029,2,4,131,1.31,132.31,1764921864,1
129375449,54147,5,4,13740,137.4,13877.4,1764816903,1
147639898,54147,2,4,3274,32.74,3306.74,1764818289,0
142835185,54147,3,2,10350,103.5,10453.5,1765078354,0
128266918,54147,1,2,2288,22.88,2310.88,1765349803,0
100504523,54147,3,4,12807,128.07,12935.07,1765532769,0
129564746,54147,3,2,31292,312.92,31604.92,1765814695,0
134155680,54147,5,1,1495,14.95,1509.95,1765866244,0
104732337,54147,5,4,88196,881.96,89077.96,1765867236,0
142381984,54147,3,4,11321,113.21,11434.21,1765953623,0
117196835,54147,1,4,20055,200.55,20255.55,1766124649,0
114872053,54147,3,2,56307,563.07,56870.07,1766171480,0
123288287,54147,3,2,1094,10.94,1104.94,1766252065,0
138929157,54147,NA,4,4871,48.71,4919.71,1766479610,0
134989614,54147,5,4,76668,766.68,77434.68,1766551575,0
138914267,54147,1,2,63759,637.59,64396.59,1766558366,0
149408444,54147,5,4,2756,27.56,2783.56,1766750962,0
105164378,54147,1,4,22673,226.73,22899.73,1766786135,0
103855963,54147,3,5,92993,929.93,93922.93,1767104127,0
102794362,54433,2,2,5100,51,5151,1764524821,1
118030425,54433,2,2,12734,127.34,12861.34,1765172505,0
129570449,54433,1,3,3499,34.99,3533.99,1765295844,0
129933425,54433,3,2,3001,30.01,3031.01,1765307683,0
120743884,54433,3,2,12573,125.73,12698.73,1765520076,0
146435536,54433,3,4,1069,10.69,1079.69,1765694514,0
149286283,54433,3,5,2863,28.63,2891.63,1766034033,0
114713748,54433,2,4,6988,69.88,7057.88,1766101328,0
130067834,54433,2,4,896,8.96,904.96,1766163823,0
130749769,54433,5,2,13228,132.28,13360.28,1766583869,0
124335193,54433,3,2,4115,41.15,4156.15,1766658852,0
115195871,54433,2,4,3728,37.28,3765.28,1766750670,0
120971971,54433,2,4,2620,26.2,2646.2,1766892823,0
101520865,54433,3,2,10651,106.51,10757.51,1767012795,0
124169276,54546,5,1,497,4.97,501.97,1765211577,1
109990524,54546,NA,4,381,3.81,384.81,1765965359,0
122064949,54546,4,2,839,8.39,847.39,1766454275,0
138492539,54546,5,NA,308,3.08,311.08,1766501261,0
148979510,54636,1,3,314,3.14,317.14,1766596938,1
124979754,54636,2,3,415,4.15,419.15,1767188044,0
144274243,54691,4,2,573,5.73,578.73,1764571531,1
109978681,54691,1,2,269,2.69,271.69,1764793931,0
142960383,54738,4,2,100299,1002.99,101301.99,1764523037,1
133382342,54738,3,4,46806,468.06,47274.06,1764829057,0
101010387,54738,1,2,3498,34.98,3532.98,1764868404,0
138108377,54738,4,1,21276,212.76,21488.76,1764936839,0
117634378,54738,2,4,1088,10.88,1098.88,1765274806,0
134118031,54738,5,4,3425,34.25,3459.25,1765658994,0
136253575,54738,1,NA,2943,29.43,2972.43,1765693538,0
124128923,54738,3,1,4451,44.51,4495.51,1765818196,0
117310806,54738,5,4,1299,12.99,1311.99,1766039056,0
102348116,54738,3,4,10247,102.47,10349.47,1766190947,0
124104874,54738,4,4,12133,121.33,12254.33,1766298525,0
105339497,54738,5,3,4151,41.51,4192.51,1766412757,0
108163844,54738,3,2,7793,77.93,7870.93,1766463564,0
113001539,54738,4,2,13783,137.83,13920.83,1766603974,0
136257913,54738,1,4,4122,41.22,4163.22,1767100482,0
116558186,54738,3,3,3967,39.67,4006.67,1767117282,0
146818441,54844,2,4,136,1.36,137.36,1765054824,1
131208330,54844,5,2,333,3.33,336.33,1765428970,0
118677982,54888,5,1,187,1.87,188.87,1767038442,1
148286915,54888,3,4,482,4.82,486.82,1767096778,0
107770138,54969,1,2,195,1.95,196.95,1764654515,1
138071921,54969,4,2,226,2.26,228.26,1764664709,0
135861635,54977,4,NA,162,1.62,163.62,1765865552,1
146153275,55172,3,2,198,1.98,199.98,1766680295,1
146771105,55172,4,4,173,1.73,174.73,1766792800,0
115965688,55365,1,2,170,1.7,171.7,1764914675,1
129645597,55365,5,4,225,2.25,227.25,1766569613,0
104127120,55474,3,4,263,2.63,265.63,1764559104,1
136427882,55545,2,5,445,4.45,449.45,1764869159,1
138447102,55545,5,2,174,1.74,175.74,1766989743,0
147549849,55545,5,4,845,8.45,853.45,1767020555,0
130499998,55622,5,4,3922,39.22,3961.22,1764599953,1
127806388,55622,4,1,90750,907.5,91657.5,1764747923,0
124254527,55622,5,2,6928,69.28,6997.28,1764817642,0
124689488,55622,4,4,3729,37.29,3766.29,1764927571,0
108131306,55622,4,2,3087,30.87,3117.87,1765617060,0
120789155,55622,1,4,2064,20.64,2084.64,1765951822,0
136902441,55622,1,4,6305,63.05,6368.05,1766389037,0
115439538,55622,5,5,3497,34.97,3531.97,1766512731,0
139365567,55622,1,2,3651,36.51,3687.51,1766551572,0
109404639,55622,1,4,1903,19.03,1922.03,1766556304,0
140808090,55622,4,2,1741,17.41,1758.41,1766728607,0
120374960,55622,5,2,3171,31.71,3202.71,1766989000,0
141564161,55812,2,1,83,0.83,83.83,1765479373,1
135215232,55822,2,2,234,2.34,236.34,1766215680,1
104188795,55869,5,4,329,3.29,332.29,1766443916,1
104493462,55912,4,4,371,3.71,374.71,1764697941,1
143793968,56045,3,4,768,7.68,775.68,1764570426,1
107570335,56045,4,4,510,5.1,515.1,1767119167,0
120131345,56086,3,2,126,1.26,127.26,1765030429,1
142495283,56086,4,4,224,2.24,226.24,1765361727,0
130660834,56086,4,4,130,1.3,131.3,1765493716,0
112595112,56177,3,4,84,0.84,84.84,1765070330,1
112938982,56177,1,3,72,0.72,72.72,1766926669,0
134792847,56257,4,4,252,2.52,254.52,1765267361,1
143577007,56296,5,2,444,4.44,448.44,1767115722,1
134066566,56384,1,4,168,1.68,169.68,1766124851,1
107941566,56496,3,4,341,3.41,344.41,1766117833,1
112407971,56671,2,4,325,3.25,328.25,1764869230,1
129389831,56688,3,4,216,2.16,218.16,1765628449,1
112113282,56801,1,5,265,2.65,267.65,1767115531,1
137883945,56832,1,2,168,1.68,169.68,1765392449,1
139542827,56832,3,4,596,5.96,601.96,1765628099,0
107063746,56832,5,NA,380,3.8,383.8,1766989338,0
145525688,56881,1,5,216,2.16,218.16,1764883704,1
113956867,56881,1,5,190,1.9,191.9,1766148009,0
110772651,56928,1,1,415,4.15,419.15,1766425009,1
104717829,57130,5,4,1732,17.32,1749.32,1764744347,1
133650220,57130,4,4,38901,389.01,39290.01,1764931186,0
100009796,57130,5,4,2868,28.68,2896.68,1765023405,0
149006873,57130,5,4,12022,120.22,12142.22,1765126328,0
100335248,57130,1,2,8197,81.97,8278.97,1765630759,0
105373724,57130,5,5,9398,93.98,9491.98,1765800778,0
131794180,57130,1,2,11457,114.57,11571.57,1765867615,0
131654933,57130,5,2,1306,13.06,1319.06,1766299293,0
118027158,57130,3,1,1992,19.92,2011.92,1766470004,0
102689160,57130,3,2,6796,67.96,6863.96,1766597653,0
147421514,57130,3,2,1043,10.43,1053.43,1766701041,0
123001151,57238,3,2,122,1.22,123.22,1766470090,1
107596040,57258,2,5,137,1.37,138.37,1764972757,1
149752551,57258,2,1,350,3.5,353.5,1766730493,0
101192083,57258,1,2,131,1.31,132.31,1766805961,0
115922844,57302,5,2,3430,34.3,3464.3,1764609612,1
128367930,57302,1,2,4525,45.25,4570.25,1764771472,0
134300290,57302,3,4,46177,461.77,46638.77,1764821179,0
135842083,57302,1,2,16660,166.6,16826.6,1765733716,0
118912396,57302,4,2,15183,151.83,15334.83,1765918160,0
142210279,57302,1,4,21182,211.82,21393.82,1766097368,0
140239275,57302,2,4,3538,35.38,3573.38,1766152285,0
145965762,57302,5,5,45949,459.49,46408.49,1766231683,0
145947497,57302,5,2,2075,20.75,2095.75,1766617503,0
134807207,57302,5,2,56181,561.81,56742.81,1766739412,0
109241464,57491,4,2,514,5.14,519.14,1766191264,1
107752988,57499,4,2,203,2.03,205.03,1764885677,1
149078453,57499,5,3,92,0.92,92.92,1765450418,0
127048972,57499,3,4,277,2.77,279.77,1766685191,0
121828549,57728,5,4,1204,12.04,1216.04,1764631193,1
125881878,57728,1,5,14989,149.89,15138.89,1764678064,0
136387961,57728,3,4,1706,17.06,1723.06,1764852963,0
127451244,57728,4,2,1701,17.01,1718.01,1765001286,0
136342318,57728,3,2,25401,254.01,25655.01,1765110125,0
121572029,57728,2,2,4451,44.51,4495.51,1765283957,0
138999937,57728,2,4,6702,67.02,6769.02,1765387966,0
106422095,57728,2,3,33769,337.69,34106.69,1765390320,0
103862755,57728,1,1,16180,161.8,16341.8,1765456504,0
124892359,57728,2,2,2204,22.04,2226.04,1765628286,0
107921304,57728,5,2,2884,28.84,2912.84,1765693444,0
136750700,57728,5,4,2018,20.18,2038.18,1765937481,0
140973494,57728,5,4,2707,27.07,2734.07,1766037618,0
122201597,57728,2,2,46466,464.66,46930.66,1766098777,0
145596884,57728,3,5,37487,374.87,37861.87,1766122576,0
114665117,57728,3,2,1029,10.29,1039.29,1766164975,0
128081563,57728,5,2,22858,228.58,23086.58,1766224063,0
102738166,57728,2,2,6515,65.15,6580.15,1766253278,0
144287194,57728,5,4,10222,102.22,10324.22,1766297552,0
139530672,57728,1,2,1913,19.13,1932.13,1766321722,0
101954955,57728,3,3,9484,94.84,9578.84,1766336514,0
144697318,57728,4,2,79379,793.79,80172.79,1766666895,0
122567517,57728,2,NA,6406,64.06,6470.06,1767101194,0
143232350,57728,1,2,6124,61.24,6185.24,1767182844,0
130131103,57801,5,4,321,3.21,324.21,1764610766,1
115772146,57801,3,3,177,1.77,178.77,1765989911,0
132415522,57801,1,4,304,3.04,307.04,1766903771,0
100397924,57850,3,4,668,6.68,674.68,1767043893,1
126701911,57855,5,3,241,2.41,243.41,1766298774,1
139149935,57911,3,5,645,6.45,651.45,1764524331,1
128208717,57911,4,2,262,2.62,264.62,1764889995,0
123006482,57911,5,3,286,2.86,288.86,1765043065,0
136390421,58125,3,5,394,3.94,397.94,1765388453,1
130431249,58125,1,1,365,3.65,368.65,1767030448,0
127191134,58125,2,2,138,1.38,139.38,1767048294,0
148899298,58176,1,NA,398,3.98,401.98,1765802323,1
142428714,58176,1,2,189,1.89,190.89,1766482334,0
132544627,58176,2,2,343,3.43,346.43,1766488713,0
128075299,58312,4,4,418,4.18,422.18,1766621440,1
146198694,58348,2,4,646,6.46,652.46,1765196106,1
149616279,58348,2,2,116,1.16,117.16,1765617201,0
116549237,58348,4,4,108,1.08,109.08,1766510498,0
134076956,58392,1,2,443,4.43,447.43,1765808365,1
109467636,58595,2,4,261,2.61,263.61,1767171396,1
126993362,58623,4,2,251,2.51,253.51,1764621821,1
123107261,58623,2,4,322,3.22,325.22,1766487954,0
101006292,58656,5,2,346,3.46,349.46,1766336784,1
107412313,58660,1,4,172,1.72,173.72,1765971341,1
101470550,58679,3,4,122,1.22,123.22,1764964500,1
135483734,58679,3,2,174,1.74,175.74,1765520588,0
103762190,58700,1,4,443,4.43,447.43,1765371544,1
108791330,58733,3,4,569,5.69,574.69,1764624441,1
142491885,58733,2,5,276,2.76,278.76,1765094389,0
112971086,58733,1,5,420,4.2,424.2,1766557571,0
130475807,58733,2,4,96,0.96,96.96,1766897352,0
149292356,58733,5,4,149,1.49,150.49,1767105577,0
108420612,58999,2,2,203,2.03,205.03,1766412269,1
134257227,59163,4,4,289,2.89,291.89,1765387837,1
143347673,59215,1,2,6468,64.68,6532.68,1764591408,1
108122742,59215,2,4,38801,388.01,39189.01,1764770966,0
126984668,59215,5,5,1027,10.27,1037.27,1764851874,0
102240671,59215,5,2,1178,11.78,1189.78,1765054984,0
129475797,59215,2,2,88577,885.77,89462.77,1765130117,0
118734680,59215,2,2,1880,18.8,1898.8,1765199374,0
132208891,59215,NA,4,13019,130.19,13149.19,1765433225,0
138405001,59215,3,4,6217,62.17,6279.17,1765605689,0
110578175,59215,4,4,60521,605.21,61126.21,1765629561,0
113006661,59215,2,2,2071,20.71,2091.71,1765952307,0
107494973,59215,3,3,3119,31.19,3150.19,1766164770,0
127823894,59215,1,4,1520,15.2,1535.2,1766182275,0
146208700,59215,1,4,2450,24.5,2474.5,1766232538,0
148176736,59215,5,4,23327,233.27,23560.27,1766396657,0
116093762,59215,3,5,4645,46.45,4691.45,1766411018,0
121015471,59215,3,2,7120,71.2,7191.2,1766752266,0
135298958,59215,1,4,22459,224.59,22683.59,1766967133,0
117030507,59215,1,2,2882,28.82,2910.82,1767130095,0
112848761,59372,2,3,250,2.5,252.5,1766126796,1
112871852,59460,1,4,137,1.37,138.37,1764965434,1
124815616,59460,4,4,378,3.78,381.78,1765828921,0
110382804,59605,1,5,4989,49.89,5038.89,1764576938,1
118215056,59605,3,4,11070,110.7,11180.7,1765025475,0
110297425,59605,3,5,83570,835.7,84405.7,1765455365,0
118983062,59605,5,2,2838,28.38,2866.38,1765734180,0
147984710,59605,3,4,3045,30.45,3075.45,1766095847,0
104148031,59605,1,5,2390,23.9,2413.9,1766212637,0
144398979,59605,1,2,5585,55.85,5640.85,1766415794,0
143861875,59605,3,2,9925,99.25,10024.25,1766682287,0
117893586,59605,1,2,17655,176.55,17831.55,1767076350,0
123088814,59605,5,4,3864,38.64,3902.64,1767115337,0
110709232,59605,4,2,14864,148.64,15012.64,1767161926,0
149432825,59613,1,3,274,2.74,276.74,1764592117,1
115545598,59613,1,5,158,1.58,159.58,1764827768,0
135095763,59613,2,5,328,3.28,331.28,1765608426,0
148752245,59614,1,3,150,1.5,151.5,1764655700,1
119892075,59614,3,2,201,2.01,203.01,1765338988,0
128723243,59614,1,2,744,7.44,751.44,1766067190,0
121316961,59669,1,2,22961,229.61,23190.61,1764524742,1
146995536,59669,4,2,3889,38.89,3927.89,1764690979,0
137790390,59669,1,4,3756,37.56,3793.56,1764831536,0
105089421,59669,4,2,8786,87.86,8873.86,1765030978,0
124129527,59669,4,4,52484,524.84,53008.84,1765043680,0
122741552,59669,4,5,4577,45.77,4622.77,1765157935,0
130500872,59669,3,2,8042,80.42,8122.42,1765218453,0
115166680,59669,1,4,17100,171,17271,1765300981,0
140168427,59669,3,5,35760,357.6,36117.6,1765521078,0
116710306,59669,2,4,1753,17.53,1770.53,1765646088,0
136817479,59669,1,4,4016,40.16,4056.16,1765779654,0
131679380,59669,2,5,4024,40.24,4064.24,1765866802,0
107845068,59669,3,4,4576,45.76,4621.76,1765867505,0
128181081,59669,5,2,2502,25.02,2527.02,1766040002,0
125325884,59669,5,2,3283,32.83,3315.83,1766040154,0
121950774,59669,1,5,3073,30.73,3103.73,1766077391,0
130790727,59669,5,2,3020,30.2,3050.2,1766251811,0
143719297,59669,5,5,3818,38.18,3856.18,1766356262,0
127192246,59669,1,2,63360,633.6,63993.6,1767060129,0
110357771,59669,1,2,77153,771.53,77924.53,1767086852,0
130411183,59669,4,2,2999,29.99,3028.99,1767116051,0
136648414,59679,2,2,217,2.17,219.17,1764892628,1
102096031,59699,5,4,410,4.1,414.1,1766578170,1
109818444,59866,5,4,349,3.49,352.49,1765819055,1
100100934,59905,2,1,119,1.19,120.19,1764741670,1
136483723,59905,1,3,191,1.91,192.91,1764851007,0
130125435,59905,5,1,207,2.07,209.07,1764914459,0
100497842,59911,5,2,374,3.74,377.74,1764658111,1
124301277,59911,3,2,171,1.71,172.71,1764916162,0
118751120,59911,3,2,313,3.13,316.13,1766629178,0
117974072,59997,4,2,597,5.97,602.97,1764692772,1
111020249,59997,4,4,96,0.96,96.96,1765625399,0
101618008,59997,4,2,211,2.11,213.11,1765714036,0
114679183,60014,4,4,282,2.82,284.82,1765559825,1
108448484,60014,2,2,160,1.6,161.6,1765934471,0
114563620,60014,3,2,179,1.79,180.79,1766701598,0
123712333,60043,3,2,35427,354.27,35781.27,1764793780,1
123678006,60043,4,4,1825,18.25,1843.25,1764874605,0
109030070,60043,1,4,11808,118.08,11926.08,1764938593,0
133577465,60043,3,2,6209,62.09,6271.09,1765437763,0
130187945,60043,5,NA,4443,44.43,4487.43,1765730948,0
142351341,60043,3,2,58833,588.33,59421.33,1765866055,0
109978830,60043,4,4,4508,45.08,4553.08,1765946930,0
129465257,60043,5,2,1413,14.13,1427.13,1765973826,0
147297514,60043,5,2,9226,92.26,9318.26,1766164900,0
117906753,60043,2,4,10539,105.39,10644.39,1766165780,0
148873579,60043,4,2,13158,131.58,13289.58,1766424012,0
138891887,60043,2,2,6676,66.76,6742.76,1766857391,0
147268442,60043,5,2,4312,43.12,4355.12,1767076121,0
141103128,60078,2,5,266,2.66,268.66,1765520029,1
149838410,60078,5,5,476,4.76,480.76,1766383894,0
144362655,60078,3,3,373,3.73,376.73,1766901727,0
137129831,60108,3,4,326,3.26,329.26,1765220308,1
134694747,60108,1,2,647,6.47,653.47,1765760156,0
144264504,60206,1,4,580,5.8,585.8,1765127642,1
113764761,60484,5,2,638,6.38,644.38,1764637296,1
135565274,60484,2,4,195,1.95,196.95,1764826827,0
101439802,60484,3,NA,144,1.44,145.44,1765403088,0
111891491,60542,2,1,219,2.19,221.19,1766147137,1
145429019,60700,4,4,738,7.38,745.38,1765886785,1
133587570,60712,5,2,195,1.95,196.95,1765828802,1
130431449,60724,2,2,211,2.11,213.11,1766865932,1
119238455,60792,2,2,165,1.65,166.65,1766470362,1
129432674,60864,4,4,380,3.8,383.8,1767117359,1
134839029,60892,1,4,222,2.22,224.22,1765991517,1
126790652,60892,4,2,129,1.29,130.29,1766808709,0
101478246,60984,5,4,463,4.63,467.63,1765882351,1
136240137,60984,2,2,339,3.39,342.39,1766753262,0
120697541,61046,4,1,341,3.41,344.41,1765285021,1
127489725,61046,4,4,338,3.38,341.38,1766037923,0
129113337,61053,4,4,6302,63.02,6365.02,1764523948,1
117632831,61053,5,2,2334,23.34,2357.34,1764530107,0
134468782,61053,3,2,2006,20.06,2026.06,1764663192,0
118160002,61053,5,2,3279,32.79,3311.79,1764867389,0
118745932,61053,3,4,959,9.59,968.59,1765043629,0
110231090,61053,5,2,1046,10.46,1056.46,1765095821,0
135919994,61053,4,2,12141,121.41,12262.41,1765203620,0
108659960,61053,3,1,1128,11.28,1139.28,1765419304,0
144573970,61053,5,2,37382,373.82,37755.82,1765562960,0
127166120,61053,2,3,1465,14.65,1479.65,1765608654,0
121321351,61053,3,2,4239,42.39,4281.39,1765762332,0
115021031,61053,5,2,4027,40.27,4067.27,1765767173,0
138961327,61053,5,4,5342,53.42,5395.42,1765821223,0
142424437,61053,5,5,41205,412.05,41617.05,1766233432,0
131170844,61053,1,3,16258,162.58,16420.58,1766455258,0
107066875,61053,5,2,3772,37.72,3809.72,1766597567,0
123825913,61053,5,5,3392,33.92,3425.92,1766598129,0
116013001,61053,1,5,4916,49.16,4965.16,1766806418,0
149476758,61053,2,2,1574,15.74,1589.74,1766828991,0
122992609,61053,1,2,9614,96.14,9710.14,1767157989,0
126169122,61053,1,1,16069,160.69,16229.69,1767162643,0
132406071,61192,4,4,3815,38.15,3853.15,1765213359,1
137213681,61192,2,5,33836,338.36,34174.36,1765345885,0
146016157,61192,1,2,1303,13.03,1316.03,1765541181,0
144072508,61192,1,2,58003,580.03,58583.03,1765907916,0
140452201,61192,3,2,13694,136.94,13830.94,1765913652,0
128859407,61192,3,2,37141,371.41,37512.41,1766059577,0
128651087,61192,2,2,9704,97.04,9801.04,1766061644,0
134851786,61192,5,2,36436,364.36,36800.36,1766213172,0
108207935,61192,2,2,1297,12.97,1309.97,1766526756,0
120546734,61192,3,4,5262,52.62,5314.62,1766577711,0
113812106,61192,5,4,70610,706.1,71316.1,1766590665,0
136713630,61192,1,2,46419,464.19,46883.19,1766640787,0
101756485,61192,5,4,2564,25.64,2589.64,1766828004,0
106764458,61192,2,4,1701,17.01,1718.01,1766915765,0
131109797,61192,2,4,31434,314.34,31748.34,1767029722,0
133039501,61280,1,4,713,7.13,720.13,1766718696,1
115696770,61280,5,NA,924,9.24,933.24,1766941791,0
111619619,61326,4,5,387,3.87,390.87,1765341603,1
122431418,61326,4,2,123,1.23,124.23,1765343152,0
121711763,61420,1,3,191,1.91,192.91,1766130563,1
129128843,61429,1,4,167,1.67,168.67,1764781813,1
139938945,61429,2,2,371,3.71,374.71,1765214620,0
110064561,61429,4,4,408,4.08,412.08,1767048532,0
127654802,61587,4,NA,496,4.96,500.96,1765215389,1
107804629,61693,3,4,150,1.5,151.5,1766059690,1
131486280,61693,5,2,143,1.43,144.43,1766578773,0
113843891,61703,2,4,390,3.9,393.9,1765820869,1
142576389,61703,1,1,203,2.03,205.03,1766266228,0
124070322,61913,4,1,284,2.84,286.84,1765042427,1
126823222,61913,1,4,197,1.97,198.97,1766255689,0
142080244,61913,5,4,596,5.96,601.96,1766298239,0
111251978,62064,2,5,606,6.06,612.06,1765191808,1
132961965,62405,4,4,453,4.53,457.53,1765237243,1
112943857,62405,3,1,222,2.22,224.22,1765282343,0
133312349,62486,5,4,294,2.94,296.94,1765081299,1
101866615,62493,5,2,396,3.96,399.96,1764730493,1
120783626,62493,4,2,417,4.17,421.17,1766052504,0
144317208,62493,1,4,700,7,707,1766422378,0
139832655,62493,1,4,374,3.74,377.74,1767114754,0
132282344,62682,2,2,250,2.5,252.5,1765701069,1
116346030,62691,1,4,316,3.16,319.16,1766727519,1
115864389,62937,1,2,380,3.8,383.8,1764612928,1
108276249,62937,4,2,130,1.3,131.3,1765331686,0
110863813,62986,4,4,1199,11.99,1210.99,1766352229,1
144975239,62986,5,3,561,5.61,566.61,1766683481,0
104333169,63012,5,2,1070,10.7,1080.7,1764921871,1
148415775,63012,2,1,19092,190.92,19282.92,1765177014,0
138260270,63012,1,2,14699,146.99,14845.99,1765245422,0
116520895,63012,5,2,4183,41.83,4224.83,1765343958,0
144348531,63012,3,5,1023,10.23,1033.23,1765648311,0
145283155,63012,1,2,2385,23.85,2408.85,1765666873,0
143210732,63012,4,2,1543,15.43,1558.43,1765802755,0
134388997,63012,1,4,28068,280.68,28348.68,1765835296,0
119172303,63012,4,4,4192,41.92,4233.92,1765983305,0
110851709,63012,1,2,2220,22.2,2242.2,1766192623,0
141239658,63012,1,NA,5387,53.87,5440.87,1766210948,0
124515373,63012,1,2,11573,115.73,11688.73,1766248936,0
140388053,63012,2,4,64413,644.13,65057.13,1766536963,0
118285721,63012,3,3,2316,23.16,2339.16,1766599155,0
127624491,63012,1,4,12632,126.32,12758.32,1766642260,0
144631396,63012,4,2,31654,316.54,31970.54,1766667385,0
101301187,63012,3,2,14768,147.68,14915.68,1766682595,0
100450346,63012,4,5,1118,11.18,1129.18,1766901918,0
127066916,63012,1,4,6956,69.56,7025.56,1766983681,0
139923738,63012,3,2,3593,35.93,3628.93,1766988448,0
130646158,63012,2,2,2591,25.91,2616.91,1767029245,0
104755700,63012,5,2,5743,57.43,5800.43,1767082202,0
111622759,63012,5,2,1223,12.23,1235.23,1767096360,0
146474222,63034,4,4,323,3.23,326.23,1764742993,1
138757481,63142,1,5,122,1.22,123.22,1766049138,1
126780175,63265,4,2,198,1.98,199.98,1765492685,1
141062538,63265,3,2,375,3.75,378.75,1766693620,0
123173243,63286,2,4,157,1.57,158.57,1765912453,1
110819039,63325,1,1,441,4.41,445.41,1765362568,1
119045806,63325,3,4,259,2.59,261.59,1767000476,0
109531433,63802,1,2,154,1.54,155.54,1765389567,1
102566305,63802,2,4,322,3.22,325.22,1766163459,0
120074326,63802,1,4,647,6.47,653.47,1766385686,0
139615252,63886,4,4,269,2.69,271.69,1765709091,1
143893478,63898,4,2,556,5.56,561.56,1766339515,1
103635988,63898,2,2,259,2.59,261.59,1766586236,0
100934231,63919,2,5,323,3.23,326.23,1765321371,1
143223592,64066,3,4,212,2.12,214.12,1766852982,1
117309031,64121,1,2,129822,1298.22,131120.22,1764570069,1
141109011,64121,1,2,12771,127.71,12898.71,1764740755,0
126484742,64121,3,2,4600,46,4646,1764915974,0
115966021,64121,4,2,2586,25.86,2611.86,1764946937,0
141518350,64121,2,2,3369,33.69,3402.69,1764994154,0
122178171,64121,1,4,2086,20.86,2106.86,1764996740,0
120502723,64121,4,2,1756,17.56,1773.56,1765083830,0
146154243,64121,4,2,28616,286.16,28902.16,1765125408,0
136080601,64121,1,2,11090,110.9,11200.9,1765349987,0
109853860,64121,5,2,22107,221.07,22328.07,1765381283,0
141299782,64121,1,4,13296,132.96,13428.96,1765641101,0
139911034,64121,3,4,2060,20.6,2080.6,1765751172,0
112533742,64121,1,4,1745,17.45,1762.45,1765788200,0
121230781,64121,5,4,1546,15.46,1561.46,1765903035,0
126799638,64121,4,2,64647,646.47,65293.47,1765993222,0
146597280,64121,2,2,15176,151.76,15327.76,1766102254,0
100809544,64121,2,2,89612,896.12,90508.12,1766478395,0
100618152,64121,2,4,14499,144.99,14643.99,1766595842,0
121868878,64121,5,1,24137,241.37,24378.37,1766839671,0
122690177,64121,1,2,16073,160.73,16233.73,1766948940,0
129533149,64121,3,2,28799,287.99,29086.99,1766962955,0
121964963,64121,5,2,73107,731.07,73838.07,1767009692,0
104396438,64121,2,2,5720,57.2,5777.2,1767028677,0
116011774,64121,4,2,31107,311.07,31418.07,1767084067,0
142495502,64121,2,4,1730,17.3,1747.3,1767116068,0
128728361,64246,NA,4,303,3.03,306.03,1766405723,1
145048659,64246,1,4,106,1.06,107.06,1766817325,0
112710560,64421,1,3,119,1.19,120.19,1765112080,1
109513521,64421,3,4,845,8.45,853.45,1766546033,0
132064901,64421,3,1,286,2.86,288.86,1766903127,0
129197633,64591,5,4,153,1.53,154.53,1766232854,1
121769739,64616,4,4,2694,26.94,2720.94,1764589365,1
131524727,64616,3,4,14259,142.59,14401.59,1764770668,0
114862777,64616,1,4,1383,13.83,1396.83,1764810113,0
105268950,64616,1,2,939,9.39,948.39,1764938066,0
118326485,64616,4,2,2590,25.9,2615.9,1765106438,0
102689261,64616,4,5,61993,619.93,62612.93,1765171841,0
131217826,64616,1,2,16124,161.24,16285.24,1765198173,0
111848474,64616,4,2,3497,34.97,3531.97,1765346076,0
109686900,64616,2,4,17943,179.43,18122.43,1765365968,0
100811783,64616,5,2,1876,18.76,1894.76,1765421519,0
103265466,64616,3,2,65412,654.12,66066.12,1765425612,0
128535200,64616,4,2,802,8.02,810.02,1765607228,0
109627177,64616,2,2,13618,136.18,13754.18,1765692892,0
147912198,64616,1,NA,57244,572.44,57816.44,1765924179,0
100147798,64616,5,2,2640,26.4,2666.4,1766352301,0
105350742,64616,5,2,15658,156.58,15814.58,1766497394,0
138042168,64616,1,1,3954,39.54,3993.54,1766550199,0
127651281,64616,2,5,36842,368.42,37210.42,1766619774,0
100475287,64616,NA,2,904,9.04,913.04,1766688211,0
108528586,64616,3,4,1857,18.57,1875.57,1766837519,0
126089822,64616,2,2,1550,15.5,1565.5,1766943227,0
128975706,64617,3,1,230,2.3,232.3,1765992061,1
103397574,64733,5,2,221,2.21,223.21,1765829908,1
124277836,64805,3,4,708,7.08,715.08,1764657823,1
143143466,64805,2,3,375,3.75,378.75,1765340948,0
139335842,64879,1,4,525,5.25,530.25,1765049364,1
121307071,64893,5,4,2917,29.17,2946.17,1764783094,1
110226475,64893,1,4,1209,12.09,1221.09,1764849718,0
103646504,64893,2,2,4004,40.04,4044.04,1764868777,0
149433107,64893,5,4,14969,149.69,15118.69,1764870465,0
114779787,64893,3,2,2332,23.32,2355.32,1765009247,0
132347402,64893,4,2,11397,113.97,11510.97,1765022099,0
115265179,64893,5,3,8794,87.94,8881.94,1765152799,0
104942850,64893,2,5,74600,746,75346,1765207384,0
116524296,64893,5,4,81267,812.67,82079.67,1765368744,0
131095566,64893,2,4,9677,96.77,9773.77,1765650231,0
132882941,64893,4,2,32317,323.17,32640.17,1765692523,0
131785965,64893,5,4,15071,150.71,15221.71,1765880273,0
115190106,64893,2,4,2678,26.78,2704.78,1766292847,0
125445035,64893,NA,4,8908,89.08,8997.08,1766713716,0
125775901,64893,3,4,3301,33.01,3334.01,1766769105,0
132146142,64893,3,2,3203,32.03,3235.03,1767008395,0
127625938,64893,4,5,4362,43.62,4405.62,1767125578,0
110472579,65021,5,2,236,2.36,238.36,1764623883,1
147450793,65021,1,2,124,1.24,125.24,1764782551,0
117348640,65021,1,5,198,1.98,199.98,1765295837,0
107976099,65021,4,4,73,0.73,73.73,1765624321,0
118900113,65021,1,2,150,1.5,151.5,1766210929,0
116004459,65021,1,4,137,1.37,138.37,1766479048,0
104222638,65030,3,4,319,3.19,322.19,1766046033,1
149572938,65050,1,2,3994,39.94,4033.94,1764656888,1
113148574,65050,3,2,7370,73.7,7443.7,1765024573,0
101910967,65050,3,4,13009,130.09,13139.09,1765150943,0
119144914,65050,1,5,70100,701,70801,1765405943,0
131493618,65050,4,4,2506,25.06,2531.06,1765618022,0
130368411,65050,3,2,1608,16.08,1624.08,1765780371,0
138132867,65050,5,4,1761,17.61,1778.61,1765888700,0
137464699,65050,3,2,17852,178.52,18030.52,1765961024,0
139969548,65050,3,2,3095,30.95,3125.95,1766124156,0
112177418,65050,3,2,61368,613.68,61981.68,1766220481,0
104789007,65050,3,1,12632,126.32,12758.32,1766596220,0
105528610,65050,5,2,872,8.72,880.72,1766598368,0
101930708,65050,3,3,2981,29.81,3010.81,1766599191,0
103661805,65050,3,1,36394,363.94,36757.94,1766989797,0
139622799,65050,3,2,7985,79.85,8064.85,1767125391,0
115027150,65050,2,4,2129,21.29,2150.29,1767163855,0
104272879,65225,5,4,25041,250.41,25291.41,1764522478,1
149732250,65225,1,NA,3416,34.16,3450.16,1764642491,0
122492950,65225,5,5,3394,33.94,3427.94,1764830936,0
132739937,65225,3,2,9144,91.44,9235.44,1765403882,0
105176141,65225,4,2,7603,76.03,7679.03,1765618957,0
129345404,65225,4,3,2236,22.36,2258.36,1765818766,0
121429165,65225,1,1,3343,33.43,3376.43,1766039618,0
136048418,65225,4,4,7465,74.65,7539.65,1766159888,0
128331175,65225,4,4,25828,258.28,26086.28,1766343474,0
131151988,65225,1,4,10725,107.25,10832.25,1766580301,0
116980169,65225,1,5,2444,24.44,2468.44,1766665831,0
124082881,65225,5,NA,2014,20.14,2034.14,1766868914,0
132096420,65225,NA,3,4962,49.62,5011.62,1766938749,0
134550939,65225,5,2,4717,47.17,4764.17,1767129909,0
124455112,65272,5,2,109,1.09,110.09,1764825124,1
105829446,65272,4,4,331,3.31,334.31,1765386253,0
107596864,65272,4,4,177,1.77,178.77,1766999276,0
141385862,65377,4,3,214,2.14,216.14,1765629449,1
144615632,65414,2,4,184,1.84,185.84,1765952236,1
128453019,65742,3,4,114,1.14,115.14,1764877200,1
116255976,65742,1,2,473,4.73,477.73,1766406476,0
102242904,65742,5,5,144,1.44,145.44,1766670518,0
117797546,65878,1,1,171,1.71,172.71,1764788932,1
115133158,66019,2,2,146,1.46,147.46,1766251812,1
117768306,66235,2,4,3437,34.37,3471.37,1764851305,1
138329890,66235,4,4,2339,23.39,2362.39,1765003326,0
147953384,66235,2,4,6023,60.23,6083.23,1765300416,0
131714656,66235,2,4,2718,27.18,2745.18,1765310567,0
118494109,66235,1,2,4488,44.88,4532.88,1765628754,0
112495637,66235,2,4,6136,61.36,6197.36,1765693688,0
130625664,66235,5,2,62423,624.23,63047.23,1765739048,0
108015419,66235,3,5,14530,145.3,14675.3,1765745564,0
109034566,66235,3,2,3092,30.92,3122.92,1766079303,0
125782497,66235,5,3,6683,66.83,6749.83,1766079421,0
149303762,66235,4,4,1276,12.76,1288.76,1766446353,0
133520189,66235,3,1,15781,157.81,15938.81,1766556763,0
148420156,66235,2,4,6298,62.98,6360.98,1766666553,0
132087467,66235,3,4,2563,25.63,2588.63,1766898368,0
132456764,66281,1,5,815,8.15,823.15,1766461306,1
122011245,66281,2,3,496,4.96,500.96,1766760361,0
115576657,66319,2,4,219,2.19,221.19,1765386420,1
147332031,66356,1,2,633,6.33,639.33,1765185073,1
120125098,66356,1,2,629,6.29,635.29,1765780481,0
108415588,66356,5,4,184,1.84,185.84,1765992606,0
117755269,66356,3,5,487,4.87,491.87,1767045316,0
119581645,66580,4,4,191,1.91,192.91,1764773879,1
108963982,66580,1,2,136,1.36,137.36,1766752623,0
140607903,66587,5,1,251,2.51,253.51,1764853707,1
137121603,66699,2,5,400,4,404,1764846059,1
115973627,66699,1,2,1279,12.79,1291.79,1765130072,0
146389796,66743,1,5,328,3.28,331.28,1766025545,1
121078613,66813,2,2,324,3.24,327.24,1765604666,1
137978814,66813,1,2,193,1.93,194.93,1766855985,0
148661057,66899,3,1,390,3.9,393.9,1765991931,1
107199027,66935,2,4,9009,90.09,9099.09,1764791294,1
104645268,66935,3,2,1409,14.09,1423.09,1765022197,0
139161546,66935,3,2,933,9.33,942.33,1765043592,0
137212467,66935,4,5,3235,32.35,3267.35,1765216088,0
112286674,66935,4,2,2696,26.96,2722.96,1765285090,0
135975536,66935,3,1,3088,30.88,3118.88,1765347590,0
132405762,66935,3,4,8193,81.93,8274.93,1765857832,0
136625663,66935,1,2,4371,43.71,4414.71,1765865266,0
106710231,66935,2,2,2581,25.81,2606.81,1766103442,0
122449686,66935,5,3,64862,648.62,65510.62,1766335815,0
136348401,66935,2,4,5034,50.34,5084.34,1766495948,0
108325567,66935,3,4,2790,27.9,2817.9,1766667206,0
124595744,66935,4,5,1459,14.59,1473.59,1766771251,0
135400191,66935,1,2,2904,29.04,2933.04,1766837671,0
124966884,66935,1,2,13060,130.6,13190.6,1766838345,0
130792825,66935,2,2,11981,119.81,12100.81,1766851758,0
145876176,66935,1,2,3053,30.53,3083.53,1767038519,0
102117604,67020,2,4,15166,151.66,15317.66,1764712706,1
116988779,67020,5,4,68697,686.97,69383.97,1764783417,0
119368191,67020,3,2,19876,198.76,20074.76,1764797404,0
127980640,67020,3,3,3277,32.77,3309.77,1764936060,0
122090445,67020,1,5,859,8.59,867.59,1765056411,0
149012759,67020,2,5,49025,490.25,49515.25,1765369948,0
130089224,67020,4,2,12503,125.03,12628.03,1765445774,0
103286466,67020,3,2,1851,18.51,1869.51,1765524479,0
109967138,67020,NA,3,3332,33.32,3365.32,1765629365,0
120810299,67020,3,5,816,8.16,824.16,1765638866,0
132148145,67020,3,3,54502,545.02,55047.02,1766039454,0
120062991,67020,1,4,9588,95.88,9683.88,1766557235,0
138267633,67020,2,2,9282,92.82,9374.82,1766799786,0
139880530,67020,2,4,12444,124.44,12568.44,1766890553,0
122112239,67020,3,4,21759,217.59,21976.59,1767162093,0
119266235,67195,NA,3,145,1.45,146.45,1765110279,1
131136970,67195,1,4,150,1.5,151.5,1766274589,0
146362619,67215,1,2,534,5.34,539.34,1767002401,1
119002538,67232,5,2,328,3.28,331.28,1765454593,1
101612639,67232,4,1,308,3.08,311.08,1766579922,0
105770133,67306,4,4,157,1.57,158.57,1766156869,1
148320086,67443,4,NA,257,2.57,259.57,1766079812,1
122154921,67443,1,2,285,2.85,287.85,1766561597,0
111077657,67566,1,1,287,2.87,289.87,1766752706,1
137044160,67654,2,4,1646,16.46,1662.46,1764829769,1
106259659,67654,5,2,2868,28.68,2896.68,1764957269,0
129725912,67654,1,4,3047,30.47,3077.47,1765035902,0
141312417,67654,5,2,6613,66.13,6679.13,1765070514,0
147931828,67654,5,2,2746,27.46,2773.46,1765110686,0
145507045,67654,2,4,2764,27.64,2791.64,1765136069,0
134196597,67654,4,2,108924,1089.24,110013.24,1765139038,0
115936379,67654,4,2,91503,915.03,92418.03,1765348106,0
101073389,67654,4,2,3310,33.1,3343.1,1765399252,0
139516647,67654,5,4,2677,26.77,2703.77,1765583891,0
124025051,67654,3,5,19345,193.45,19538.45,1765732705,0
149316687,67654,4,4,2042,20.42,2062.42,1766379902,0
143191385,67654,4,2,1482,14.82,1496.82,1766509636,0
143462715,67654,4,1,4853,48.53,4901.53,1766639464,0
131853354,67654,4,1,2146,21.46,2167.46,1767011313,0
138436523,67654,2,3,65374,653.74,66027.74,1767029164,0
128489389,67654,4,1,14686,146.86,14832.86,1767078674,0
148009156,67654,3,4,1319,13.19,1332.19,1767169236,0
112211918,67762,2,5,395,3.95,398.95,1764591259,1
112112961,68099,2,5,243,2.43,245.43,1765147305,1
124190398,68099,3,2,366,3.66,369.66,1766447500,0
108598384,68165,4,4,411,4.11,415.11,1765963864,1
104899740,68392,4,2,71,0.71,71.71,1765089444,1
138523151,68392,2,4,576,5.76,581.76,1765867686,0
118387394,68481,4,4,162,1.62,163.62,1765261229,1
110632279,68481,5,2,317,3.17,320.17,1765598400,0
119276872,68481,4,2,616,6.16,622.16,1766383206,0
117274320,68517,1,2,486,4.86,490.86,1765734549,1
121973128,68517,5,3,231,2.31,233.31,1766234923,0
112449409,68517,3,2,468,4.68,472.68,1766492325,0
126168508,68575,2,4,612,6.12,618.12,1765444475,1
126148806,68591,5,4,252,2.52,254.52,1764869685,1
125496556,68591,2,1,217,2.17,219.17,1764920492,0
144080081,68591,4,5,242,2.42,244.42,1766299738,0
128618466,68591,1,3,243,2.43,245.43,1766905905,0
119120860,68832,2,2,8367,83.67,8450.67,1764593715,1
125338450,68832,4,2,2092,20.92,2112.92,1764937405,0
145485949,68832,1,4,23724,237.24,23961.24,1765174114,0
117337087,68832,NA,4,15222,152.22,15374.22,1765394165,0
128654918,68832,5,5,3258,32.58,3290.58,1765405609,0
126947863,68832,3,4,3275,32.75,3307.75,1765441074,0
118927937,68832,1,2,24733,247.33,24980.33,1765474693,0
139150163,68832,1,2,1029,10.29,1039.29,1765541389,0
116382903,68832,5,2,3146,31.46,3177.46,1765580139,0
104911361,68832,3,5,9461,94.61,9555.61,1765717173,0
134088711,68832,3,4,3120,31.2,3151.2,1765949861,0
105586623,68832,2,4,3299,32.99,3331.99,1766011861,0
100468509,68832,3,NA,1803,18.03,1821.03,1766604337,0
140644734,68832,2,2,12668,126.68,12794.68,1766999993,0
136228657,68832,2,3,3191,31.91,3222.91,1767057571,0
134534176,68919,1,3,141,1.41,142.41,1764695311,1
136022103,68919,4,5,294,2.94,296.94,1765940125,0
117342136,69082,2,NA,187,1.87,188.87,1765087085,1
117737195,69082,5,2,266,2.66,268.66,1766579037,0
132646821,69098,2,3,245,2.45,247.45,1765260900,1
145948796,69192,1,4,2410,24.1,2434.1,1764761146,1
125480046,69192,5,1,953,9.53,962.53,1764867043,0
117777852,69192,4,2,2848,28.48,2876.48,1765011287,0
134426208,69192,1,4,6457,64.57,6521.57,1765207266,0
148532536,69192,2,4,74677,746.77,75423.77,1765316503,0
116205337,69192,3,NA,1216,12.16,1228.16,1765433210,0
122215808,69192,1,2,11379,113.79,11492.79,1765434108,0
116689165,69192,1,5,2263,22.63,2285.63,1766009602,0
117267435,69192,5,3,15176,151.76,15327.76,1766125621,0
117893305,69192,4,2,3124,31.24,3155.24,1766198277,0
139394233,69192,5,4,2721,27.21,2748.21,1766238647,0
101958876,69192,1,1,6322,63.22,6385.22,1766378741,0
118713655,69192,2,2,17005,170.05,17175.05,1766486448,0
123496052,69192,5,4,15369,153.69,15522.69,1766699037,0
133860565,69192,2,2,2427,24.27,2451.27,1766770517,0
129845565,69192,3,5,7566,75.66,7641.66,1766838296,0
142752047,69192,3,2,9487,94.87,9581.87,1766926527,0
115176145,69234,5,5,278,2.78,280.78,1764756133,1
106123238,69234,NA,2,101,1.01,102.01,1765284363,0
121404086,69234,1,2,122,1.22,123.22,1766112205,0
132911345,69309,1,3,411,4.11,415.11,1764742287,1
112961511,69309,3,5,137,1.37,138.37,1766298478,0
125975433,69309,5,2,365,3.65,368.65,1766992130,0
105876521,69321,NA,4,530,5.3,535.3,1764523481,1
122646583,69321,1,4,233,2.33,235.33,1765541141,0
104344351,69321,1,2,543,5.43,548.43,1766405164,0
114551965,69669,1,2,3620,36.2,3656.2,1764713154,1
123347172,69669,3,4,3238,32.38,3270.38,1765020737,0
129660674,69669,2,5,2064,20.64,2084.64,1765043396,0
143133314,69669,1,2,1569,15.69,1584.69,1765272739,0
120007984,69669,5,2,3404,34.04,3438.04,1765302428,0
143024955,69669,2,2,13019,130.19,13149.19,1765435640,0
117118622,69669,5,4,3154,31.54,3185.54,1765522702,0
114422076,69669,2,2,5763,57.63,5820.63,1766489688,0
101237465,69669,5,4,3625,36.25,3661.25,1766602588,0
122054480,69669,4,2,59142,591.42,59733.42,1766658834,0
101734683,69669,5,2,17810,178.1,17988.1,1766941405,0
104387457,69669,5,2,19470,194.7,19664.7,1767064152,0
146786817,69669,2,4,2082,20.82,2102.82,1767135558,0
113743552,69676,1,1,5814,58.14,5872.14,1764568340,1
111423474,69676,1,2,4941,49.41,4990.41,1764591431,0
118510926,69676,NA,3,3376,33.76,3409.76,1764679743,0
144723394,69676,1,4,19476,194.76,19670.76,1764718022,0
109194350,69676,2,4,2699,26.99,2725.99,1765034512,0
142708717,69676,2,5,2351,23.51,2374.51,1765089274,0
122085419,69676,5,4,29615,296.15,29911.15,1765559702,0
139424182,69676,5,2,20118,201.18,20319.18,1765734093,0
131695984,69676,5,2,2089,20.89,2109.89,1765887694,0
146929588,69676,1,4,1196,11.96,1207.96,1766924079,0
116578199,69676,1,2,883,8.83,891.83,1766926598,0
130716344,69676,1,2,5697,56.97,5753.97,1766977147,0
104848321,69683,2,2,290,2.9,292.9,1765646872,1
146460948,69683,5,2,120,1.2,121.2,1766002650,0
144841245,69700,4,2,183,1.83,184.83,1766070446,1
105628933,69791,1,4,90327,903.27,91230.27,1764523339,1
136589507,69791,5,4,17126,171.26,17297.26,1764613554,0
130206988,69791,4,2,3152,31.52,3183.52,1764787048,0
132124825,69791,4,2,1878,18.78,1896.78,1764852544,0
100150514,69791,3,4,2178,21.78,2199.78,1764859298,0
132215761,69791,NA,2,9560,95.6,9655.6,1765094003,0
122751128,69791,4,4,9958,99.58,10057.58,1765147421,0
123635482,69791,3,5,3195,31.95,3226.95,1765164274,0
129592747,69791,1,2,3923,39.23,3962.23,1765260805,0
144685825,69791,3,3,4363,43.63,4406.63,1765271844,0
131689955,69791,3,4,2798,27.98,2825.98,1765352139,0
147449027,69791,1,4,67707,677.07,68384.07,1765396817,0
122668683,69791,4,4,49760,497.6,50257.6,1765543480,0
148831063,69791,2,5,2900,29,2929,1765555447,0
111537693,69791,5,4,2558,25.58,2583.58,1765692452,0
137286585,69791,3,2,3208,32.08,3240.08,1765889871,0
102056390,69791,3,2,5929,59.29,5988.29,1765907456,0
100396418,69791,2,4,1249,12.49,1261.49,1765986076,0
114002507,69791,3,2,7492,74.92,7566.92,1766039359,0
104123559,69791,2,1,13847,138.47,13985.47,1766054096,0
105094989,69791,5,4,70165,701.65,70866.65,1766489052,0
117196143,69791,5,2,2648,26.48,2674.48,1766598962,0
112839066,69791,3,4,65450,654.5,66104.5,1766682032,0
121138979,69791,5,3,4042,40.42,4082.42,1767034460,0
126613219,69791,2,1,50759,507.59,51266.59,1767075883,0
114113019,69791,3,4,48528,485.28,49013.28,1767095453,0
119933143,69791,3,2,2985,29.85,3014.85,1767099318,0
102132124,69792,1,2,413,4.13,417.13,1764579597,1
149181376,69792,3,2,274,2.74,276.74,1765648931,0
118838327,69801,4,1,297,2.97,299.97,1767112928,1
132952425,69830,4,2,99,0.99,99.99,1767129754,1
141379969,69864,3,3,143,1.43,144.43,1764736768,1
127320560,69864,1,1,369,3.69,372.69,1766653399,0
110440703,70042,4,4,242,2.42,244.42,1765733794,1
127685214,70042,3,5,355,3.55,358.55,1765779432,0
148532906,70042,1,2,222,2.22,224.22,1767041551,0
146432482,70143,3,2,347,3.47,350.47,1764593678,1
108291683,70143,5,4,165,1.65,166.65,1765368496,0
121392154,70173,2,2,194,1.94,195.94,1765508392,1
142662295,70173,2,5,292,2.92,294.92,1766299823,0
126167177,70173,2,2,178,1.78,179.78,1767119364,0
111466788,70341,4,2,294,2.94,296.94,1766026459,1
122722491,70341,1,4,167,1.67,168.67,1766039460,0
123321197,70341,5,2,259,2.59,261.59,1766101188,0
119308630,70343,4,2,426,4.26,430.26,1764721471,1
136535254,70343,5,5,306,3.06,309.06,1764808372,0
123207695,70343,3,2,303,3.03,306.03,1765305651,0
140129947,70343,2,3,227,2.27,229.27,1767098682,0
137831155,70383,4,4,5944,59.44,6003.44,1764698300,1
105526951,70383,5,1,12584,125.84,12709.84,1764749249,0
139834791,70383,5,4,4159,41.59,4200.59,1764841734,0
127001307,70383,5,4,5091,50.91,5141.91,1765161204,0
136412693,70383,4,2,25173,251.73,25424.73,1765175388,0
101398962,70383,3,5,4736,47.36,4783.36,1765706640,0
143061953,70383,2,2,15384,153.84,15537.84,1766027040,0
146400854,70383,1,2,6435,64.35,6499.35,1766345090,0
146001245,70383,4,4,32579,325.79,32904.79,1766769268,0
145667386,70383,1,5,7895,78.95,7973.95,1766912471,0
105964471,70383,1,2,1030,10.3,1040.3,1766924254,0
141737024,70671,3,4,256,2.56,258.56,1765990519,1
149733962,70671,3,3,401,4.01,405.01,1767189588,0
100949539,70792,5,4,85,0.85,85.85,1764832193,1
135990560,70792,3,2,340,3.4,343.4,1764914844,0
101428009,70792,5,4,383,3.83,386.83,1765395060,0
137926404,70792,1,3,564,5.64,569.64,1765677371,0
149728293,70792,1,2,376,3.76,379.76,1766077271,0
102268021,70923,1,4,218,2.18,220.18,1764522996,1
138267242,71056,2,3,92,0.92,92.92,1766620695,1
124438453,71086,4,1,300,3,303,1766042321,1
145274472,71187,2,5,202,2.02,204.02,1765992488,1
105776031,71187,2,5,465,4.65,469.65,1766410999,0
113572218,71293,1,3,227,2.27,229.27,1765957465,1
145987266,71293,NA,1,201,2.01,203.01,1766682055,0
138944862,71379,2,4,213,2.13,215.13,1764914611,1
119399914,71423,5,NA,137,1.37,138.37,1766079482,1
131735076,71662,4,2,922,9.22,931.22,1764687089,1
121296846,71854,1,5,124,1.24,125.24,1766287483,1
141047276,71868,4,2,21906,219.06,22125.06,1764591134,1
112858210,71868,5,2,3297,32.97,3329.97,1764698070,0
137534292,71868,1,2,46050,460.5,46510.5,1765089590,0
116297032,71868,4,3,4388,43.88,4431.88,1765220536,0
148490574,71868,1,2,1338,13.38,1351.38,1765531901,0
110835116,71868,4,4,10399,103.99,10502.99,1765888645,0
114097422,71868,4,4,8760,87.6,8847.6,1766069917,0
114220812,71868,3,2,2563,25.63,2588.63,1766105453,0
110784054,71868,5,3,1441,14.41,1455.41,1766183330,0
134468755,71868,1,1,8836,88.36,8924.36,1766212807,0
138343776,71868,1,5,1675,16.75,1691.75,1766276966,0
138482579,71868,1,4,13207,132.07,13339.07,1766318680,0
124963839,71868,3,4,3555,35.55,3590.55,1766598747,0
148790968,71868,5,2,4513,45.13,4558.13,1767133620,0
136712757,71868,3,4,3634,36.34,3670.34,1767170643,0
139775589,71918,1,2,143,1.43,144.43,1766765560,1
104106607,71918,5,1,128,1.28,129.28,1767123011,0
112256426,71920,4,4,8758,87.58,8845.58,1764751820,1
121943947,71920,2,2,4026,40.26,4066.26,1764880612,0
146311599,71920,3,2,2993,29.93,3022.93,1765025569,0
144497552,71920,3,2,56800,568,57368,1765215326,0
142766471,71920,2,2,13072,130.72,13202.72,1765242425,0
108332614,71920,5,4,2306,23.06,2329.06,1765346679,0
103411821,71920,4,2,3236,32.36,3268.36,1765568212,0
145901760,71920,4,4,1689,16.89,1705.89,1765630564,0
134113711,71920,1,4,6886,68.86,6954.86,1765780130,0
106502343,71920,2,5,15621,156.21,15777.21,1765841314,0
120312547,71920,2,4,67451,674.51,68125.51,1765950921,0
142414674,71920,1,4,2028,20.28,2048.28,1766038943,0
126697413,71920,2,2,1625,16.25,1641.25,1766049969,0
114260959,71920,4,4,1030,10.3,1040.3,1766256584,0
149990394,71920,1,4,4887,48.87,4935.87,1766383753,0
131408236,71920,5,2,1682,16.82,1698.82,1766423509,0
114919715,71920,1,5,33364,333.64,33697.64,1766729867,0
108060409,71920,5,2,3677,36.77,3713.77,1767074621,0
111867320,71936,4,2,302,3.02,305.02,1766753807,1
126961845,72084,2,2,306,3.06,309.06,1766435285,1
115965640,72122,5,NA,459,4.59,463.59,1764938283,1
120938718,72156,2,2,271,2.71,273.71,1765024447,1
143870204,72308,1,4,422,4.22,426.22,1765165332,1
108496380,72308,4,4,350,3.5,353.5,1767097967,0
108802458,72367,3,5,359,3.59,362.59,1764593214,1
115074896,72367,5,2,123,1.23,124.23,1766856575,0
149796159,72379,5,2,295,2.95,297.95,1765049741,1
146262647,72452,3,5,92,0.92,92.92,1766683194,1
124421268,72510,3,4,399,3.99,402.99,1764667151,1
115164274,72670,4,2,330,3.3,333.3,1764571472,1
125830060,72739,1,4,1569,15.69,1584.69,1764656507,1
107258705,72739,2,5,1241,12.41,1253.41,1765040881,0
100902947,72739,1,2,2099,20.99,2119.99,1765299701,0
128025391,72739,4,2,33771,337.71,34108.71,1765438770,0
122217304,72739,3,4,37919,379.19,38298.19,1765544332,0
148936182,72739,2,2,49298,492.98,49790.98,1765605822,0
109579242,72739,2,2,9292,92.92,9384.92,1765716351,0
120919245,72739,5,4,5658,56.58,5714.58,1766216240,0
122951758,72739,3,2,3317,33.17,3350.17,1766716913,0
128290852,72739,4,2,1912,19.12,1931.12,1766771460,0
131249514,72739,1,4,4572,45.72,4617.72,1766838583,0
106639883,72739,3,3,8149,81.49,8230.49,1766923945,0
134000495,72739,2,5,59184,591.84,59775.84,1767028117,0
136064578,72739,2,2,3111,31.11,3142.11,1767076064,0
133614220,72739,2,2,57821,578.21,58399.21,1767077356,0
124407790,72780,4,4,99,0.99,99.99,1765075672,1
115676907,72780,4,2,452,4.52,456.52,1766505155,0
104114784,72780,3,2,1261,12.61,1273.61,1766991972,0
114665585,72975,5,4,482,4.82,486.82,1766372757,1
135894497,72995,1,2,306,3.06,309.06,1766830785,1
136253602,73029,1,4,114,1.14,115.14,1765541243,1
113518658,73029,3,4,263,2.63,265.63,1766885240,0
125487484,73097,3,5,239,2.39,241.39,1765376204,1
127256505,73097,5,2,184,1.84,185.84,1766493520,0
117500131,73216,1,4,290,2.9,292.9,1764888231,1
103637223,73216,5,2,294,2.94,296.94,1766628535,0
117943585,73216,3,3,219,2.19,221.19,1766751686,0
105606967,73251,2,1,675,6.75,681.75,1764628451,1
122777698,73251,2,2,282,2.82,284.82,1766297683,0
134658973,73376,2,4,966,9.66,975.66,1764650427,1
148323479,73376,3,2,238,2.38,240.38,1765581459,0
123398899,73376,4,5,392,3.92,395.92,1765618955,0
123490639,73478,1,4,190,1.9,191.9,1766578444,1
133122151,73601,5,2,11981,119.81,12100.81,1765038878,1
104199785,73601,5,4,1342,13.42,1355.42,1765043518,0
134299032,73601,2,2,4014,40.14,4054.14,1765216344,0
144190864,73601,3,2,116267,1162.67,117429.67,1765760452,0
133191031,73601,2,4,129545,1295.45,130840.45,1765809238,0
127767160,73601,5,4,2857,28.57,2885.57,1766319448,0
146697263,73601,3,2,1668,16.68,1684.68,1766556740,0
126045345,73601,5,3,61442,614.42,62056.42,1766611601,0
100080936,73601,3,1,2723,27.23,2750.23,1766884805,0
121475720,73601,1,4,2181,21.81,2202.81,1767012377,0
101218848,73601,5,4,1088,10.88,1098.88,1767046638,0
112799915,73671,1,4,447,4.47,451.47,1765781343,1
120028214,73671,4,5,863,8.63,871.63,1767162244,0
146972404,73774,5,2,479,4.79,483.79,1766167005,1
132791716,73922,5,4,446,4.46,450.46,1765865722,1
127000562,74010,4,5,139,1.39,140.39,1766010775,1
148208062,74245,2,2,152,1.52,153.52,1766126744,1
101287737,74286,2,2,221,2.21,223.21,1767031137,1
119859690,74640,1,4,6076,60.76,6136.76,1764808525,1
132932553,74640,5,4,11682,116.82,11798.82,1765109103,0
109633255,74640,1,5,8150,81.5,8231.5,1765241857,0
119533208,74640,3,2,1971,19.71,1990.71,1765547592,0
134921542,74640,3,4,2582,25.82,2607.82,1765659885,0
112775732,74640,5,5,2772,27.72,2799.72,1765844533,0
135588135,74640,5,2,4095,40.95,4135.95,1765848118,0
131074968,74640,2,4,2418,24.18,2442.18,1765882073,0
123143713,74640,3,NA,1324,13.24,1337.24,1765904792,0
123576109,74640,2,3,4852,48.52,4900.52,1765938450,0
116201622,74640,4,2,2947,29.47,2976.47,1766249333,0
111831048,74640,4,4,58662,586.62,59248.62,1766320031,0
122018872,74640,4,2,8758,87.58,8845.58,1766578630,0
127731750,74640,2,2,14647,146.47,14793.47,1766581401,0
124691362,74640,4,2,2659,26.59,2685.59,1766598799,0
141234786,74640,5,4,43049,430.49,43479.49,1766813732,0
145606987,74640,1,3,29713,297.13,30010.13,1767122435,0
100571295,74651,5,2,235,2.35,237.35,1765627437,1
137508945,74651,4,2,502,5.02,507.02,1765760724,0
108988023,74690,4,1,199,1.99,200.99,1765288138,1
116564371,74834,4,3,200,2,202,1766530050,1
102494823,74994,2,5,80757,807.57,81564.57,1764712895,1
136098108,74994,4,4,2455,24.55,2479.55,1764720792,0
140829442,74994,1,4,1949,19.49,1968.49,1764743178,0
100284843,74994,4,2,77939,779.39,78718.39,1764764433,0
131482087,74994,2,5,65035,650.35,65685.35,1765028021,0
107537274,74994,2,4,92852,928.52,93780.52,1765214079,0
132893370,74994,3,2,17733,177.33,17910.33,1765263119,0
127186581,74994,4,4,1137,11.37,1148.37,1765309839,0
118927245,74994,5,2,44855,448.55,45303.55,1765368868,0
107573916,74994,3,4,970,9.7,979.7,1765476301,0
108228082,74994,4,2,11172,111.72,11283.72,1765606675,0
145388381,74994,4,2,3346,33.46,3379.46,1765622059,0
103890986,74994,2,2,3429,34.29,3463.29,1766591800,0
125552961,74994,5,2,9345,93.45,9438.45,1766737934,0
113465510,74994,4,5,2489,24.89,2513.89,1766927847,0
141644297,74994,1,4,18087,180.87,18267.87,1766983246,0
147392339,75143,2,3,11333,113.33,11446.33,1765068503,1
118244464,75143,5,2,1251,12.51,1263.51,1765422348,0
111045983,75143,4,4,4863,48.63,4911.63,1765866419,0
117272642,75143,4,4,10808,108.08,10916.08,1766171946,0
148505541,75143,3,4,2252,22.52,2274.52,1766297887,0
101059872,75143,3,1,19507,195.07,19702.07,1766452652,0
124792927,75143,5,1,5365,53.65,5418.65,1766643647,0
121783059,75143,1,2,39572,395.72,39967.72,1766703153,0
116266237,75143,5,4,979,9.79,988.79,1766753860,0
124047567,75143,5,2,5972,59.72,6031.72,1767009883,0
141973621,75143,1,4,76352,763.52,77115.52,1767117379,0
124627353,75158,5,5,4241,42.41,4283.41,1764530778,1
141491149,75158,4,4,92392,923.92,93315.92,1764626889,0
139169564,75158,1,4,30256,302.56,30558.56,1764903080,0
130132279,75158,3,5,1283,12.83,1295.83,1764919170,0
110396666,75158,3,2,2307,23.07,2330.07,1765387250,0
141761024,75158,3,2,1059,10.59,1069.59,1765397584,0
143528692,75158,1,3,3214,32.14,3246.14,1765607610,0
132207923,75158,3,2,7661,76.61,7737.61,1765692223,0
110421204,75158,3,5,2791,27.91,2818.91,1766041077,0
131421894,75158,2,4,1047,10.47,1057.47,1766127647,0
107203192,75158,4,2,10148,101.48,10249.48,1766471497,0
111285702,75243,2,4,128,1.28,129.28,1765561336,1
109572331,75437,5,4,299,2.99,301.99,1765628922,1
127249764,75437,4,4,122,1.22,123.22,1766730047,0
147719109,75744,5,2,146,1.46,147.46,1764622801,1
130997066,75866,1,2,79007,790.07,79797.07,1764642259,1
132219043,75866,4,4,1853,18.53,1871.53,1764727867,0
124749536,75866,2,4,3103,31.03,3134.03,1764738970,0
142244989,75866,4,2,83989,839.89,84828.89,1764829287,0
140272632,75866,2,2,1346,13.46,1359.46,1765041036,0
138785043,75866,2,5,48389,483.89,48872.89,1765062336,0
118943079,75866,1,NA,3035,30.35,3065.35,1765245853,0
105700513,75866,3,5,35509,355.09,35864.09,1765397235,0
117071327,75866,4,4,83706,837.06,84543.06,1765416472,0
105653564,75866,NA,5,3784,37.84,3821.84,1766048056,0
143256625,75866,1,2,2481,24.81,2505.81,1766063058,0
108741022,75866,3,2,12186,121.86,12307.86,1766227124,0
137559919,75866,2,2,11311,113.11,11424.11,1766252741,0
112300127,75866,2,4,120708,1207.08,121915.08,1766371258,0
139096471,75866,2,5,3389,33.89,3422.89,1766559671,0
113082569,75866,5,5,3793,37.93,3830.93,1766643188,0
131274335,75866,3,1,1132,11.32,1143.32,1766857253,0
109897579,75866,3,2,14864,148.64,15012.64,1767160998,0
142312007,75866,5,4,5857,58.57,5915.57,1767162404,0
102674193,76002,4,2,4700,47,4747,1764591861,1
146181155,76002,2,2,16314,163.14,16477.14,1764748297,0
113034121,76002,1,4,9011,90.11,9101.11,1764773181,0
102266527,76002,4,1,2779,27.79,2806.79,1764781921,0
101691038,76002,1,2,2781,27.81,2808.81,1764966516,0
100923031,76002,5,2,6270,62.7,6332.7,1765109766,0
121642125,76002,3,2,4814,48.14,4862.14,1765560008,0
131228503,76002,4,2,1899,18.99,1917.99,1765648754,0
144353290,76002,3,2,22159,221.59,22380.59,1765694473,0
143920784,76002,4,2,16892,168.92,17060.92,1765772316,0
109349294,76002,2,4,3840,38.4,3878.4,1765778344,0
139129692,76002,4,2,4119,41.19,4160.19,1765872337,0
105908250,76002,2,4,19661,196.61,19857.61,1765951167,0
126534196,76002,1,2,3281,32.81,3313.81,1766022782,0
100814250,76002,3,5,6015,60.15,6075.15,1766063096,0
141623744,76002,1,5,909,9.09,918.09,1766115645,0
116412591,76002,5,4,35775,357.75,36132.75,1766185036,0
135498991,76002,1,2,23932,239.32,24171.32,1766314832,0
143261205,76002,2,2,3686,36.86,3722.86,1766510543,0
120369195,76002,5,2,1886,18.86,1904.86,1766556582,0
122271663,76002,5,2,2423,24.23,2447.23,1766745768,0
134981142,76002,4,4,807,8.07,815.07,1766767677,0
147619915,76002,5,3,2783,27.83,2810.83,1766876949,0
106440021,76002,3,2,9858,98.58,9956.58,1766912421,0
121358768,76012,4,4,155,1.55,156.55,1765655643,1
147742870,76012,1,4,304,3.04,307.04,1766729965,0
128393347,76027,4,2,259,2.59,261.59,1765430151,1
131063782,76266,2,4,128,1.28,129.28,1764852627,1
125726212,76266,2,3,500,5,505,1765859010,0
115303282,76273,5,2,17330,173.3,17503.3,1764524843,1
127335047,76273,4,4,15416,154.16,15570.16,1764711382,0
104731646,76273,4,4,1293,12.93,1305.93,1764769992,0
127872271,76273,5,4,7470,74.7,7544.7,1764851303,0
146839679,76273,2,2,2272,22.72,2294.72,1764944823,0
110828304,76273,1,5,9237,92.37,9329.37,1764946790,0
143059143,76273,3,2,34975,349.75,35324.75,1765042576,0
117517030,76273,3,4,10792,107.92,10899.92,1765099512,0
117995437,76273,2,2,3340,33.4,3373.4,1765283668,0
117730329,76273,5,2,3224,32.24,3256.24,1765302749,0
102634034,76273,5,2,72307,723.07,73030.07,1765543435,0
122049202,76273,2,5,6991,69.91,7060.91,1765714799,0
143652674,76273,3,2,1984,19.84,2003.84,1765784860,0
101853695,76273,1,2,3818,38.18,3856.18,1765974703,0
102648001,76273,2,4,1835,18.35,1853.35,1765993023,0
110144473,76273,2,2,22344,223.44,22567.44,1766039203,0
104765130,76273,3,2,64012,640.12,64652.12,1766222852,0
125054335,76273,NA,2,2602,26.02,2628.02,1766481266,0
142749709,76273,2,2,4325,43.25,4368.25,1766543149,0
124258365,76273,3,4,3242,32.42,3274.42,1766801009,0
133463688,76273,2,2,3803,38.03,3841.03,1766925236,0
125133732,76273,1,2,2484,24.84,2508.84,1767024140,0
113094786,76273,4,2,73316,733.16,74049.16,1767050003,0
122616497,76415,1,2,1501,15.01,1516.01,1764635399,1
131657239,76415,2,4,3262,32.62,3294.62,1764673577,0
145497199,76415,5,5,50937,509.37,51446.37,1764868825,0
119462059,76415,1,2,6281,62.81,6343.81,1764936752,0
102779038,76415,4,1,42349,423.49,42772.49,1764938679,0
144679898,76415,2,5,1518,15.18,1533.18,1765572369,0
112874986,76415,2,1,2975,29.75,3004.75,1765629811,0
126871059,76415,5,4,12088,120.88,12208.88,1765866889,0
100249704,76415,4,4,59864,598.64,60462.64,1765953897,0
140967332,76415,4,2,1629,16.29,1645.29,1766001294,0
130370468,76415,4,4,2953,29.53,2982.53,1766600119,0
101844989,76415,2,2,14326,143.26,14469.26,1766730097,0
127502151,76415,4,2,17252,172.52,17424.52,1766998363,0
125293632,76415,2,2,2937,29.37,2966.37,1767023227,0
123233770,76516,4,1,311,3.11,314.11,1766038735,1
140967937,76539,5,1,154,1.54,155.54,1766727236,1
140243105,76539,4,2,358,3.58,361.58,1767009391,0
125650458,76554,4,4,228,2.28,230.28,1764537065,1
126625388,76554,5,4,408,4.08,412.08,1765364018,0
120695594,76587,1,2,328,3.28,331.28,1765211161,1
126730506,76885,1,5,5877,58.77,5935.77,1764523033,1
103667009,76885,1,2,39286,392.86,39678.86,1764590610,0
105520058,76885,5,5,3824,38.24,3862.24,1764822936,0
110462531,76885,2,2,1276,12.76,1288.76,1764986399,0
101287110,76885,5,2,77444,774.44,78218.44,1765224839,0
143039317,76885,2,4,9311,93.11,9404.11,1765244126,0
102969727,76885,5,2,2647,26.47,2673.47,1765472676,0
134604142,76885,1,2,3538,35.38,3573.38,1765499291,0
131886797,76885,1,4,5974,59.74,6033.74,1765685948,0
148129215,76885,5,2,644,6.44,650.44,1765693128,0
132688681,76885,1,2,16655,166.55,16821.55,1765861254,0
147567869,76885,4,2,1313,13.13,1326.13,1766336685,0
102519432,76885,3,4,41527,415.27,41942.27,1766424748,0
127962598,76885,1,5,16104,161.04,16265.04,1766556301,0
125731784,77014,3,4,488,4.88,492.88,1766405547,1
133120250,77098,2,4,137,1.37,138.37,1765025909,1
111577722,77099,3,2,288,2.88,290.88,1764738616,1
115763231,77423,5,2,205,2.05,207.05,1767040512,1
100729120,77423,3,2,431,4.31,435.31,1767190367,0
144089969,77580,2,NA,47911,479.11,48390.11,1764656958,1
102880904,77580,1,5,3651,36.51,3687.51,1764657701,0
105871038,77580,5,5,3238,32.38,3270.38,1764998189,0
111221628,77580,5,4,13618,136.18,13754.18,1765110421,0
122640437,77580,4,2,53694,536.94,54230.94,1765197712,0
122597421,77580,3,2,12061,120.61,12181.61,1765263582,0
107046421,77580,3,4,3720,37.2,3757.2,1765467304,0
127899360,77580,2,2,2974,29.74,3003.74,1765505590,0
131311322,77580,5,4,4166,41.66,4207.66,1765749379,0
125501683,77580,1,4,8239,82.39,8321.39,1766598862,0
101261963,77580,5,2,9101,91.01,9192.01,1766683642,0
144572248,77580,1,2,2624,26.24,2650.24,1766731225,0
132682384,77580,1,2,9946,99.46,10045.46,1766739280,0
131865122,77580,3,2,44114,441.14,44555.14,1766890291,0
149296538,77580,1,4,122849,1228.49,124077.49,1766944486,0
147408838,77580,3,2,3235,32.35,3267.35,1767187660,0
109654077,77625,1,1,22851,228.51,23079.51,1764570363,1
115987146,77625,4,3,14256,142.56,14398.56,1764850913,0
117262695,77625,3,4,918,9.18,927.18,1764874591,0
136641214,77625,2,4,3340,33.4,3373.4,1765024836,0
108230911,77625,1,2,9041,90.41,9131.41,1765110764,0
124014478,77625,3,4,4521,45.21,4566.21,1765274245,0
102243761,77625,4,2,17716,177.16,17893.16,1765932706,0
129780808,77625,2,5,3482,34.82,3516.82,1766075353,0
128812271,77625,1,4,50759,507.59,51266.59,1766494799,0
110859551,77625,3,4,9892,98.92,9990.92,1766924091,0
148925889,77625,4,4,3767,37.67,3804.67,1767182686,0
147207883,77786,2,4,213,2.13,215.13,1764763701,1
118712351,77786,3,2,266,2.66,268.66,1764880079,0
102368782,77786,2,4,253,2.53,255.53,1765660755,0
126049768,77797,4,2,13187,131.87,13318.87,1764558047,1
134277694,77797,4,2,10044,100.44,10144.44,1764599653,0
126256147,77797,4,4,2359,23.59,2382.59,1764783440,0
142781790,77797,5,2,58471,584.71,59055.71,1764809535,0
119464809,77797,5,4,3483,34.83,3517.83,1764851182,0
105554267,77797,5,2,5591,55.91,5646.91,1765022605,0
145443553,77797,4,1,76523,765.23,77288.23,1765245669,0
136985010,77797,4,5,3000,30,3030,1765456551,0
122147178,77797,2,2,4814,48.14,4862.14,1765628801,0
120578694,77797,2,2,2936,29.36,2965.36,1765680482,0
126910785,77797,4,4,808,8.08,816.08,1765700727,0
140596998,77797,3,2,2100,21,2121,1765716309,0
119851134,77797,5,4,15658,156.58,15814.58,1765846348,0
122597195,77797,4,4,1780,17.8,1797.8,1765972379,0
125082317,77797,3,2,1433,14.33,1447.33,1766078551,0
122746164,77797,4,4,11344,113.44,11457.44,1766092179,0
125300691,77797,1,1,3738,37.38,3775.38,1766684470,0
142125072,77877,1,NA,420,4.2,424.2,1766319919,1
108263142,78402,4,4,294,2.94,296.94,1764764871,1
130281568,78606,3,2,49134,491.34,49625.34,1764610371,1
111773272,78606,3,2,13327,133.27,13460.27,1764936720,0
133030330,78606,2,5,2857,28.57,2885.57,1765080339,0
109812941,78606,2,2,3253,32.53,3285.53,1765127927,0
144310112,78606,2,3,3569,35.69,3604.69,1765292658,0
108420614,78606,4,2,1898,18.98,1916.98,1765459597,0
121098785,78606,4,NA,19503,195.03,19698.03,1765540044,0
136346475,78606,4,2,32790,327.9,33117.9,1765794729,0
129844141,78606,4,1,3952,39.52,3991.52,1765819446,0
116730531,78606,1,4,17864,178.64,18042.64,1765824658,0
134523405,78606,3,4,76709,767.09,77476.09,1765943750,0
125496939,78606,2,1,6233,62.33,6295.33,1766290329,0
118034799,78606,5,5,15614,156.14,15770.14,1767161056,0
141743202,78606,3,2,3003,30.03,3033.03,1767184729,0
107345768,78739,1,1,129,1.29,130.29,1764677411,1
147770658,78878,2,1,464,4.64,468.64,1766744671,1
105312389,78882,4,2,122,1.22,123.22,1765559500,1
126468434,78882,3,3,287,2.87,289.87,1766598124,0
126010649,78915,NA,4,290,2.9,292.9,1765690110,1
103972239,78951,1,4,1205,12.05,1217.05,1764630195,1
126369084,78951,2,1,8237,82.37,8319.37,1764917010,0
106745051,78951,3,4,3205,32.05,3237.05,1765042638,0
121853624,78951,1,4,3298,32.98,3330.98,1765150026,0
133484629,78951,1,4,1007,10.07,1017.07,1765292796,0
117869315,78951,1,4,49027,490.27,49517.27,1765573799,0
129778987,78951,2,2,1257,12.57,1269.57,1765615883,0
128661037,78951,1,4,16717,167.17,16884.17,1765714717,0
116498297,78951,4,5,60321,603.21,60924.21,1766190636,0
142243829,78951,2,2,50405,504.05,50909.05,1766233632,0
138766053,78951,NA,2,9642,96.42,9738.42,1766241932,0
112487815,78951,3,2,4453,44.53,4497.53,1766457073,0
124755539,78951,2,4,43109,431.09,43540.09,1766941958,0
115076107,78951,3,4,995,9.95,1004.95,1767171665,0
108462677,79066,5,3,295,2.95,297.95,1765456627,1
110631717,79100,3,1,166,1.66,167.66,1764680043,1
138429260,79100,5,1,290,2.9,292.9,1766250900,0
104495122,79104,1,2,194,1.94,195.94,1766816417,1
130124972,79104,3,2,131,1.31,132.31,1766925624,0
118984241,79240,2,2,66,0.66,66.66,1765042833,1
117452405,79304,1,4,455,4.55,459.55,1765736126,1
101926172,79327,4,1,178,1.78,179.78,1765003008,1
111164175,79327,5,4,205,2.05,207.05,1766222134,0
102417746,79327,2,4,191,1.91,192.91,1766321637,0
102058102,79327,5,4,224,2.24,226.24,1766405670,0
107817931,79327,3,5,402,4.02,406.02,1766658440,0
113203746,79397,4,1,116,1.16,117.16,1766509260,1
101313775,79397,2,2,130,1.3,131.3,1767117294,0
136016876,79627,4,5,140,1.4,141.4,1766319288,1
127544029,79732,1,4,297,2.97,299.97,1766891302,1
129461929,79799,1,5,279,2.79,281.79,1766179364,1
117560971,79799,4,4,148,1.48,149.48,1766249076,0
148337486,79832,3,4,233,2.33,235.33,1764944875,1
112755629,79832,4,5,428,4.28,432.28,1765781528,0
105352465,79928,2,4,350,3.5,353.5,1766704474,1
140099940,80005,2,2,173,1.73,174.73,1765046841,1
117136231,80005,3,5,329,3.29,332.29,1765115287,0
139529125,80005,3,2,244,2.44,246.44,1765868781,0
127970075,80005,NA,5,246,2.46,248.46,1766024121,0
111790844,80007,NA,2,399,3.99,402.99,1767191710,1
128269929,80026,4,4,92,0.92,92.92,1765515350,1
122567243,80026,5,4,101,1.01,102.01,1765870638,0
100644787,80029,2,2,277,2.77,279.77,1765782693,1
138876324,80053,5,4,250,2.5,252.5,1766810015,1
133223088,80201,4,4,471,4.71,475.71,1764651777,1
126924880,80201,5,4,160,1.6,161.6,1765631266,0
142717754,80201,5,3,280,2.8,282.8,1766125671,0
100639061,80446,3,2,342,3.42,345.42,1765383131,1
138011179,80446,4,4,261,2.61,263.61,1765559131,0
123213456,80467,4,2,213,2.13,215.13,1764967502,1
138057484,80529,2,2,332,3.32,335.32,1766082924,1
123209231,80529,1,1,222,2.22,224.22,1766165750,0
141027356,80529,3,1,633,6.33,639.33,1766956254,0
126430747,80939,4,5,5433,54.33,5487.33,1765037393,1
118595891,80939,2,4,4334,43.34,4377.34,1765127059,0
125936323,80939,1,2,56715,567.15,57282.15,1765248613,0
126700669,80939,5,NA,2455,24.55,2479.55,1765301188,0
119971519,80939,3,1,3717,37.17,3754.17,1765349405,0
117347369,80939,4,5,65529,655.29,66184.29,1765469655,0
119313646,80939,3,4,12487,124.87,12611.87,1765541302,0
102504699,80939,3,4,1240,12.4,1252.4,1765611508,0
127694900,80939,4,4,2811,28.11,2839.11,1765636269,0
117037553,80939,1,4,34914,349.14,35263.14,1766146262,0
109442840,80939,2,4,2067,20.67,2087.67,1766240865,0
147951266,80939,5,2,6015,60.15,6075.15,1766406131,0
114882387,80939,4,4,4126,41.26,4167.26,1766768436,0
120422077,80939,4,4,2368,23.68,2391.68,1766787598,0
117746051,80939,5,4,1118,11.18,1129.18,1767026790,0
134026490,80939,5,2,4330,43.3,4373.3,1767108655,0
129813222,80950,5,3,297,2.97,299.97,1764868092,1
104346642,80950,5,2,247,2.47,249.47,1764884536,0
148426753,80950,3,5,646,6.46,652.46,1766127078,0
123375653,80950,5,5,282,2.82,284.82,1766558772,0
126873560,80950,4,3,289,2.89,291.89,1766977406,0
129227079,81041,3,2,80476,804.76,81280.76,1764708929,1
139572745,81041,4,4,3987,39.87,4026.87,1764988856,0
117393249,81041,4,1,8836,88.36,8924.36,1765023167,0
106683222,81041,2,4,19595,195.95,19790.95,1765126482,0
119026357,81041,NA,4,1967,19.67,1986.67,1765370880,0
121617973,81041,4,3,8411,84.11,8495.11,1765379061,0
123342320,81041,5,2,3680,36.8,3716.8,1765428182,0
137506256,81041,1,4,1882,18.82,1900.82,1765776456,0
140967763,81041,2,5,2973,29.73,3002.73,1766479212,0
103446711,81041,3,4,13716,137.16,13853.16,1766657274,0
101710739,81041,3,2,15634,156.34,15790.34,1767164089,0
101961984,81059,4,2,245,2.45,247.45,1765826168,1
113157641,81059,2,2,217,2.17,219.17,1766298539,0
102089776,81059,5,2,178,1.78,179.78,1766856458,0
116385002,81059,3,3,273,2.73,275.73,1766911747,0
133423753,81129,2,1,15539,155.39,15694.39,1764791380,1
102419404,81129,3,2,48185,481.85,48666.85,1764998114,0
126664789,81129,1,2,991,9.91,1000.91,1765111218,0
141769717,81129,3,2,3909,39.09,3948.09,1765457959,0
104101675,81129,1,4,14180,141.8,14321.8,1765820171,0
107435673,81129,5,5,2806,28.06,2834.06,1766321681,0
119800154,81129,4,2,18606,186.06,18792.06,1766400387,0
103668417,81129,3,4,14345,143.45,14488.45,1766579401,0
119822472,81129,3,2,1383,13.83,1396.83,1766643779,0
130300572,81129,3,2,12369,123.69,12492.69,1766675756,0
114658425,81129,4,2,1838,18.38,1856.38,1766726240,0
108795150,81129,1,2,1941,19.41,1960.41,1766914922,0
113881305,81129,3,1,17754,177.54,17931.54,1767010299,0
108467586,81129,1,4,17867,178.67,18045.67,1767012811,0
107199934,81129,2,2,1569,15.69,1584.69,1767157404,0
104011276,81132,2,4,300,3,303,1767028302,1
104455402,81132,5,4,151,1.51,152.51,1767098108,0
143033100,81142,5,4,140,1.4,141.4,1765157855,1
126590735,81142,3,2,166,1.66,167.66,1765474357,0
145264525,81159,4,4,126,1.26,127.26,1765018940,1
137022509,81170,5,2,468,4.68,472.68,1766644063,1
148010112,81170,3,2,452,4.52,456.52,1766976233,0
148506562,81170,3,4,374,3.74,377.74,1767114012,0
138271418,81184,1,4,200,2,202,1765973539,1
102744263,81234,3,1,625,6.25,631.25,1765859745,1
127920470,81234,3,1,200,2,202,1766666958,0
109710323,81363,5,4,1138,11.38,1149.38,1765732850,1
140717390,81366,4,2,276,2.76,278.76,1764781820,1
100763492,81366,1,2,117,1.17,118.17,1766751062,0
144526855,81403,5,4,5101,51.01,5152.01,1764543761,1
147850884,81403,4,2,1469,14.69,1483.69,1764569816,0
125461687,81403,3,4,19592,195.92,19787.92,1764586466,0
133207235,81403,4,4,11545,115.45,11660.45,1764830372,0
127256895,81403,3,2,2402,24.02,2426.02,1764831310,0
139510780,81403,2,1,2796,27.96,2823.96,1764917678,0
146801504,81403,4,2,2960,29.6,2989.6,1765160434,0
107028581,81403,4,4,106881,1068.81,107949.81,1765180052,0
114859807,81403,4,2,1557,15.57,1572.57,1765551348,0
124270347,81403,4,2,11104,111.04,11215.04,1765618367,0
128289298,81403,2,2,2802,28.02,2830.02,1765761765,0
100317565,81403,2,4,5288,52.88,5340.88,1766370675,0
132718542,81403,2,4,3210,32.1,3242.1,1766429054,0
146567243,81403,5,1,1700,17,1717,1766515056,0
126112363,81403,5,2,76344,763.44,77107.44,1766642733,0
123361810,81403,2,4,997,9.97,1006.97,1766663757,0
138834586,81403,2,5,3396,33.96,3429.96,1766664468,0
124044563,81403,1,2,13588,135.88,13723.88,1766941591,0
135283265,81403,2,4,35871,358.71,36229.71,1767037070,0
108549887,81633,4,5,348,3.48,351.48,1765462777,1
139081006,81633,2,NA,463,4.63,467.63,1766990169,0
122862759,81639,5,2,242,2.42,244.42,1766131477,1
131155028,81744,3,3,395,3.95,398.95,1765456726,1
133529649,81760,2,3,188,1.88,189.88,1764954628,1
144045419,81760,1,4,89,0.89,89.89,1766306205,0
137464035,81760,3,4,229,2.29,231.29,1766926667,0
104545526,81950,1,4,563,5.63,568.63,1764737225,1
132048776,82029,1,5,288,2.88,290.88,1765541152,1
149627238,82086,1,2,163,1.63,164.63,1765110154,1
102785653,82086,4,4,136,1.36,137.36,1766213557,0
133314371,82149,2,5,281,2.81,283.81,1765677369,1
135477595,82174,4,1,276,2.76,278.76,1765905472,1
140797621,82205,2,2,272,2.72,274.72,1765041556,1
121320353,82205,1,4,133,1.33,134.33,1765370386,0
115284168,82210,3,2,11253,112.53,11365.53,1765041015,1
103017748,82210,3,4,90886,908.86,91794.86,1765246132,0
128485492,82210,3,2,2743,27.43,2770.43,1765298557,0
102428258,82210,5,2,3772,37.72,3809.72,1765386747,0
104221097,82210,4,5,31598,315.98,31913.98,1765605766,0
110948625,82210,2,3,2356,23.56,2379.56,1765662000,0
100188482,82210,5,2,3937,39.37,3976.37,1765866939,0
116211863,82210,1,2,7705,77.05,7782.05,1766012942,0
110998513,82210,3,5,29615,296.15,29911.15,1766210610,0
130626245,82210,4,2,9543,95.43,9638.43,1766369875,0
126597669,82210,5,4,2973,29.73,3002.73,1766404828,0
113848528,82210,3,2,1448,14.48,1462.48,1766481093,0
146341624,82210,2,4,59745,597.45,60342.45,1766598657,0
141101813,82210,4,2,68351,683.51,69034.51,1766752720,0
142121172,82221,1,4,265,2.65,267.65,1766878215,1
100232444,82250,1,2,283,2.83,285.83,1765184983,1
128998205,82331,2,2,807,8.07,815.07,1766547950,1
120604502,82361,1,4,98,0.98,98.98,1764763536,1
106156956,82448,5,4,366,3.66,369.66,1767140685,1
113125745,82448,4,2,807,8.07,815.07,1767188748,0
121865685,82496,4,2,253,2.53,255.53,1765442627,1
100280816,82641,5,1,150,1.5,151.5,1765578439,1
101393119,82641,1,2,306,3.06,309.06,1766984895,0
129299022,82641,5,2,547,5.47,552.47,1766990766,0
113613220,82662,1,3,376,3.76,379.76,1765818805,1
134189194,82662,5,5,274,2.74,276.74,1766912538,0
132901632,82703,1,1,389,3.89,392.89,1765644052,1
101219048,82703,2,4,160,1.6,161.6,1765714445,0
132958008,82703,4,2,371,3.71,374.71,1766490912,0
114446842,82703,5,3,269,2.69,271.69,1766820293,0
135512838,82798,5,4,24175,241.75,24416.75,1764863981,1
110987655,82798,3,5,3548,35.48,3583.48,1764901043,0
143784338,82798,3,4,1069,10.69,1079.69,1764919711,0
145045768,82798,3,2,2747,27.47,2774.47,1765815735,0
114588314,82798,1,4,2259,22.59,2281.59,1765866052,0
138745554,82798,3,4,18029,180.29,18209.29,1766020419,0
140140527,82798,5,4,13138,131.38,13269.38,1766206567,0
143877193,82798,NA,2,5044,50.44,5094.44,1766211294,0
146460480,82798,5,4,1346,13.46,1359.46,1766265347,0
105741906,82798,1,4,8524,85.24,8609.24,1766619566,0
119125807,82798,5,4,6492,64.92,6556.92,1767180662,0
106848761,82849,2,4,295,2.95,297.95,1765042938,1
140719101,82849,2,3,289,2.89,291.89,1766643146,0
145591231,82988,1,2,19004,190.04,19194.04,1764688311,1
122130948,82988,5,2,62672,626.72,63298.72,1765002519,0
146040451,82988,4,4,3748,37.48,3785.48,1765295364,0
123626776,82988,5,2,3430,34.3,3464.3,1765300647,0
118205596,82988,1,5,9517,95.17,9612.17,1765588733,0
107199623,82988,2,4,42517,425.17,42942.17,1765676232,0
141868362,82988,5,2,7630,76.3,7706.3,1766041590,0
133223022,82988,3,2,5504,55.04,5559.04,1766224093,0
118239631,82988,2,2,35109,351.09,35460.09,1766538478,0
138489336,82988,3,4,1453,14.53,1467.53,1766990245,0
132370102,83031,5,2,3940,39.4,3979.4,1764678687,1
102799490,83031,4,4,10915,109.15,11024.15,1764781259,0
138565384,83031,5,2,1632,16.32,1648.32,1764917165,0
123857702,83031,1,1,43516,435.16,43951.16,1765039287,0
134479498,83031,1,5,844,8.44,852.44,1765119515,0
104041929,83031,5,2,8220,82.2,8302.2,1765179280,0
102948825,83031,1,5,54828,548.28,55376.28,1765748256,0
129386381,83031,1,4,98203,982.03,99185.03,1765845718,0
136990956,83031,5,2,14195,141.95,14336.95,1766122670,0
109854040,83031,3,2,1533,15.33,1548.33,1766407690,0
144520251,83031,5,5,4521,45.21,4566.21,1766408595,0
107575585,83031,1,3,81782,817.82,82599.82,1766486392,0
119947632,83031,1,1,6506,65.06,6571.06,1766510998,0
107153862,83031,4,2,868,8.68,876.68,1766847233,0
112666751,83031,4,2,2780,27.8,2807.8,1766854931,0
114004445,83031,4,1,11286,112.86,11398.86,1767118521,0
115345769,83031,5,2,11887,118.87,12005.87,1767182608,0
106032033,83047,1,3,447,4.47,451.47,1764665981,1
128182491,83047,5,2,335,3.35,338.35,1765316256,0
138593866,83047,4,3,636,6.36,642.36,1765791375,0
122597254,83056,2,2,406,4.06,410.06,1765235553,1
131023439,83157,1,4,206,2.06,208.06,1765714907,1
117624872,83157,1,1,889,8.89,897.89,1765972111,0
140106171,83236,4,2,525,5.25,530.25,1764563485,1
142991364,83350,2,3,111,1.11,112.11,1764656741,1
142922739,83350,1,1,655,6.55,661.55,1766991270,0
110809070,83646,3,4,354,3.54,357.54,1764868035,1
100747755,83646,4,4,160,1.6,161.6,1765558920,0
119430375,83646,3,2,573,5.73,578.73,1766940730,0
127049950,83675,1,1,142,1.42,143.42,1765474340,1
111826732,83675,3,4,398,3.98,401.98,1767122243,0
116261210,83719,5,5,262,2.62,264.62,1764696368,1
149237653,83719,NA,4,101,1.01,102.01,1764907403,0
146307800,83719,4,3,173,1.73,174.73,1766926640,0
112000007,83719,3,5,280,2.8,282.8,1766926737,0
101666179,83726,4,5,530,5.3,535.3,1764572300,1
121544713,83726,2,4,634,6.34,640.34,1766034078,0
145288471,84117,2,2,707,7.07,714.07,1766989064,1
112012464,84141,1,5,278,2.78,280.78,1764570440,1
127158033,84141,5,4,244,2.44,246.44,1765369527,0
133106780,84141,3,4,290,2.9,292.9,1765397624,0
129511659,84235,3,3,182,1.82,183.82,1765628803,1
126701931,84235,2,2,217,2.17,219.17,1766276331,0
145309478,84313,3,4,274,2.74,276.74,1767010113,1
128432118,84430,3,5,182,1.82,183.82,1764938804,1
140216762,84430,4,3,788,7.88,795.88,1766586321,0
144900197,84623,2,4,227,2.27,229.27,1766166140,1
111097964,84642,2,4,317,3.17,320.17,1764601739,1
142920871,84642,2,3,300,3,303,1766060806,0
134022244,84642,5,2,193,1.93,194.93,1766471791,0
142543443,84780,1,2,27871,278.71,28149.71,1764614541,1
124663687,84780,3,2,14351,143.51,14494.51,1764771107,0
137836550,84780,5,3,1596,15.96,1611.96,1765173697,0
102357382,84780,2,3,36695,366.95,37061.95,1765888083,0
113829948,84780,5,5,33777,337.77,34114.77,1766159706,0
113937324,84780,5,2,4035,40.35,4075.35,1766366557,0
147433836,84780,4,4,49216,492.16,49708.16,1766856950,0
131962174,84780,3,4,36232,362.32,36594.32,1767010298,0
144992352,84780,2,4,1976,19.76,1995.76,1767161654,0
131363576,84780,5,2,54449,544.49,54993.49,1767181968,0
119183944,84790,5,4,299,2.99,301.99,1764879676,1
123239120,84790,5,2,123,1.23,124.23,1764977954,0
104043951,84790,5,4,88,0.88,88.88,1765499704,0
127831056,84790,1,5,346,3.46,349.46,1766557801,0
146593022,84986,2,2,2288,22.88,2310.88,1764688417,1
135948991,84986,2,4,18961,189.61,19150.61,1764986239,0
108827744,84986,2,2,6483,64.83,6547.83,1765130398,0
120813060,84986,4,1,1100,11,1111,1765513042,0
125479701,84986,1,4,4179,41.79,4220.79,1766012012,0
100922551,84986,5,4,11769,117.69,11886.69,1766126686,0
146562786,84986,2,4,3571,35.71,3606.71,1766385918,0
146344998,84986,3,2,6387,63.87,6450.87,1766880076,0
149467523,84998,NA,4,469,4.69,473.69,1765173756,1
127863008,85000,3,4,2561,25.61,2586.61,1764781239,1
143428555,85000,3,5,2191,21.91,2212.91,1765005338,0
122849168,85000,3,4,91973,919.73,92892.73,1765311628,0
111277470,85000,4,4,13867,138.67,14005.67,1765371465,0
136747402,85000,5,4,3456,34.56,3490.56,1765474369,0
134538563,85000,4,2,40499,404.99,40903.99,1765550183,0
113560127,85000,3,4,6097,60.97,6157.97,1765692786,0
143352060,85000,3,4,6442,64.42,6506.42,1765780008,0
134457435,85000,2,3,3696,36.96,3732.96,1765789680,0
102107407,85000,5,2,13932,139.32,14071.32,1765888286,0
144753804,85000,2,1,9602,96.02,9698.02,1765975782,0
107315468,85000,4,2,9926,99.26,10025.26,1766924785,0
123497667,85000,3,4,22264,222.64,22486.64,1767009711,0
109389375,85000,3,2,1471,14.71,1485.71,1767098177,0
107615338,85017,2,3,493,4.93,497.93,1764524542,1
105429011,85017,1,3,290,2.9,292.9,1764873046,0
101039126,85017,3,2,576,5.76,581.76,1765802525,0
125344575,85251,1,2,245,2.45,247.45,1765018262,1
144322788,85251,2,3,164,1.64,165.64,1766258182,0
130017023,85274,2,2,288,2.88,290.88,1765215156,1
140862157,85274,4,3,98,0.98,98.98,1765360755,0
126829919,85274,5,5,257,2.57,259.57,1766424906,0
137723419,85298,5,4,286,2.86,288.86,1766227167,1
127624874,85298,1,2,361,3.61,364.61,1766941661,0
113871565,85306,1,2,130,1.3,131.3,1764853099,1
133085891,85349,2,2,185,1.85,186.85,1764696266,1
129035283,85349,4,5,99,0.99,99.99,1765904924,0
127364424,85358,3,4,143,1.43,144.43,1765349882,1
135774119,85370,2,1,369,3.69,372.69,1766669977,1
137491444,85542,4,4,125,1.25,126.25,1765103570,1
129226692,85542,4,2,117,1.17,118.17,1766730114,0
110479992,85542,4,5,164,1.64,165.64,1767093901,0
128413061,85653,1,4,121,1.21,122.21,1764677141,1
136462676,85681,3,4,81,0.81,81.81,1765008124,1
112001628,85681,1,3,295,2.95,297.95,1765097718,0
133406205,85681,2,2,484,4.84,488.84,1765812922,0
145778067,85700,4,2,455,4.55,459.55,1764539062,1
139481328,85700,1,5,582,5.82,587.82,1766769724,0
121018009,85752,1,3,805,8.05,813.05,1767179529,1
138376902,85833,3,2,124,1.24,125.24,1765565423,1
112704528,85834,4,4,19503,195.03,19698.03,1764649642,1
132877926,85834,1,4,39046,390.46,39436.46,1765129032,0
135697395,85834,2,2,4211,42.11,4253.11,1765176167,0
145264357,85834,5,4,3822,38.22,3860.22,1765382868,0
136969209,85834,1,4,1642,16.42,1658.42,1765476472,0
148162770,85834,NA,4,12446,124.46,12570.46,1765530630,0
126812349,85834,4,1,1882,18.82,1900.82,1765541471,0
132371260,85834,4,2,4258,42.58,4300.58,1766399348,0
127054090,85834,5,4,9403,94.03,9497.03,1766403282,0
142653760,85834,3,4,3153,31.53,3184.53,1766492264,0
135088123,85834,4,2,65905,659.05,66564.05,1766644320,0
134606319,85834,4,2,13751,137.51,13888.51,1766770341,0
131501123,86002,3,5,149,1.49,150.49,1767075886,1
138781303,86018,3,4,111,1.11,112.11,1766729204,1
134790904,86131,1,4,178,1.78,179.78,1765473783,1
129833003,86216,2,2,374,3.74,377.74,1766696420,1
142071484,86351,1,4,217,2.17,219.17,1765541218,1
142662444,86393,1,4,268,2.68,270.68,1764678482,1
103877804,86393,1,4,254,2.54,256.54,1765596819,0
122283752,86393,4,2,239,2.39,241.39,1766701902,0
129506682,86435,3,2,405,4.05,409.05,1766579952,1
132377990,86532,2,2,1565,15.65,1580.65,1764520228,1
129973285,86532,1,2,17817,178.17,17995.17,1764765183,0
115366455,86532,4,5,7185,71.85,7256.85,1765098964,0
127689758,86532,5,4,1689,16.89,1705.89,1765129002,0
110740516,86532,4,4,3511,35.11,3546.11,1765257472,0
121026375,86532,5,4,77319,773.19,78092.19,1765441440,0
126768540,86532,2,1,3802,38.02,3840.02,1765478001,0
112542084,86532,4,2,2641,26.41,2667.41,1765543599,0
117538085,86532,2,1,31725,317.25,32042.25,1765633762,0
103745092,86532,4,4,1577,15.77,1592.77,1766048360,0
114866135,86532,1,4,1845,18.45,1863.45,1766253267,0
141914473,86532,1,NA,113356,1133.56,114489.56,1766341913,0
105078830,86532,5,5,21944,219.44,22163.44,1766423784,0
106366273,86532,5,2,53325,533.25,53858.25,1766691972,0
121649569,86532,3,4,822,8.22,830.22,1766713630,0
115281291,86532,3,2,10791,107.91,10898.91,1766904142,0
142742745,86532,3,2,2546,25.46,2571.46,1766905249,0
138647668,86532,5,4,1949,19.49,1968.49,1767117316,0
126101094,86532,4,2,7445,74.45,7519.45,1767164257,0
138846913,86618,5,3,193,1.93,194.93,1766750952,1
105271160,86687,2,2,151,1.51,152.51,1766190085,1
108446545,86958,2,3,196,1.96,197.96,1766231480,1
136896860,87137,4,2,94877,948.77,95825.77,1764658024,1
120294925,87137,5,2,14275,142.75,14417.75,1764839976,0
116306104,87137,2,2,7091,70.91,7161.91,1765002656,0
133690050,87137,4,2,1101,11.01,1112.01,1765101536,0
118407961,87137,3,2,9808,98.08,9906.08,1765283691,0
104494929,87137,3,2,2908,29.08,2937.08,1765546373,0
140835053,87137,5,3,1643,16.43,1659.43,1765606605,0
149264603,87137,3,2,61316,613.16,61929.16,1765787304,0
111817267,87137,5,2,1282,12.82,1294.82,1766060815,0
132381231,87137,1,2,2174,21.74,2195.74,1766130751,0
138254424,87137,1,4,106881,1068.81,107949.81,1766400777,0
109661915,87137,1,2,4950,49.5,4999.5,1766411988,0
125009555,87137,3,4,4017,40.17,4057.17,1766561787,0
114546200,87137,4,2,8687,86.87,8773.87,1766666594,0
146731086,87137,3,1,3770,37.7,3807.7,1767157037,0
141129086,87175,2,3,488,4.88,492.88,1765257197,1
102907205,87175,1,2,241,2.41,243.41,1766657391,0
143465553,87190,2,4,300,3,303,1766454105,1
142617518,87190,2,2,220,2.2,222.2,1767108472,0
133676545,87220,3,2,14950,149.5,15099.5,1764529400,1
134191318,87220,2,2,80596,805.96,81401.96,1764713111,0
110650250,87220,4,2,8054,80.54,8134.54,1764867716,0
104402054,87220,1,5,2878,28.78,2906.78,1765605666,0
107256080,87220,1,4,10188,101.88,10289.88,1765819292,0
146094025,87220,2,3,17276,172.76,17448.76,1765847899,0
110190338,87220,3,2,8406,84.06,8490.06,1766017834,0
126746032,87220,2,2,101964,1019.64,102983.64,1766949137,0
111288615,87309,2,5,12008,120.08,12128.08,1764608501,1
142101026,87309,5,4,5447,54.47,5501.47,1764615178,0
140719276,87309,5,3,12632,126.32,12758.32,1765450214,0
131149581,87309,4,5,5350,53.5,5403.5,1765483107,0
143733707,87309,1,2,60936,609.36,61545.36,1765629517,0
130548656,87309,4,2,3479,34.79,3513.79,1765974594,0
105713259,87309,2,2,38658,386.58,39044.58,1766061501,0
141918525,87309,5,2,62593,625.93,63218.93,1766231949,0
118567655,87309,3,2,1774,17.74,1791.74,1766696012,0
148946711,87612,4,4,108,1.08,109.08,1765089564,1
112867264,87612,4,4,325,3.25,328.25,1765248037,0
107449197,87680,4,2,9610,96.1,9706.1,1764522010,1
131555805,87680,1,4,67914,679.14,68593.14,1764784058,0
104935351,87680,1,4,3949,39.49,3988.49,1764798449,0
132446233,87680,3,2,12046,120.46,12166.46,1764978299,0
117372102,87680,3,2,3264,32.64,3296.64,1765255367,0
127639888,87680,5,2,16243,162.43,16405.43,1765371059,0
105564561,87680,1,2,1782,17.82,1799.82,1765400125,0
141861922,87680,5,4,3567,35.67,3602.67,1765420804,0
135715210,87680,3,4,13419,134.19,13553.19,1765888751,0
111122641,87680,5,2,9698,96.98,9794.98,1766039490,0
119165373,87680,4,2,1851,18.51,1869.51,1766146646,0
104863151,87680,5,3,45106,451.06,45557.06,1766434614,0
118216270,87680,3,4,16146,161.46,16307.46,1766454092,0
115620474,87680,5,2,3704,37.04,3741.04,1766815325,0
102993782,87680,1,4,2889,28.89,2917.89,1766817938,0
129345546,87680,NA,2,1324,13.24,1337.24,1766924473,0
137537332,87680,5,4,1361,13.61,1374.61,1767175170,0
123067976,87775,3,2,106,1.06,107.06,1765112018,1
108666687,87775,5,4,258,2.58,260.58,1766818436,0
134083280,87775,5,2,291,2.91,293.91,1767011183,0
148006369,87859,4,4,120,1.2,121.2,1766001302,1
129100240,88009,2,1,168,1.68,169.68,1765520742,1
109615563,88009,5,3,308,3.08,311.08,1766211926,0
126883899,88009,2,1,408,4.08,412.08,1766498789,0
129797157,88067,4,2,286,2.86,288.86,1766817157,1
145195322,88130,4,2,84,0.84,84.84,1765023518,1
109614718,88130,2,2,568,5.68,573.68,1767004408,0
113512045,88238,1,3,598,5.98,603.98,1766267716,1
139455157,88309,3,4,9731,97.31,9828.31,1765036725,1
112899005,88309,4,2,2132,21.32,2153.32,1765090324,0
109044225,88309,1,3,1924,19.24,1943.24,1765455625,0
139628733,88309,4,2,11769,117.69,11886.69,1765479810,0
123792981,88309,1,4,899,8.99,907.99,1765590773,0
136154524,88309,3,1,11949,119.49,12068.49,1765688752,0
125174374,88309,1,2,929,9.29,938.29,1766122877,0
116666865,88309,5,2,6176,61.76,6237.76,1766210698,0
140527019,88309,4,3,17174,171.74,17345.74,1766408196,0
130609857,88309,1,4,3717,37.17,3754.17,1766511026,0
108666374,88309,5,2,8144,81.44,8225.44,1766603666,0
132748340,88309,4,2,1149,11.49,1160.49,1766664773,0
122617575,88309,5,NA,6015,60.15,6075.15,1767006031,0
103991076,88309,3,2,33763,337.63,34100.63,1767062204,0
100809110,88442,2,2,89918,899.18,90817.18,1764687566,1
109129197,88442,2,2,9890,98.9,9988.9,1764768914,0
140702884,88442,5,1,1471,14.71,1485.71,1764915636,0
130321938,88442,2,4,1791,17.91,1808.91,1765102107,0
137627311,88442,4,2,71830,718.3,72548.3,1765434547,0
138033056,88442,4,2,3625,36.25,3661.25,1765991290,0
137833236,88442,1,4,33153,331.53,33484.53,1766239244,0
119940377,88442,3,2,4441,44.41,4485.41,1766369341,0
104789963,88442,4,2,20687,206.87,20893.87,1766370672,0
139761960,88442,3,1,16576,165.76,16741.76,1766388471,0
133809231,88442,2,4,120708,1207.08,121915.08,1766406606,0
149634166,88442,5,2,6950,69.5,7019.5,1766438435,0
114779719,88442,5,2,3144,31.44,3175.44,1766523292,0
127752550,88442,3,4,12877,128.77,13005.77,1766801371,0
143167061,88442,5,2,2507,25.07,2532.07,1767030963,0
129540827,88442,3,5,1770,17.7,1787.7,1767129730,0
102368865,88455,1,4,267,2.67,269.67,1765242931,1
104143397,88472,3,3,105,1.05,106.05,1766078373,1
138932933,88514,5,2,435,4.35,439.35,1764657294,1
129378323,88514,4,3,437,4.37,441.37,1766449316,0
114707861,88584,4,4,114,1.14,115.14,1764914286,1
117127982,88584,3,4,198,1.98,199.98,1765636732,0
134186548,88653,1,3,498,4.98,502.98,1764595975,1
130222675,88653,5,2,627,6.27,633.27,1765628574,0
138763885,88695,1,3,289,2.89,291.89,1765119307,1
100339906,88695,3,2,313,3.13,316.13,1766974930,0
133546100,88727,2,5,226,2.26,228.26,1766295388,1
109105705,88781,4,4,121,1.21,122.21,1766902245,1
130030179,88926,1,2,384,3.84,387.84,1767027973,1
103517090,88926,1,5,537,5.37,542.37,1767098621,0
147321741,88962,1,3,347,3.47,350.47,1766097988,1
102225306,88992,1,2,19410,194.1,19604.1,1764524757,1
146790315,88992,2,4,16146,161.46,16307.46,1764611311,0
126744527,88992,5,4,2680,26.8,2706.8,1765627782,0
147471467,88992,2,2,52279,522.79,52801.79,1766037982,0
110479944,88992,5,4,11576,115.76,11691.76,1766126441,0
125420998,88992,5,2,2853,28.53,2881.53,1766165011,0
107568997,88992,4,4,13751,137.51,13888.51,1766212219,0
125857740,88992,4,2,10792,107.92,10899.92,1766260239,0
147698826,88992,4,2,17745,177.45,17922.45,1766415176,0
116140922,88992,1,4,2876,28.76,2904.76,1767096985,0
117293319,89009,5,5,308,3.08,311.08,1766164500,1
137366155,89085,4,5,510,5.1,515.1,1765193534,1
143405826,89085,2,4,430,4.3,434.3,1765302655,0
112405417,89085,1,2,162,1.62,163.62,1765568270,0
112885336,89096,4,2,164,1.64,165.64,1765185064,1
111019010,89096,3,4,300,3,303,1766837896,0
138955912,89096,1,2,236,2.36,238.36,1767141861,0
120375623,89106,5,2,306,3.06,309.06,1765260061,1
119419813,89106,3,4,254,2.54,256.54,1766421318,0
148591131,89106,5,4,238,2.38,240.38,1766806383,0
149601895,89235,3,4,280,2.8,282.8,1765174038,1
122166699,89237,5,4,109,1.09,110.09,1766511395,1
142043097,89406,3,4,430,4.3,434.3,1767076259,1
121972137,89511,5,5,767,7.67,774.67,1767083766,1
147993268,89748,3,2,162,1.62,163.62,1765265568,1
128601978,89748,4,3,260,2.6,262.6,1766815416,0
122810915,89877,4,5,69,0.69,69.69,1766233360,1
135073782,89921,4,4,376,3.76,379.76,1765352174,1
149345080,89921,1,3,253,2.53,255.53,1765854098,0
